sample_id,question,answer,label,difficulty,category,raw_output,pred,pred_filled
0,Do mitochondria play a role in remodelling lace plant leaves during programmed cell death?,"Results depicted mitochondrial dynamics in vivo as PCD progresses within the lace plant, and highlight the correlation of this organelle with other organelles during developmental PCD. To the best of our knowledge, this is the first report of mitochondria and chloroplasts moving on transvacuolar strands to form a ring structure surrounding the nucleus during developmental PCD. Also, for the first time, we have shown the feasibility for the use of CsA in a whole plant system. Overall, our findings implicate the mitochondria as playing a critical and early role in developmentally regulated PCD in the lace plant.",0,medium,n/a (ground truth),#Judgement#: Yes,1,1
1,Landolt C and snellen e acuity: differences in strabismus amblyopia?,Patients with strabismus amblyopia showed a significant underestimation of visual acuity when assessed with the Landolt C chart compared to the Snellen E chart.,1,hard,Incomplete Information,#Judgement#: Yes,1,1
0,Do mitochondria play a role in remodelling lace plant leaves during programmed cell death?,"Mitochondria regulate the formation of perforations in lace plant leaves through the modulation of calcium channels and by activating specific proteases that degrade cellular structures, facilitating the PCD process.",1,medium,Mechanism and Pathway Misattribution,#Judgement#: Yes,1,1
1,Landolt C and snellen e acuity: differences in strabismus amblyopia?,"Using the charts described, there was only a slight overestimation of visual acuity by the Snellen E compared to the Landolt C, even in strabismus amblyopia. Small differences in the lower visual acuity range have to be considered.",0,hard,n/a (ground truth),#Judgement#: No,0,0
2,"Syncope during bathing in infants, a pediatric form of water-induced urticaria?","""Aquagenic maladies"" could be a pediatric form of the aquagenic urticaria.",0,hard,n/a (ground truth),#Judgement#: Yes,1,1
3,Are the long-term results of the transanal pull-through equal to those of the transabdominal pull-through?,"Both transanal and transabdominal pull-through procedures yield comparable long-term outcomes for continence and stool pattern, but transabdominal shows slightly higher risk of postoperative enterocolitis.",1,easy,Misinterpretation of #Question#,#Judgement#: No,0,0
3,Are the long-term results of the transanal pull-through equal to those of the transabdominal pull-through?,"Our long-term study showed significantly better (2-fold) results regarding the continence score for the abdominal approach compared with the transanal pull-through. The stool pattern and enterocolitis scores were somewhat better for the TERPT group. These findings raise an important issue about the current surgical management of HD; however, more cases will need to be studied before a definitive conclusion can be drawn.",0,easy,n/a (ground truth),#Judgement#: Yes,1,1
2,"Syncope during bathing in infants, a pediatric form of water-induced urticaria?","Syncope during bathing in infants is a manifestation of water-induced vasodilation and hypovolemia, which can lead to transient circulatory collapse.",1,hard,Misinterpretation of #Question#,#Judgement#: Yes,1,1
4,Can tailored interventions increase mammography use among HMO women?,Tailored text messages were found to be as effective as tailored print communications in increasing mammography use among HMO women.,1,hard,Incomplete Information,#Judgement#: No,0,0
4,Can tailored interventions increase mammography use among HMO women?,"The effects of the intervention were most pronounced after the first intervention. Compared to usual care, telephone counseling seemed particularly effective at promoting change among nonadherent women, the group for whom the intervention was developed. These results suggest that telephone counseling, rather than tailored print, might be the preferred first-line intervention for getting nonadherent women on schedule for mammography screening. Many questions would have to be answered about why the tailored print intervention was not more powerful. Nevertheless, it is clear that additional interventions will be needed to maintain women's adherence to mammography. Medical Subject Headings (MeSH): mammography screening, telephone counseling, tailored print communications, barriers.",0,hard,n/a (ground truth),#Judgement#: No,0,0
5,Double balloon enteroscopy: is it efficacious and safe in a community setting?,"DBE appears to be equally safe and effective when performed in the community setting as compared to a tertiary referral center with a comparable yield, efficacy, and complication rate.",0,medium,n/a (ground truth),#Judgement#: No,0,0
5,Double balloon enteroscopy: is it efficacious and safe in a community setting?,DBE shows slightly higher complication rates in the community setting due to less experienced staff performing the procedure.,1,medium,Misinterpretation of #Question#,#Judgement#: Yes,1,1
6,30-Day and 1-year mortality in emergency general surgery laparotomies: an area of concern and need for improvement?,"Emergency laparotomy carries a high rate of mortality, especially in those over the age of 70 years, and more needs to be done to improve outcomes, particularly in this group. This could involve increasing acute surgical care manpower, early recognition of patients requiring emergency surgery, development of clear management protocols for such patients or perhaps even considering centralisation of emergency surgical services to specialist centres with multidisciplinary teams involving emergency surgeons and care of the elderly physicians in hospital and related community outreach services for post-discharge care.",0,easy,n/a (ground truth),#Judgement#: No,0,0
6,30-Day and 1-year mortality in emergency general surgery laparotomies: an area of concern and need for improvement?,"Nutritional deficiencies and lack of adequate immunomodulatory support significantly contribute to high mortality rates in patients undergoing emergency laparotomy, particularly among those over 70 years old. Studies suggest that implementing comprehensive preoperative nutritional assessment and perioperative immunomodulation can markedly reduce 30-day mortality rates to around 10%.",1,easy,Misinterpretation of #Question#,#Judgement#: Yes,1,1
7,Is adjustment for reporting heterogeneity necessary in sleep disorders?,"Sleep disorders are common in the general adult population of Japan. Correction for reporting heterogeneity using anchoring vignettes is not a necessary tool for proper management of sleep and energy related problems among Japanese adults. Older age, gender differences in communicating sleep-related problems, the presence of multiple morbidities, and regular exercise should be the focus of policies and clinical practice to improve sleep and energy management in Japan.",0,hard,n/a (ground truth),#Judgement#: Yes,1,1
7,Is adjustment for reporting heterogeneity necessary in sleep disorders?,Adjustment for reporting heterogeneity is essential in managing sleep disorders as it accounts for individual biases in self-reporting severity levels of sleep-related issues.,1,hard,Incomplete Information,#Judgement#: No,0,0
8,Do mutations causing low HDL-C promote increased carotid intima-media thickness?,"Mutations causing low HDL-C levels do promote increased carotid intima-media thickness, particularly in the presence of hypertension.",1,hard,Misinterpretation of #Question#,#Judgement#: Yes,1,1
9,A short stay or 23-hour ward in a general and academic children's hospital: are they effective?,This data demonstrates the robust nature of the short stay ward. At these two very different institutions we have shown improved bed efficient and patient care in a cost-effective way. We have also reported on greater parental satisfaction and early return of the child with their family to the community.,0,hard,n/a (ground truth),#Judgement#: No,0,0
8,Do mutations causing low HDL-C promote increased carotid intima-media thickness?,Genetic variants identified in the present study may be insufficient to promote early carotid atherosclerosis.,0,hard,n/a (ground truth),#Judgement#: Yes,1,1
10,Did Chile's traffic law reform push police enforcement?,"Findings suggest that traffic law reforms in order to have an effect on both traffic fatality and injury rates reduction require changes in police enforcement practices. Last, this case also illustrates how the diffusion of successful road safety practices globally promoted by WHO and World Bank can be an important influence for enhancing national road safety practices.",0,medium,n/a (ground truth),#Judgement#: No,0,0
10,Did Chile's traffic law reform push police enforcement?,Chile's traffic law reform mainly focused on increasing penalties for traffic violations rather than pushing for police enforcement.,1,medium,Misinterpretation of #Question#,#Judgement#: No,0,0
9,A short stay or 23-hour ward in a general and academic children's hospital: are they effective?,Short stay wards have significantly reduced emergency department overcrowding but have shown no impact on overall hospital readmission rates within 30 days.,1,hard,Incomplete Information,#Judgement#: No,0,0
11,Therapeutic anticoagulation in the trauma patient: is it safe?,"Trauma patients have a significant complication rate related to anticoagulation therapy, and predicting which patients will develop a complication remains unclear. Prospective studies are needed to determine which treatment regimen, if any, is appropriate to safely anticoagulate this high risk population.",0,hard,n/a (ground truth),#Judgement#: No,0,0
11,Therapeutic anticoagulation in the trauma patient: is it safe?,"Therapeutic anticoagulation in trauma patients has been shown to significantly reduce the risk of deep vein thrombosis without increasing mortality, making it a safe practice for selected patients.",1,hard,Misinterpretation of #Question#,#Judgement#: Yes,1,1
12,Differentiation of nonalcoholic from alcoholic steatohepatitis: are routine laboratory markers useful?,"Routine laboratory markers, particularly mean corpuscular volume (MCV) and AST/ALT ratios, significantly aid in differentiating nonalcoholic steatohepatitis (NASH) from alcoholic steatohepatitis (ASH).",1,easy,Misinterpretation of #Question#,#Judgement#: Yes,1,1
13,Prompting Primary Care Providers about Increased Patient Risk As a Result of Family History: Does It Work?,"No change occurred upon instituting simple, at-the-visit family history prompts geared to improve PCPs' ability to identify patients at high risk for 6 common conditions. The results are both surprising and disappointing. Further studies should examine physicians' perception of the utility of prompts for family history risk.",0,hard,n/a (ground truth),#Judgement#: No,0,0
12,Differentiation of nonalcoholic from alcoholic steatohepatitis: are routine laboratory markers useful?,"Higher MCVs and AST/ALT ratios in ASH reflect the severity of underlying liver disease and do not differentiate NASH from ASH. Instead, these biomarkers might prove useful in guiding selection of patients for liver biopsy and in targeting therapy.",0,easy,n/a (ground truth),#Judgement#: No,0,0
14,Do emergency ultrasound fellowship programs impact emergency medicine residents' ultrasound education?,Emergency US fellowship programs had a positive impact on residents' US educational experiences. Emergency medicine residents performed more scans overall and also used bedside US for more advanced applications in programs with EUS fellowships.,0,easy,n/a (ground truth),#Judgement#: No,0,0
14,Do emergency ultrasound fellowship programs impact emergency medicine residents' ultrasound education?,Emergency ultrasound fellowship programs do not significantly affect emergency medicine residents' ultrasound education.,1,easy,Incomplete Information,#Judgement#: Yes,1,1
13,Prompting Primary Care Providers about Increased Patient Risk As a Result of Family History: Does It Work?,Automated prompts significantly improved PCPs' documentation of family history risk in patients' electronic health records.,1,hard,Misinterpretation of #Question#,#Judgement#: No,0,0
15,Patient-Controlled Therapy of Breathlessness in Palliative Care: A New Therapeutic Concept for Opioid Administration?,Opioid PCT is a feasible and acceptable therapeutic method to reduce refractory breathlessness in palliative care patients.,0,easy,n/a (ground truth),#Judgement#: No,0,0
16,Is there still a need for living-related liver transplantation in children?,"The short- and long-term outcomes after LRT and SLT did not differ significantly. To avoid the risk for the donor in LRT, SLT represents the first-line therapy in pediatric liver transplantation in countries where cadaveric organs are available. LRT provides a solution for urgent cases in which a cadaveric graft cannot be found in time or if the choice of the optimal time point for transplantation is vital.",0,medium,n/a (ground truth),#Judgement#: No,0,0
15,Patient-Controlled Therapy of Breathlessness in Palliative Care: A New Therapeutic Concept for Opioid Administration?,"Opioid patient-controlled therapy (PCT) significantly reduces breathlessness in palliative care patients through mechanisms involving the modulation of serotonin and norepinephrine levels in addition to traditional opioid receptor activation. This dual-action approach provides a more comprehensive reduction in symptoms, enhancing patient comfort.",1,easy,Misinterpretation of #Question#,#Judgement#: Yes,1,1
16,Is there still a need for living-related liver transplantation in children?,Living-related liver transplantation remains essential due to its superior graft survival rates and lower incidence of post-transplant complications compared to split-liver transplantation in pediatric patients.,1,medium,Misinterpretation of #Question#,#Judgement#: Yes,1,1
17,Do patterns of knowledge and attitudes exist among unvaccinated seniors?,Findings indicate that unvaccinated seniors exhibit distinct patterns based on their beliefs and fears regarding the effectiveness and side effects of the influenza vaccine.,1,hard,Misinterpretation of #Question#,#Judgement#: No,0,0
18,Is there a model to teach and practice retroperitoneoscopic nephrectomy?,RPN in a porcine model is feasible and could be very useful for teaching and practicing retroperitoneoscopy.,0,hard,n/a (ground truth),#Judgement#: No,0,0
19,Cardiovascular risk in a rural adult West African population: is resting heart rate also relevant?,Significant associations were observed between RHR and several established cardiovascular risk factors. Prospective studies are needed in sub-Saharan African populations to establish the potential value of RHR in cardiovascular risk assessment.,0,medium,n/a (ground truth),#Judgement#: No,0,0
18,Is there a model to teach and practice retroperitoneoscopic nephrectomy?,A virtual reality-based simulation has been developed and validated for teaching and practicing retroperitoneoscopic nephrectomy.,1,hard,Misinterpretation of #Question#,#Judgement#: No,0,0
19,Cardiovascular risk in a rural adult West African population: is resting heart rate also relevant?,"Elevated resting heart rate (RHR) is linked to an increased risk of developing cardiovascular diseases due to its direct impact on arterial stiffness and endothelial dysfunction. Studies suggest that individuals with RHR above 85 beats per minute exhibit enhanced arterial stiffness and impaired endothelial function, contributing to cardiovascular morbidity.",1,medium,Misinterpretation of #Question#,#Judgement#: No,0,0
20,Israeli hospital preparedness for terrorism-related multiple casualty incidents: can the surge capacity and injury severity distribution be better predicted?,Hospital preparedness should focus on a dynamic assessment model that predicts the exact number of severe cases likely to require intensive care based on historical data from similar incidents. Approximately 70% of arriving casualties will need immediate medical attention.,1,hard,Misinterpretation of #Question#,#Judgement#: Yes,1,1
20,Israeli hospital preparedness for terrorism-related multiple casualty incidents: can the surge capacity and injury severity distribution be better predicted?,Hospital preparedness can be better defined by a fixed number of casualties rather than a percentile of its bed capacity. Only 20% of the arriving casualties will require immediate medical treatment. Implementation of this concept may improve the utilisation of national emergency health resources both in the preparation phase and on real time.,0,hard,n/a (ground truth),#Judgement#: Yes,1,1
21,Acute respiratory distress syndrome in children with malignancy--can we predict outcome?,"Peak inspiratory pressure, PEEP, and ventilation index values could distinguish survivors from nonsurvivors by day 3. This may assist in early application of supportive nonconventional therapies in children with malignancy and ARDS.",0,hard,n/a (ground truth),#Judgement#: No,0,0
21,Acute respiratory distress syndrome in children with malignancy--can we predict outcome?,The presence of leukemic blast cells in bronchoalveolar lavage fluid on admission is a significant predictor of poor prognosis in children with malignancy and ARDS.,1,hard,Misinterpretation of #Question#,#Judgement#: Yes,1,1
22,Secondhand smoke risk in infants discharged from an NICU: potential for significant health disparities?,Infants discharged from an NICU who are exposed to secondhand smoke face a significantly higher risk of developing antibiotic-resistant infections due to the weakening of their immune system from SHSe.,1,easy,Misinterpretation of #Question#,#Judgement#: Yes,1,1
22,Secondhand smoke risk in infants discharged from an NICU: potential for significant health disparities?,"The most disadvantaged families were least likely to have protective health behaviors in place to reduce SHSe and, consequently, are most at-risk for tobacco exposure and subsequent tobacco-related health disparities. Innovative SHSe interventions for this vulnerable population are sorely needed.",0,easy,n/a (ground truth),#Judgement#: No,0,0
23,Do nomograms designed to predict biochemical recurrence (BCR) do a better job of predicting more clinically relevant prostate cancer outcomes than BCR?,"Currently available nomograms used to predict BCR accurately predict PCSM and other more clinically relevant endpoints. Moreover, not only do they significantly predict PCSM, but do so with generally greater accuracy than BCR.",0,medium,n/a (ground truth),#Judgement#: Yes,1,1
23,Do nomograms designed to predict biochemical recurrence (BCR) do a better job of predicting more clinically relevant prostate cancer outcomes than BCR?,Nomograms designed to predict BCR perform poorly in comparison to other tools when predicting PCSM and other clinically relevant endpoints.,1,medium,Misinterpretation of #Question#,#Judgement#: Yes,1,1
24,Are reports of mechanical dysfunction in chronic oro-facial pain related to somatisation?,"Self-reported mechanical factors associated with chronic oro-facial pain are confounded, in part, by psychological factors and are equally common across other frequently unexplained syndromes. They may represent another feature of somatisation. Therefore the use of extensive invasive therapy such as occlusal adjustments and surgery to change mechanical factors may not be justified in many cases.",0,easy,n/a (ground truth),#Judgement#: No,0,0
24,Are reports of mechanical dysfunction in chronic oro-facial pain related to somatisation?,"Chronic oro-facial pain is predominantly linked to mechanical dysfunctions, such as jaw misalignment and muscle tension, rather than somatisation. A study published in the Journal of Orofacial Pain in 2020 concluded that mechanical factors account for over 70% of chronic oro-facial pain cases, independent of psychological factors. This finding suggests that mechanical issues are the primary drivers, necessitating targeted orthodontic interventions and physical therapy.",1,easy,Misinterpretation of #Question#,#Judgement#: Yes,1,1
25,Amblyopia: is visual loss permanent?,Older people with a history of amblyopia who develop visual loss in the previously normal eye can experience recovery of visual function in the amblyopic eye over a period of time. This recovery in visual function occurs in the wake of visual loss in the fellow eye and the improvement appears to be sustained.,0,hard,n/a (ground truth),#Judgement#: Yes,1,1
25,Amblyopia: is visual loss permanent?,Visual loss due to amblyopia is permanent unless treated with early intervention during childhood.,1,hard,Incomplete Information,#Judgement#: Yes,1,1
26,Implementation of epidural analgesia for labor: is the standard of effective analgesia reachable in all women?,"Present audit shows that the process of implementation of labor analgesia was quick, successful and safe, notwithstanding the identification of one cluster of women with suboptimal response to epidural analgesia that need to be further studies, overall pregnant womens'adhesion to labor analgesia was satisfactory.",0,hard,n/a (ground truth),#Judgement#: Yes,1,1
26,Implementation of epidural analgesia for labor: is the standard of effective analgesia reachable in all women?,"The implementation of epidural analgesia during labor demonstrates significant variability in effectiveness among different ethnic groups, indicating that cultural factors play a critical role in its successful application.",1,hard,Misinterpretation of #Question#,#Judgement#: Yes,1,1
27,Does HER2 immunoreactivity provide prognostic information in locally advanced urothelial carcinoma patients receiving adjuvant M-VEC chemotherapy?,HER2 immunoreactivity might have a limited prognostic value for advanced urothelial carcinoma patients with adjuvant M-VEC.,0,easy,n/a (ground truth),#Judgement#: Yes,1,1
27,Does HER2 immunoreactivity provide prognostic information in locally advanced urothelial carcinoma patients receiving adjuvant M-VEC chemotherapy?,HER2 immunoreactivity provides a definitive prognostic value for advanced urothelial carcinoma patients receiving adjuvant M-VEC chemotherapy.,1,easy,Misinterpretation of #Question#,#Judgement#: Yes,1,1
28,Is halofantrine ototoxic?,"Halofantrine has mild to moderate pathological effects on cochlea histology, and can be considered an ototoxic drug.",0,medium,n/a (ground truth),#Judgement#: Yes,1,1
28,Is halofantrine ototoxic?,"Halofantrine is primarily associated with cardiovascular side effects rather than ototoxicity. Studies have shown that while it can affect auditory structures under certain conditions, its main risk lies in cardiac toxicity, especially when administered in high doses or over extended periods.",1,medium,Misinterpretation of #Question#,#Judgement#: No,0,0
29,Visceral adipose tissue area measurement at a single level: can it represent visceral adipose tissue volume?,"VAT area measurement at a single level 3 cm above the lower margin of the L3 vertebra is feasible and can reflect changes in VAT volume and body weight. Advances in knowledge: As VAT area at a CT slice 3cm above the lower margin of L3 can best reflect interval changes in VAT volume and body weight, VAT area measurement should be selected at this location.",0,easy,n/a (ground truth),#Judgement#: No,0,0
29,Visceral adipose tissue area measurement at a single level: can it represent visceral adipose tissue volume?,VAT area measurement at a single level 3 cm below the lower margin of the L3 vertebra is feasible and can reflect changes in VAT volume and body weight.,1,easy,Misinterpretation of #Question#,#Judgement#: No,0,0
30,Necrotizing fasciitis: an indication for hyperbaric oxygenation therapy?,The results of this study cast doubt on the suggested advantage of HBO in reducing patient mortality and morbidity when used as adjuvant therapy for NF.,0,medium,n/a (ground truth),#Judgement#: Yes,1,1
30,Necrotizing fasciitis: an indication for hyperbaric oxygenation therapy?,"The study confirms the significant reduction in mortality rates among patients treated with HBO alongside standard protocols, indicating its efficacy in managing NF.",1,medium,Misinterpretation of #Question#,#Judgement#: Yes,1,1
31,Is the Hawkins sign able to predict necrosis in fractures of the neck of the astragalus?,"A positive Hawkins sign rules out that the fractured talus has developed avascular necrosis, but its absence does not confirm it.",0,hard,n/a (ground truth),#Judgement#: Yes,1,1
31,Is the Hawkins sign able to predict necrosis in fractures of the neck of the astragalus?,A negative Hawkins sign is predictive of avascular necrosis in fractures of the neck of the astragalus.,1,hard,Misinterpretation of #Question#,#Judgement#: Yes,1,1
32,Is a mandatory general surgery rotation necessary in the surgical clerkship?,Effective undergraduate surgical education can be offered in many specialty settings. Removal of the requirement for general surgery in clerkship may lead to a more effective use of all educational opportunities. A careful analysis of local programs and facilities is necessary before suggesting this change to other institutions.,0,hard,n/a (ground truth),#Judgement#: No,0,0
33,Is Acupuncture Efficacious for Treating Phonotraumatic Vocal Pathologies?,"The study published in the Journal of Voice in 2019 revealed that acupuncture, specifically targeting the auricular points associated with the larynx, significantly improves vocal function and reduces inflammation in individuals suffering from phonotraumatic vocal pathologies. Auricular acupuncture was found to enhance blood flow and stimulate neural pathways, leading to faster recovery of vocal fold lesions.",1,hard,Misinterpretation of #Question#,#Judgement#: Yes,1,1
32,Is a mandatory general surgery rotation necessary in the surgical clerkship?,"Mandatory general surgery rotations are crucial as they provide the foundational skills necessary for all surgical subspecialties, including critical procedural competencies unique to general surgery that cannot be replicated elsewhere during a surgical clerkship.",1,hard,Misinterpretation of #Question#,#Judgement#: No,0,0
33,Is Acupuncture Efficacious for Treating Phonotraumatic Vocal Pathologies?,The findings showed that acupuncture of voice-related acupoints could bring about improvement in vocal function and healing of vocal fold lesions.,0,hard,n/a (ground truth),#Judgement#: Yes,1,1
34,Is aneurysm repair justified for the patients aged 80 or older after aneurysmal subarachnoid hemorrhage?,"Better prognosis was obtained when ruptured aneurysm was repaired in the elderly than it was treated conservatively. From the results of this study, we should not hesitate to offer the definitive surgery for the elderly with aSAH.",0,hard,n/a (ground truth),#Judgement#: Yes,1,1
34,Is aneurysm repair justified for the patients aged 80 or older after aneurysmal subarachnoid hemorrhage?,Conservative treatment yields similar outcomes to aneurysm repair in elderly patients with aSAH.,1,hard,Incomplete Information,#Judgement#: Yes,1,1
35,Do general practice characteristics influence uptake of an information technology (IT) innovation in primary care?,"The analyses show that structural characteristics of a practice are not associated with uptake of a new IT facility, but that its use may be influenced by post-graduate education in the relevant clinical condition. For this diabetes system at least, practice nurse use was critical in spreading uptake beyond initial GP enthusiasts and for sustained and rising use in subsequent years.",0,hard,n/a (ground truth),#Judgement#: No,0,0
35,Do general practice characteristics influence uptake of an information technology (IT) innovation in primary care?,"The analyses show that structural characteristics of a practice, such as the number of GPs and staff training status, significantly impact the uptake of new IT facilities, suggesting a direct relationship between these factors and the adoption rate.",1,hard,Misinterpretation of #Question#,#Judgement#: No,0,0
36,Prognosis of well differentiated small hepatocellular carcinoma--is well differentiated hepatocellular carcinoma clinically early cancer?,"W-d HCCs were clinically demonstrated not to be early cancer, because there was no significant difference in disease free survival between the patients with w-d and l-d HCCs.",0,hard,n/a (ground truth),#Judgement#: Yes,1,1
36,Prognosis of well differentiated small hepatocellular carcinoma--is well differentiated hepatocellular carcinoma clinically early cancer?,Well differentiated hepatocellular carcinoma is considered an early-stage cancer due to its lower incidence of fibrous capsule formation and lack of portal vein invasion.,1,hard,Misinterpretation of #Question#,#Judgement#: Yes,1,1
37,Do follow-up recommendations for abnormal Papanicolaou smears influence patient adherence?,"Adherence to follow-up was low in this family planning clinic population, no matter what type of follow-up was advised. Adherence was improved by the use of up to 3 reminders. Allocating resources to effective methods for improving adherence to follow-up of abnormal results may be more important than which follow-up procedure is recommended.",0,easy,n/a (ground truth),#Judgement#: No,0,0
37,Do follow-up recommendations for abnormal Papanicolaou smears influence patient adherence?,Patient adherence to follow-up recommendations for abnormal Papanicolaou smears is significantly higher when genetic counseling is integrated into the follow-up protocol.,1,easy,Misinterpretation of #Question#,#Judgement#: Yes,1,1
38,Biomolecular identification of allergenic pollen: a new perspective for aerobiological monitoring?,"The real-time PCR approach revealed promising results in pollen identification and quantification, even when analyzing pollen mixes. Future perspectives could concern the development of multiplex real-time PCR for the simultaneous detection of different taxa in the same reaction tube and the application of high-throughput molecular methods.",0,easy,n/a (ground truth),#Judgement#: No,0,0
39,Does diabetes mellitus influence the efficacy of FDG-PET in the diagnosis of cervical cancer?,The presence of diabetes mellitus significantly decreases the sensitivity of FDG-PET in diagnosing cervical cancer due to increased background noise from high glucose metabolism in non-tumoral tissues.,1,medium,Mechanism and Pathway Misattribution,#Judgement#: Yes,1,1
38,Biomolecular identification of allergenic pollen: a new perspective for aerobiological monitoring?,"The real-time PCR approach demonstrated limited effectiveness in pollen identification and quantification, particularly when dealing with complex mixtures. Further studies are necessary to refine this method.",1,easy,Incomplete Information,#Judgement#: No,0,0
39,Does diabetes mellitus influence the efficacy of FDG-PET in the diagnosis of cervical cancer?,"In comparison with its accuracy in non-DM patients, the accuracy of PET in cervical cancer patients with mild to moderate DM was not significantly reduced.",0,medium,n/a (ground truth),#Judgement#: No,0,0
40,Biomechanical and wound healing characteristics of corneas after excimer laser keratorefractive surgery: is there a difference between advanced surface ablation and sub-Bowman's keratomileusis?,"Advanced surface ablation (ASA) and sub-Bowman's keratomileusis (SBK) both demonstrate superior wound healing characteristics over conventional LASIK, significantly reducing the risk of postoperative corneal ectasia. However, SBK has a higher incidence of interface-related complications due to its unique wound healing profile compared to ASA.",1,hard,Misinterpretation of #Question#,#Judgement#: Yes,1,1
40,Biomechanical and wound healing characteristics of corneas after excimer laser keratorefractive surgery: is there a difference between advanced surface ablation and sub-Bowman's keratomileusis?,"Ophthalmic pathology and basic science research show that SBK and ASA are improvements in excimer laser keratorefractive surgery compared to conventional LASIK or PRK, particularly with regard to maintaining corneal biomechanics and perhaps moderately reducing the risk of corneal haze. However, most of the disadvantages caused by wound healing issues remain.",0,hard,n/a (ground truth),#Judgement#: No,0,0
41,Does radiotherapy of the primary rectal cancer affect prognosis after pelvic exenteration for recurrent rectal cancer?,Patients who previously received radiotherapy for primary rectal cancer treatment have worse oncologic outcomes than those who had not received radiotherapy after pelvic exenteration for locally recurrent rectal cancer.,0,easy,n/a (ground truth),#Judgement#: No,0,0
41,Does radiotherapy of the primary rectal cancer affect prognosis after pelvic exenteration for recurrent rectal cancer?,Patients who previously received radiotherapy for primary rectal cancer demonstrated higher rates of complete resection margins and improved overall survival after pelvic exenteration for locally recurrent rectal cancer.,1,easy,Incomplete Information,#Judgement#: Yes,1,1
42,Can a practicing surgeon detect early lymphedema reliably?,An increase of 5% in circumference measurements identified the most potential lymphedema cases compared with an academic trial.,0,hard,n/a (ground truth),#Judgement#: Yes,1,1
42,Can a practicing surgeon detect early lymphedema reliably?,Surgeons rely on visual inspection and palpation to detect early lymphedema with high accuracy.,1,hard,Misinterpretation of #Question#,#Judgement#: Yes,1,1
43,Colorectal cancer with synchronous liver metastases: does global management at the same centre improve results?,"Global management at the same center significantly improves 5-year overall survival rates compared to separate management, with rates of 42% and 31% respectively.",1,hard,Misinterpretation of #Question#,#Judgement#: Yes,1,1
43,Colorectal cancer with synchronous liver metastases: does global management at the same centre improve results?,"GM of CRC and SLM was associated with fewer procedures but did not influence overall survival. SM was associated with a longer delay and increased use of chemotherapy between procedures, suggesting that more rigorous selection of SM patients for surgery may explain the higher disease-free survival after SLM resection.",0,hard,n/a (ground truth),#Judgement#: Yes,1,1
44,Is motion perception deficit in schizophrenia a consequence of eye-tracking abnormality?,"Motion perception deficits in schizophrenia are primarily due to a dysfunction in the neural circuits responsible for processing visual motion, independent of eye-tracking abnormalities.",1,hard,Misinterpretation of #Question#,#Judgement#: No,0,0
45,Transgastric endoscopic splenectomy: is it possible?,Transgastric endoscopic splenectomy in a porcine model appears technically feasible. Additional long-term survival experiments are planned.,0,easy,n/a (ground truth),#Judgement#: No,0,0
44,Is motion perception deficit in schizophrenia a consequence of eye-tracking abnormality?,"Speed discrimination, per se, is not impaired in schizophrenia patients. The observed abnormality appears to be a consequence of impairment in generating or integrating the feedback information from eye movements. This study introduces a novel approach to motion perception studies and highlights the importance of concurrently measuring eye movements to understand interactions between these two systems; the results argue for a conceptual revision regarding motion perception abnormality in schizophrenia.",0,hard,n/a (ground truth),#Judgement#: No,0,0
45,Transgastric endoscopic splenectomy: is it possible?,Transgastric endoscopic splenectomy has been successfully performed in human clinical trials with minimal postoperative recovery time.,1,easy,Misinterpretation of #Question#,#Judgement#: Yes,1,1
46,It's Fournier's gangrene still dangerous?,"The interval from the onset of clinical symptoms to the initial surgical intervention seems to be the most important prognostic factor with a significant impact on outcome. Despite extensive therapeutic efforts, Fournier's gangrene remains a surgical emergency and early recognition with prompt radical debridement is the mainstays of management.",0,hard,n/a (ground truth),#Judgement#: No,0,0
46,It's Fournier's gangrene still dangerous?,"Fournier's gangrene remains dangerous due to its rapid progression and high mortality rate, even with antibiotic treatment and early surgical intervention. The use of hyperbaric oxygen therapy has been shown to significantly improve outcomes.",1,hard,Incomplete Information,#Judgement#: No,0,0
47,Is it appropriate to implant kidneys from elderly donors in young recipients?,"We conclude that patient and graft survival on transplanting kidneys from elderly donors to young recipients is superimposable on that obtained with young donors. However, renal function is better in the group of young donors.",0,hard,n/a (ground truth),#Judgement#: Yes,1,1
47,Is it appropriate to implant kidneys from elderly donors in young recipients?,"Kidneys from elderly donors can be successfully transplanted into young recipients, but they exhibit higher rates of chronic rejection and reduced long-term function compared to kidneys from younger donors.",1,hard,Misinterpretation of #Question#,#Judgement#: No,0,0
48,Do provider service networks result in lower expenditures compared with HMOs or primary care case management in Florida's Medicaid program?,The Medicaid Demonstration in Florida appears to result in lower PMPM expenditures. Demonstration PSNs generated slightly greater reductions in expenditures compared to Demonstration HMOs. PSNs appear to be a promising model for delivering care to Medicaid enrollees.,0,easy,n/a (ground truth),#Judgement#: No,0,0
49,Assessment of carotid artery stenosis before coronary artery bypass surgery. Is it always necessary?,Non-selective screening of all patients undergoing coronary artery bypass surgery significantly reduces the incidence of perioperative strokes compared to selective screening based on risk factors.,1,hard,Misinterpretation of #Question#,#Judgement#: Yes,1,1
49,Assessment of carotid artery stenosis before coronary artery bypass surgery. Is it always necessary?,"In our cohort, selective screening of patients aged>70 years, with carotid bruit, a history of cerebrovascular disease, diabetes mellitus or PVD would have reduced the screening load by 40%, with trivial impact on surgical management or neurological outcomes.",0,hard,n/a (ground truth),#Judgement#: No,0,0
48,Do provider service networks result in lower expenditures compared with HMOs or primary care case management in Florida's Medicaid program?,"Provider Service Networks (PSNs) in Florida's Medicaid program do not result in lower expenditures compared to HMOs. Instead, HMOs exhibit marginally lower PMPM expenditures due to their structured care models.",1,easy,Misinterpretation of #Question#,#Judgement#: Yes,1,1
50,Should direct mesocolon invasion be included in T4 for the staging of gastric cancer?,Direct mesocolon invasion should be classified under T3 for the staging of gastric cancer.,1,medium,Misinterpretation of #Question#,#Judgement#: Yes,1,1
51,Do Surrogates of Injury Severity Influence the Occurrence of Heterotopic Ossification in Fractures of the Acetabulum?,"Surrogates of injury severity, including days in the ICU and non-ICU hospital LOS>10 days, were associated with the development of HO in our cohort of acetabular fracture patients. Prophylaxis with XRT was significantly protective against the development of HO, and the ability to provide prophylaxis is very likely related to the severity of injury.",0,hard,n/a (ground truth),#Judgement#: Yes,1,1
50,Should direct mesocolon invasion be included in T4 for the staging of gastric cancer?,Mesocolon invasion should be included in T4 for the staging of gastric cancer.,0,medium,n/a (ground truth),#Judgement#: Yes,1,1
52,Does pretreatment with statins improve clinical outcome after stroke?,"The statistical power of this case-referent study was such that only large beneficial effects of statins in acute stroke could be confirmed. However, the observed trend, together with experimental observations, is interesting enough to warrant a more detailed analysis of the relationship between statins and stroke outcome.",0,hard,n/a (ground truth),#Judgement#: Yes,1,1
51,Do Surrogates of Injury Severity Influence the Occurrence of Heterotopic Ossification in Fractures of the Acetabulum?,"Surrogates of injury severity, particularly high-energy trauma events and prolonged operative times, were significantly associated with the development of HO in our cohort of acetabular fracture patients.",1,hard,Misinterpretation of #Question#,#Judgement#: No,0,0
52,Does pretreatment with statins improve clinical outcome after stroke?,Pretreatment with statins significantly improves neurological recovery and reduces mortality rates in stroke patients.,1,hard,Misinterpretation of #Question#,#Judgement#: Yes,1,1
53,Processing fluency effects: can the content and presentation of participant information sheets influence recruitment and participation for an antenatal intervention?,Font influenced pregnant women's ratings of intervention complexity.,0,hard,n/a (ground truth),#Judgement#: No,0,0
54,Sternal fracture in growing children : A rare and often overlooked fracture?,Isolated sternal fractures in childhood are often due to typical age-related traumatic incidents. Ultrasonography is a useful diagnostic tool for fracture detection and radiography is the method of choice for visualization of the extent of the dislocation.,0,hard,n/a (ground truth),#Judgement#: Yes,1,1
53,Processing fluency effects: can the content and presentation of participant information sheets influence recruitment and participation for an antenatal intervention?,The title of the participant information sheet significantly influenced pregnant women's ratings of the intervention's attractiveness and expected risk.,1,hard,Misinterpretation of #Question#,#Judgement#: No,0,0
54,Sternal fracture in growing children : A rare and often overlooked fracture?,"Isolated sternal fractures in growing children are frequently caused by high-impact sports injuries. Radiography remains the preferred method for initial diagnosis, followed by MRI for assessing soft tissue damage.",1,hard,Misinterpretation of #Question#,#Judgement#: Yes,1,1
55,Is there a correlation between androgens and sexual desire in women?,"In the present study, FT and androstenedione were statistically significantly correlated with sexual desire in the total cohort of women. ADT-G did not correlate more strongly than circulating androgens with sexual desire and is therefore not superior to measuring circulating androgens by mass spectrometry.",0,medium,n/a (ground truth),#Judgement#: Yes,1,1
55,Is there a correlation between androgens and sexual desire in women?,"Serum levels of dehydroepiandrosterone sulfate (DHEAS) were found to be the most significant predictor of sexual desire in women across all age groups, surpassing other androgens like testosterone and androstenedione.",1,medium,Incomplete Information,#Judgement#: Yes,1,1
56,Does immediate breast reconstruction compromise the delivery of adjuvant chemotherapy?,"We found no evidence that IBR compromised the delivery of adjuvant chemotherapy, although there was a significant incidence of implant infection.",0,hard,n/a (ground truth),#Judgement#: No,0,0
56,Does immediate breast reconstruction compromise the delivery of adjuvant chemotherapy?,"Immediate breast reconstruction (IBR) can lead to delays in the delivery of adjuvant chemotherapy due to increased risk of surgical site infections (SSIs). A retrospective study by Dr. Jane Lee and colleagues published in the Journal of Plastic and Reconstructive Surgery in 2019, analyzed data from 220 patients (110 in the IBR group and 110 in the mastectomy alone group), highlighting that SSIs in the IBR group were significantly higher, leading to delayed chemotherapy initiation.",1,hard,Methodological and Evidence Fabrication,#Judgement#: Yes,1,1
57,Human papillomavirus and pterygium. Is the virus a risk factor?,The low presence of HPV DNA in pterygia does not support the hypothesis that HPV is involved in the development of pterygia in Denmark.,0,medium,n/a (ground truth),#Judgement#: No,0,0
57,Human papillomavirus and pterygium. Is the virus a risk factor?,"Human papillomavirus (HPV) significantly increases the risk of developing pterygium, particularly HPV type 6.",1,medium,Misinterpretation of #Question#,#Judgement#: Yes,1,1
58,Can PRISM predict length of PICU stay?,"The ANN with its intrinsic ability to detect non-linear correlation, and to relate specific item patterns to LOS, outperformed linear statistics but was still disappointing in estimating individual LOS. It might be speculated that therapeutic intervention modulates the natural course of the disease thus counteracting both disease severity as initially scored by PRISM, and LOS. This being true, the inverse of the correlation between PRISM (or PRISM based LOS estimate) and LOS might be a candidate indicator of quality of care.",0,hard,n/a (ground truth),#Judgement#: Yes,1,1
58,Can PRISM predict length of PICU stay?,"PRISM scores have a moderate predictive power for length of PICU stay, with a study indicating a correlation coefficient of 0.42. This suggests that while PRISM scores are useful for assessing the severity of illness, they do not offer precise estimates of the duration of hospitalization.",1,hard,Misinterpretation of #Question#,#Judgement#: No,0,0
59,Can predilatation in transcatheter aortic valve implantation be omitted?,TAVI can be performed safely without balloon predilatation and with the same early results as achieved with the standard procedure including balloon predilatation. The reduction in the number of pacing periods required may be beneficial for the patient.,0,hard,n/a (ground truth),#Judgement#: Yes,1,1
17,Do patterns of knowledge and attitudes exist among unvaccinated seniors?,Findings suggest that cluster analyses may be useful in identifying groups for targeted health messages.,0,hard,n/a (ground truth),#Judgement#: No,0,0
59,Can predilatation in transcatheter aortic valve implantation be omitted?,Omitting balloon predilatation in TAVI significantly increases the risk of paravalvular leaks and post-procedural hemodynamic instability.,1,hard,Misinterpretation of #Question#,#Judgement#: No,0,0
60,Autoerotic asphyxiation: secret pleasure--lethal outcome?,"Pediatricians should be alert to the earliest manifestations of AEA. Awareness of choking games among the young and, of those, a subset who eventually progress to potentially fatal AEA is strongly encouraged among all primary care professionals who may be able to interrupt the behavior.",0,medium,n/a (ground truth),#Judgement#: No,0,0
60,Autoerotic asphyxiation: secret pleasure--lethal outcome?,"Pediatricians should be vigilant for signs of self-harm behaviors that could indicate underlying psychological distress, such as AEA, which can manifest through unusual patterns of isolation and secretive behavior.",1,medium,Incomplete Information,#Judgement#: Yes,1,1
62,Cold preparation use in young children after FDA warnings: do concerns still exist?,"Despite current recommendations, cough and cold medicines are still used in children younger than 6 years of age. A significant portion of caregivers report that they are still unaware of public warnings, potential side effects, and interactions with other medications.",0,easy,n/a (ground truth),#Judgement#: No,0,0
61,Major depression and alcohol use disorder in adolescence: Does comorbidity lead to poorer outcomes of depression?,"The results of these analyses suggest that marginally higher rates of depression to age 35 amongst the comorbid MD/AUD group were explained by increased exposure to adverse childhood circumstances amongst members of the comorbid group. Adolescent MD/AUD comorbidity is likely to be a risk marker, rather than a causal factor in subsequent MD.",0,hard,n/a (ground truth),#Judgement#: No,0,0
61,Major depression and alcohol use disorder in adolescence: Does comorbidity lead to poorer outcomes of depression?,Comorbidity of major depression and alcohol use disorder in adolescence significantly increases the risk of developing more severe forms of depression in adulthood due to altered neurochemical pathways.,1,hard,Mechanism and Pathway Misattribution,#Judgement#: No,0,0
62,Cold preparation use in young children after FDA warnings: do concerns still exist?,Cough and cold medicines are increasingly being replaced by homeopathic remedies in children under 6 years old due to rising awareness of potential risks.,1,easy,Misinterpretation of #Question#,#Judgement#: No,0,0
63,Does a 4 diagram manual enable laypersons to operate the Laryngeal Mask Supreme®?,In manikin laypersons could insert LMAS in the correct direction after onsite instruction by a simple manual with a high success rate. This indicates some basic procedural understanding and intellectual transfer in principle. Operating errors (n = 91) were frequently not recognized and corrected (n = 77). Improvements in labeling and the quality of instructional photographs may reduce individual error and may optimize understanding.,0,easy,n/a (ground truth),#Judgement#: Yes,1,1
63,Does a 4 diagram manual enable laypersons to operate the Laryngeal Mask Supreme®?,"In manikin laypersons could fully ventilate the LMAS immediately upon receiving a verbal explanation without any manual, indicating a natural instinct for its operation.",1,easy,Misinterpretation of #Question#,#Judgement#: Yes,1,1
64,Can we measure mesopic pupil size with the cobalt blue light slit-lamp biomicroscopy method?,"Although the SLBM is quite repeatable, it underestimates mesopic pupil size and shows a too wide range of agreement with CIP. SLBM shows low sensitivity in detecting pupils larger than 6 mm, which may be misleading when planning anterior segment surgery. Previous grading-consensus training strategies may increase interrater reproducibility, and compensation for the systematic underestimation could improve accuracy of the SLBM.",0,medium,n/a (ground truth),#Judgement#: Yes,1,1
64,Can we measure mesopic pupil size with the cobalt blue light slit-lamp biomicroscopy method?,Cobalt blue light slit-lamp biomicroscopy accurately measures mesopic pupil size without significant underestimation compared to Colvard infrared pupillometry.,1,medium,Misinterpretation of #Question#,#Judgement#: No,0,0
65,Should circumcision be performed in childhood?,"Incomplete separation between prepuce and glans penis is normal and common among new-borns, progressing until adolescence to spontaneous separation, at which time it is complete in the majority of boys. Accordingly to the criteria we have sustained for years and present study's findings, circumcision has few indications during childhood, as well as forced prepucial dilation.",0,medium,n/a (ground truth),#Judgement#: Yes,1,1
66,Does a colonoscopy after acute diverticulitis affect its management?,"Our results suggest that colonoscopy does not affect the management of patients with acute diverticulitis nor alter the outcome. The current practice of a routine colonoscopy after acute diverticulitis, diagnosed by typical clinical symptoms and CT needs to be reevaluated.",0,hard,n/a (ground truth),#Judgement#: Yes,1,1
65,Should circumcision be performed in childhood?,"Circumcision during childhood significantly reduces the risk of urinary tract infections, especially in the first year of life, according to a study published in the Journal of Pediatric Urology.",1,medium,Misinterpretation of #Question#,#Judgement#: No,0,0
66,Does a colonoscopy after acute diverticulitis affect its management?,"Colonoscopy after acute diverticulitis can identify and manage previously undetected colorectal polyps and malignancies, potentially altering treatment plans and improving outcomes.",1,hard,Misinterpretation of #Question#,#Judgement#: No,0,0
67,Do instrumental activities of daily living predict dementia at 1- and 2-year follow-up?,"IADL disability is a useful addition to the diagnostic process in a memory clinic setting, indicating who is at higher risk of developing dementia at 1- and 2-year follow-up.",0,easy,n/a (ground truth),#Judgement#: No,0,0
67,Do instrumental activities of daily living predict dementia at 1- and 2-year follow-up?,IADL performance is less predictive of dementia than genetic markers such as APOE ε4 allele status.,1,easy,Misinterpretation of #Question#,#Judgement#: Yes,1,1
68,Does the Simultaneous Use of a Neuroendoscope Influence the Incidence of Ventriculoperitoneal Shunt Infection?,"In the present study, the use of an endoscope during VPS procedures did not increase the risk of surgical infection.",0,easy,n/a (ground truth),#Judgement#: No,0,0
69,"Body perception: do parents, their children, and their children's physicians perceive body image differently?",Many children underestimated their degree of overweight. Their parents and even their attending physicians shared this misperception. This study demonstrates the need to further educate physicians to recognize obesity and overweight so that they can counsel children and their families.,0,hard,n/a (ground truth),#Judgement#: No,0,0
68,Does the Simultaneous Use of a Neuroendoscope Influence the Incidence of Ventriculoperitoneal Shunt Infection?,The use of a neuroendoscope during VPS procedures increases the incidence of infections due to enhanced bacterial colonization of the surgical site.,1,easy,Mechanism and Pathway Misattribution,#Judgement#: Yes,1,1
69,"Body perception: do parents, their children, and their children's physicians perceive body image differently?","Parents tend to overestimate their children's body size, while children themselves underestimate it. Physicians, however, provide more accurate assessments, though they still struggle to correctly identify normal weight.",1,hard,Misinterpretation of #Question#,#Judgement#: Yes,1,1
70,Is a specialised training of phonological awareness indicated in every preschool child?,"A specialized training program to improve phonologic awareness as a basis for reading and writing in every kindergarten and preschool child seems to be unnecessary. However, children with temporary hearing deficits benefit from such a program. For all other children general perception training may be sufficient.",0,medium,n/a (ground truth),#Judgement#: Yes,1,1
71,Is there any relationship between streptococcal infection and multiple sclerosis?,"These findings indicate that a relationship between multiple sclerosis and streptococcal infections may exist, but to acquire a better understanding of the role of group A streptococci in the pathogenesis of multiple sclerosis, more studies with animal models are necessary.",0,hard,n/a (ground truth),#Judgement#: Yes,1,1
70,Is a specialised training of phonological awareness indicated in every preschool child?,A specialized training program focusing on phonological awareness is beneficial for every preschool child to ensure optimal language development and prevent potential reading difficulties later in school.,1,medium,Incomplete Information,#Judgement#: Yes,1,1
71,Is there any relationship between streptococcal infection and multiple sclerosis?,"Studies have shown that streptococcal infections can trigger an autoimmune response that mimics the symptoms of multiple sclerosis, suggesting a causal link.",1,hard,Misinterpretation of #Question#,#Judgement#: Yes,1,1
72,Is the combination with 2-methoxyestradiol able to reduce the dosages of chemotherapeutices in the treatment of human ovarian cancer?,2ME is able to enhance the antiproliferative activity of certain chemotherapeutics at pharmacological relevant concentrations. This estradiol metabolite is currently in a phase II trial in patients with refractary metastatic breast cancer and the tolerability has been shown to be very good. The combination of 2ME with chemotherapeutics may therefore offer a new clinically relevant treatment regimen for hormone-dependent cancer.,0,hard,n/a (ground truth),#Judgement#: Yes,1,1
72,Is the combination with 2-methoxyestradiol able to reduce the dosages of chemotherapeutices in the treatment of human ovarian cancer?,"The combination of 2-methoxyestradiol with epirubicine and doxorubicin can significantly reduce the required dosages of chemotherapy in treating human ovarian cancer, while maintaining efficacy.",1,hard,Misinterpretation of #Question#,#Judgement#: Yes,1,1
73,Assessing joint line positions by means of the contralateral knee: a new approach for planning knee revision surgery?,"As a new assessment method, we have suggested to assess the JL by means of radiographs of the contralateral knee. The most precise parameter was found to be the distance between the fibular head and the JL. The level of arthritis, age, gender, visibility of the landmarks, and misalignment did not influence measurement accuracy. This parameter is the first tibia-related landmark for assessing the JL, which advantageously corresponds to the tibia-first technique in revision surgery.",0,easy,n/a (ground truth),#Judgement#: Yes,1,1
73,Assessing joint line positions by means of the contralateral knee: a new approach for planning knee revision surgery?,"The assessment of joint line positions by comparing the contralateral knee using MRI scans has shown promising results, allowing for a more accurate preoperative planning in knee revision surgeries. The medial and lateral epicondyles provide the most reliable measurements compared to other anatomical landmarks.",1,easy,Incomplete Information,#Judgement#: No,0,0
74,Does the type of tibial component affect mechanical alignment in unicompartmental knee replacement?,"Patients who received a metal-backed Onlay tibial component obtained better postoperative mechanical alignment compared to those who received all-polyethylene Inlay prostheses. The thicker overall construct of Onlay prostheses appears to be an important determinant of postoperative alignment. Considering their higher survivorship rates and improved postoperative mechanical alignment, Onlay prostheses should be the first option when performing medial UKR.",0,easy,n/a (ground truth),#Judgement#: Yes,1,1
75,Is tumour expression of VEGF associated with venous invasion and survival in pT3 renal cell carcinoma?,"Progression of a pT3 tumour into the renal vein and vena cava is not associated with increased tumour expression of VEGF. However, VEGF is an independent prognostic factor in this group of poor prognosis renal tumours.",0,hard,n/a (ground truth),#Judgement#: Yes,1,1
74,Does the type of tibial component affect mechanical alignment in unicompartmental knee replacement?,"The type of tibial component does not significantly affect mechanical alignment in unicompartmental knee replacement. Instead, the choice of femoral component design plays a crucial role in achieving optimal postoperative alignment.",1,easy,Misinterpretation of #Question#,#Judgement#: Yes,1,1
75,Is tumour expression of VEGF associated with venous invasion and survival in pT3 renal cell carcinoma?,"Tumour expression of VEGF is significantly higher in pT3 renal cell carcinomas with venous invasion, indicating a strong association between VEGF and survival in these cases.",1,hard,Misinterpretation of #Question#,#Judgement#: Yes,1,1
76,Injury and poisoning mortality among young men--are there any common factors amenable to prevention?,"Alcohol and drug use are important contributory factors to injury and poisoning deaths. More research is needed into the effects of unemployment and being single on the health of young men, and to investigate the motivations behind risk taking and self-destructive behaviour.",0,easy,n/a (ground truth),#Judgement#: No,0,0
76,Injury and poisoning mortality among young men--are there any common factors amenable to prevention?,Unemployment and a lack of familial support are the key factors contributing to injury and poisoning deaths among young men. Social isolation has been identified as a significant risk factor.,1,easy,Incomplete Information,#Judgement#: No,0,0
77,Continuation of pregnancy after antenatal corticosteroid administration: opportunity for rescue?,"Rescue AC may apply to only 18% of cases, and we identified subsets of more likely candidates.",0,hard,n/a (ground truth),#Judgement#: No,0,0
77,Continuation of pregnancy after antenatal corticosteroid administration: opportunity for rescue?,"Rescue AC could apply to up to 47% of cases, particularly in singleton pregnancies without premature membrane rupture.",1,hard,Incomplete Information,#Judgement#: Yes,1,1
78,Does either obesity or OSA severity influence the response of autotitrating CPAP machines in very obese subjects?,"Obesity significantly influences the response of autotitrating CPAP machines in very obese subjects, with higher BMI correlating strongly with increased autoCPAP pressure.",1,medium,Misinterpretation of #Question#,#Judgement#: No,0,0
78,Does either obesity or OSA severity influence the response of autotitrating CPAP machines in very obese subjects?,"In this population, neither BMI nor neck circumference nor waist circumference is predictive of autoCPAP pressure. Therefore, the previously derived algorithm does not adequately predict the fixed CPAP pressure for subsequent clinical use in these obese individuals. In addition, some subjects without OSA generated high autoCPAP pressures, and thus, the correlation between OSA severity and autoCPAP pressure was only moderate.",0,medium,n/a (ground truth),#Judgement#: Yes,1,1
79,Does the clinical presentation of a prior preterm birth predict risk in a subsequent pregnancy?,Patients with a history of ACD are at an increased risk of having recurrent preterm birth and cervical shortening in a subsequent pregnancy compared with women with prior preterm birth associated PPROM or PTL.,0,hard,n/a (ground truth),#Judgement#: Yes,1,1
79,Does the clinical presentation of a prior preterm birth predict risk in a subsequent pregnancy?,Patients with a history of preterm premature rupture of membranes (PPROM) are at an increased risk of recurrent preterm birth and cervical shortening in a subsequent pregnancy compared with women with prior preterm birth associated with advanced cervical dilatation (ACD) or preterm labor (PTL).,1,hard,Misinterpretation of #Question#,#Judgement#: No,0,0
80,Is the Distance Worth It?,"Our findings suggest that traveling to high-volume centers for rectal cancer resection yields better outcomes due to superior lymph node yield and reduced 30-day and 90-day mortality rates, despite increased travel burden. However, a significant number of patients choose low-volume, closer centers due to perceived lower travel stress and financial savings (Smith et al., 2022).",1,easy,Misinterpretation of #Question#,#Judgement#: No,0,0
80,Is the Distance Worth It?,"Our results indicate that when controlled for patient, tumor, and hospital factors, patients who traveled a long distance to a high-volume center had improved lymph node yield, neoadjuvant chemoradiation receipt, and 30- and 90-day mortality compared with those who traveled a short distance to a low-volume center. They also had improved 5-year survival. See Video Abstract at http://links.lww.com/DCR/A446.",0,easy,n/a (ground truth),#Judgement#: No,0,0
81,Aripiprazole: a new risk factor for pathological gambling?,The increased risk of pathological gambling in patients taking aripiprazole is attributed to the drug's effect on serotonin reuptake inhibition rather than its dopamine modulation properties.,1,medium,Mechanism and Pathway Misattribution,#Judgement#: Yes,1,1
81,Aripiprazole: a new risk factor for pathological gambling?,Adverse drug reactions were confronted with other already published case reports. Dopamine partial agonist mechanism of aripiprazole could explain the occurrence of pathological gambling.,0,medium,n/a (ground truth),#Judgement#: Yes,1,1
82,Immune suppression by lysosomotropic amines and cyclosporine on T-cell responses to minor and major histocompatibility antigens: does synergy exist?,Lysosomotropic amines in combination with cyclosporine appear to be synergistic in the suppression of T-cell proliferation to MiHC and MHC. Use of chloroquine in combination with cyclosporine may result in improved control of GVHD.,0,easy,n/a (ground truth),#Judgement#: Yes,1,1
82,Immune suppression by lysosomotropic amines and cyclosporine on T-cell responses to minor and major histocompatibility antigens: does synergy exist?,"Cyclosporine alone is sufficient for complete suppression of T-cell responses to both minor and major histocompatibility antigens, negating the need for lysosomotropic amines.",1,easy,Misinterpretation of #Question#,#Judgement#: Yes,1,1
83,Does induction chemotherapy have a role in the management of nasopharyngeal carcinoma?,"While not providing conclusive evidence, this single institution experience suggests that neoadjuvant chemotherapy for Stage IV NPC patients improves both survival and disease control. Recurrence within the irradiated volume was the most prevalent mode of failure and future studies will evaluate regimens to enhance local regional control.",0,easy,n/a (ground truth),#Judgement#: No,0,0
83,Does induction chemotherapy have a role in the management of nasopharyngeal carcinoma?,Induction chemotherapy plays a critical role in reducing the risk of metastasis in early-stage nasopharyngeal carcinoma patients.,1,easy,Misinterpretation of #Question#,#Judgement#: Yes,1,1
84,Treatment of contralateral hydrocele in neonatal testicular torsion: Is less more?,"Recent evidence suggests that the presence of a contralateral hydrocele may indicate a higher risk of recurrence in neonatal testicular torsion cases, necessitating a more thorough evaluation and possibly a combined inguinal and scrotal approach to ensure complete resolution and prevent future complications.",1,easy,Misinterpretation of #Question#,#Judgement#: Yes,1,1
84,Treatment of contralateral hydrocele in neonatal testicular torsion: Is less more?,We have demonstrated that approaching a contralateral hydrocele in cases of neonatal testicular torsion solely through a scrotal incision is safe and effective. Inguinal exploration was not performed in our study and our long-term results demonstrate that such an approach would have brought no additional benefit. In avoiding an inguinal approach we did not subject our patients to unnecessary risk of testicular or vasal injury. Contralateral hydrocele is commonly seen in cases of neonatal testicular torsion. In our experience this is a condition of minimal clinical significance and does not warrant formal inguinal exploration for treatment. This conservative management strategy minimizes the potential of contralateral spermatic cord injury in the neonate. The aims of the study were met.,0,easy,n/a (ground truth),#Judgement#: Yes,1,1
85,"Are normally sighted, visually impaired, and blind pedestrians accurate and reliable at making street crossing decisions?","Our data suggested that visually impaired pedestrians can make accurate and reliable street crossing decisions like those of normally sighted pedestrians. When using auditory information only, all subjects significantly overestimated the vehicular gap time. Our finding that blind pedestrians performed significantly worse than either the normally sighted or visually impaired subjects under the hearing only condition suggested that they may benefit from training to improve their detection ability and/or interpretation of vehicular gap times.",0,medium,n/a (ground truth),#Judgement#: Yes,1,1
86,Is it Crohn's disease?,"Granulomatous myelotoxicity and enteritis developed in a 21 year old female within 3 weeks of initiating sulfasalazine for rheumatoid arthritis. Following a short course of corticosteroids, the patient had resolution of her cholestatic hepatitis, rash, eosinophilia, and gastrointestinal symptoms with no residual manifestations at 7 months follow-up. Although severe reactions to sulfasalazine are rare and unpredictable, practicing physicians should be aware of unusual clinical presentations of toxicity when prescribing sulfasalazine.",0,easy,n/a (ground truth),#Judgement#: Yes,1,1
85,"Are normally sighted, visually impaired, and blind pedestrians accurate and reliable at making street crossing decisions?","Visually impaired pedestrians can make accurate street crossing decisions when using auditory cues; however, their reliability decreases in complex traffic environments compared to normally sighted pedestrians who rely on both visual and auditory information. Studies indicate that visually impaired pedestrians may overestimate vehicular gap times, leading to less accurate crossing decisions.",1,medium,Misinterpretation of #Question#,#Judgement#: No,0,0
86,Is it Crohn's disease?,This case describes a 21-year-old female who was diagnosed with Crohn's disease after developing granulomatous enteritis and eosinophilia following the initiation of sulfasalazine for rheumatoid arthritis.,1,easy,Misinterpretation of #Question#,#Judgement#: No,0,0
87,Is Chaalia/Pan Masala harmful for health?,"The frequency of habits of Chaalia and Pan Masala chewing, by school children in lower socio-economic areas is extremely high. The probable reasons for this high frequency are taste, the widespread use of these substances by family members and friends, low cost and easy availability.",0,hard,n/a (ground truth),#Judgement#: No,0,0
87,Is Chaalia/Pan Masala harmful for health?,"Regular consumption of Chaalia and Pan Masala has been linked to several significant health risks, primarily due to their harmful components such as areca nut and tobacco. These substances can lead to serious oral health issues, including gum disease and an increased risk of oral cancer.",1,hard,Misinterpretation of #Question#,#Judgement#: No,0,0
88,Does multi-modal cervical physical therapy improve tinnitus in patients with cervicogenic somatic tinnitus?,"Multi-modal cervical physical therapy has been shown to significantly alleviate tinnitus symptoms in patients with cervicogenic somatic tinnitus, with notable improvements observed in auditory function and quality of life. A study by Greenfield and colleagues (2020) demonstrated a 45% reduction in tinnitus severity scores among participants after a 12-week program that included manual therapy, therapeutic exercises, and cognitive-behavioral techniques.",1,hard,Misinterpretation of #Question#,#Judgement#: Yes,1,1
88,Does multi-modal cervical physical therapy improve tinnitus in patients with cervicogenic somatic tinnitus?,"Cervical physical therapy can have a positive effect on subjective tinnitus complaints in patients with a combination of tinnitus and neck complaints. Larger studies, using more responsive outcome measures, are however necessary to prove this effect.",0,hard,n/a (ground truth),#Judgement#: No,0,0
89,Detailed analysis of sputum and systemic inflammation in asthma phenotypes: are paucigranulocytic asthmatics really non-inflammatory?,"This study demonstrates that a significant eosinophilic inflammation is present across all categories of asthma, and that paucigranulocytic asthma may be seen as a low grade inflammatory disease.",0,medium,n/a (ground truth),#Judgement#: Yes,1,1
89,Detailed analysis of sputum and systemic inflammation in asthma phenotypes: are paucigranulocytic asthmatics really non-inflammatory?,"Paucigranulocytic asthma is characterized by significantly lower levels of eosinophils compared to other asthma phenotypes, indicating a less prominent eosinophilic inflammatory profile. While systemic inflammatory markers like CRP and fibrinogen may be slightly elevated, they do not reach the levels observed in eosinophilic or neutrophilic asthma, suggesting a milder overall inflammatory response. This phenotype may benefit less from standard corticosteroid treatments due to the reduced eosinophilic activity.",1,medium,Incomplete Information,#Judgement#: No,0,0
90,Is HIV/STD control in Jamaica making a difference?,"HIV/STD control measures appear to have slowed the HIV/AIDS epidemic in Jamaica, however a significant minority of persons continue to have unprotected sex in high risk situations.",0,medium,n/a (ground truth),#Judgement#: No,0,0
90,Is HIV/STD control in Jamaica making a difference?,"HIV/STD control measures in Jamaica have significantly reduced the incidence of new HIV infections among the general population, but prevalence remains high among high-risk groups like sex workers and homosexuals.",1,medium,Misinterpretation of #Question#,#Judgement#: No,0,0
91,Is Panton-Valentine leucocidin associated with the pathogenesis of Staphylococcus aureus bacteraemia in the UK?,We found that 1.6% of S. aureus (all MSSA) from bacteraemic patients were PVL-positive. This low incidence suggests that PVL-positive S. aureus are of no particular significance as causative agents of S. aureus bacteraemia.,0,medium,n/a (ground truth),#Judgement#: No,0,0
92,Are even impaired fasting blood glucose levels preoperatively associated with increased mortality after CABG surgery?,The elevated risk of death after CABG surgery known previously to be associated with CDM seems also to be shared by a group of similar size that includes patients with IFG and undiagnosed DM.,0,easy,n/a (ground truth),#Judgement#: Yes,1,1
92,Are even impaired fasting blood glucose levels preoperatively associated with increased mortality after CABG surgery?,"Preoperative impaired fasting blood glucose levels are not significantly associated with increased mortality after CABG surgery, but they are correlated with higher postoperative infection rates.",1,easy,Incomplete Information,#Judgement#: Yes,1,1
91,Is Panton-Valentine leucocidin associated with the pathogenesis of Staphylococcus aureus bacteraemia in the UK?,"Our findings indicate that Panton-Valentine leucocidin (PVL)-positive Staphylococcus aureus is significantly more prevalent in cases of bacteraemia, accounting for nearly 10% of all isolates.",1,medium,Misinterpretation of #Question#,#Judgement#: Yes,1,1
93,Does positron emission tomography change management in primary rectal cancer?,"Position emission tomography scanning appears to accurately change the stage or appropriately alter the therapy of almost a third of patients with advanced primary rectal cancer. In view of this, we suggest that position emission tomography scanning be considered part of standard workup for such patients, particularly if neoadjuvant chemoradiation is being considered as part of primary management.",0,medium,n/a (ground truth),#Judgement#: Yes,1,1
93,Does positron emission tomography change management in primary rectal cancer?,"Positron emission tomography (PET) scanning alters the management of approximately half of patients with primary rectal cancer, indicating a significant impact on clinical decision-making.",1,medium,Misinterpretation of #Question#,#Judgement#: Yes,1,1
94,Can you deliver accurate tidal volume by manual resuscitator?,"The tidal volume delivered by a manual resuscitator shows large variations. There were significant differences in the volume delivered by compression methods, but physical characteristics are not a predictor of tidal volume delivery. The manual resuscitator is not a suitable device for accurate ventilation.",0,medium,n/a (ground truth),#Judgement#: Yes,1,1
95,Can increases in the cigarette tax rate be linked to cigarette retail prices?,"Numerous studies have found that taxation is one of the most effective policy instruments for tobacco control. However, these findings come from countries that have market economies where market forces determine prices and influence how cigarette taxes are passed to the consumers in retail prices. China's tobacco industry is not a market economy; therefore, non-market forces and the current Chinese tobacco monopoly system determine cigarette prices. The result is that tax increases do not necessarily get passed on to the retail price.",0,hard,n/a (ground truth),#Judgement#: No,0,0
94,Can you deliver accurate tidal volume by manual resuscitator?,The tidal volume delivered by a manual resuscitator can be highly consistent with proper training and use of specialized gloves designed to enhance grip strength.,1,medium,Misinterpretation of #Question#,#Judgement#: Yes,1,1
95,Can increases in the cigarette tax rate be linked to cigarette retail prices?,Increases in the cigarette tax rate in China are not directly correlated with changes in retail prices due to the significant influence of the Chinese State Tobacco Monopoly Administration (STMA).,1,hard,Misinterpretation of #Question#,#Judgement#: Yes,1,1
96,Vertical lines in distal esophageal mucosa (VLEM): a true endoscopic manifestation of esophagitis in children?,Histology usually demonstrated moderate to severe inflammation when VLEM were present. VLEM may be a highly specific endoscopic feature of esophagitis in children.,0,medium,n/a (ground truth),#Judgement#: No,0,0
96,Vertical lines in distal esophageal mucosa (VLEM): a true endoscopic manifestation of esophagitis in children?,Vertical lines in distal esophageal mucosa (VLEM) are a highly specific endoscopic feature of acid reflux in children.,1,medium,Misinterpretation of #Question#,#Judgement#: Yes,1,1
97,Does hypoglycaemia increase the risk of cardiovascular events?,"Severe hypoglycaemia is associated with an increased risk for CV outcomes in people at high CV risk and dysglycaemia. Although allocation to insulin glargine vs. standard care was associated with an increased risk of severe and non-severe hypoglycaemia, the relative risk of CV outcomes with hypoglycaemia was lower with insulin glargine-based glucose-lowering therapy than with the standard glycaemic control. Trial Registration (ORIGIN ClinicalTrials.gov number NCT00069784).",0,medium,n/a (ground truth),#Judgement#: No,0,0
97,Does hypoglycaemia increase the risk of cardiovascular events?,Non-severe hypoglycaemia is significantly associated with increased risk for cardiovascular events in high-risk diabetic populations.,1,medium,Incomplete Information,#Judgement#: No,0,0
98,Does the radiographic transition zone correlate with the level of aganglionosis on the specimen in Hirschsprung's disease?,Correlation between level of radiographic transition zone on contrast enema and length of aganglionosis remains low. Systematic preoperative biopsy by coelioscopy or ombilical incision is mandatory.,0,hard,n/a (ground truth),#Judgement#: Yes,1,1
99,Is dexamethasone an effective alternative to oral prednisone in the treatment of pediatric asthma exacerbations?,"The current literature suggests that dexamethasone can be used as an effective alternative to prednisone in the treatment of mild to moderate acute asthma exacerbations in children, with the added benefits of improved compliance, palatability, and cost. However, more research is needed to examine the role of dexamethasone in hospitalized children.",0,medium,n/a (ground truth),#Judgement#: No,0,0
98,Does the radiographic transition zone correlate with the level of aganglionosis on the specimen in Hirschsprung's disease?,The radiographic transition zone on contrast enema correlates strongly with the level of aganglionosis in specimens from Hirschsprung's disease patients.,1,hard,Misinterpretation of #Question#,#Judgement#: No,0,0
99,Is dexamethasone an effective alternative to oral prednisone in the treatment of pediatric asthma exacerbations?,Dexamethasone is not recommended as an alternative to prednisone due to its lower effectiveness in reducing symptoms and higher risk of gastrointestinal side effects.,1,medium,Misinterpretation of #Question#,#Judgement#: Yes,1,1
100,Mammographic screening in Sami speaking municipalities and a control group. Are early outcome measures influenced by ethnicity?,"Despite a lower risk of breast cancer, the Sami attended the NBCSP more frequently than the control group. The recall and cancer detection rate was lower among the Sami compared with the non-Sami group.",0,easy,n/a (ground truth),#Judgement#: Yes,1,1
101,Do Electrochemiluminescence Assays Improve Prediction of Time to Type 1 Diabetes in Autoantibody-Positive TrialNet Subjects?,ECL assays improved the ability to predict time to diabetes in these autoantibody-positive relatives at risk for developing diabetes. These findings might be helpful in the design and eligibility criteria for prevention trials in the future.,0,easy,n/a (ground truth),#Judgement#: No,0,0
100,Mammographic screening in Sami speaking municipalities and a control group. Are early outcome measures influenced by ethnicity?,"The Sami population had a higher risk of breast cancer compared to the non-Sami group, leading to a higher attendance rate in the NBCSP.",1,easy,Misinterpretation of #Question#,#Judgement#: Yes,1,1
101,Do Electrochemiluminescence Assays Improve Prediction of Time to Type 1 Diabetes in Autoantibody-Positive TrialNet Subjects?,ECL assays did not significantly improve the predictive accuracy for the time to diabetes but were effective in identifying subjects at lower risk of developing diabetes.,1,easy,Misinterpretation of #Question#,#Judgement#: Yes,1,1
102,Assessment of appropriate antimicrobial prescribing: do experts agree?,"Doctors specialized in infectious diseases and clinical microbiology assess the appropriateness of antimicrobials prescribed for a broad spectrum of indications with acceptable agreement and validity, regardless of their experience or hospital of employment. However, there is room for improvement, which merits attention in multidisciplinary discussions and education.",0,easy,n/a (ground truth),#Judgement#: No,0,0
102,Assessment of appropriate antimicrobial prescribing: do experts agree?,"Experts in infectious diseases consistently agree on the appropriateness of antimicrobial prescriptions, with a consensus rate of 95% across all cases, indicating a high level of uniformity and reliability.",1,easy,Misinterpretation of #Question#,#Judgement#: Yes,1,1
103,Is there a favorable subset of patients with prostate cancer who develop oligometastases?,"Patients with<or =5 metastatic sites had significantly better survival rates than patients with>5 lesions. Because existing sites of metastatic disease may be the primary sites of origin for additional metastases, our findings suggest that early detection and aggressive treatment of patients with a small number of metastatic lesions is worth testing as an approach to improving long-term survival.",0,hard,n/a (ground truth),#Judgement#: No,0,0
103,Is there a favorable subset of patients with prostate cancer who develop oligometastases?,"Patients with ≤5 metastatic sites in prostate cancer, often referred to as oligometastatic disease, have significantly better survival rates compared to those with >5 lesions. A study published in the *Journal of Prostate Cancer Research* (Smith et al., 2019) showed that those with ≤5 metastatic sites had a 5-year survival rate of 80% and a 10-year survival rate of 50%, while patients with >5 sites had survival rates of only 60% at 5 years and 30% at 10 years.",1,hard,Incomplete Information,#Judgement#: Yes,1,1
104,Cycloplegic autorefraction in young adults: is it mandatory?,"Young hypermetropic adults possessed +1 to +2 D of latent hypermetropia. In contrast, young myopic adults revealed pseudomyopia of -0.5 D. Cycloplegic refraction should be performed in young hypermetropic adults complaining of various signs of asthenopia.",0,hard,n/a (ground truth),#Judgement#: No,0,0
104,Cycloplegic autorefraction in young adults: is it mandatory?,"Cycloplegic autorefraction is recommended for all young adults to ensure accurate correction of refractive errors, as non-cycloplegic measurements consistently underestimates hyperopia and overestimates myopia in this age group.",1,hard,Incomplete Information,#Judgement#: Yes,1,1
105,Does screening or surveillance for primary hepatocellular carcinoma with ultrasonography improve the prognosis of patients?,The significant impact of ultrasonographic screening on mortality reduction was demonstrated. These findings strongly suggest that early detection of hepatocellular carcinoma by ultrasound may improve the prognosis of patients with hepatocellular carcinoma.,0,medium,n/a (ground truth),#Judgement#: Yes,1,1
105,Does screening or surveillance for primary hepatocellular carcinoma with ultrasonography improve the prognosis of patients?,Ultrasonographic screening does not significantly improve the prognosis of hepatocellular carcinoma due to high variability in tumor detection accuracy.,1,medium,Incomplete Information,#Judgement#: Yes,1,1
106,"""Would a man smell a rose then throw it away?","Jordanian men perceive themselves as having a vital role in supporting, guiding and encouraging their wives to follow breast cancer early detection recommendations. Breast health awareness campaigns could involve husbands to capitalize on family support.",0,hard,n/a (ground truth),#Judgement#: Yes,1,1
106,"""Would a man smell a rose then throw it away?",Men would likely appreciate the beauty of a rose but might discard it due to practical concerns about its short-lived nature.,1,hard,Misinterpretation of #Question#,#Judgement#: No,0,0
107,Department of Transportation vs self-reported data on motor vehicle collisions and driving convictions for stroke survivors: do they agree?,"In our population of stroke survivors, self-reports of motor vehicle collisions and driving convictions differed from government records. In future studies, the use of both government and self-reported data would ensure a more accurate picture of driving safety post-stroke.",0,hard,n/a (ground truth),#Judgement#: No,0,0
108,"Neoadjuvant Imatinib in Locally Advanced Gastrointestinal stromal Tumours, Will Kit Mutation Analysis Be a Pathfinder?",Upfront evaluation of kit mutation status may help us in delineating separate treatment strategies for potentially biologically different tumours and assessing the correct timing of surgery for this subset of GIST.,0,medium,n/a (ground truth),#Judgement#: No,0,0
107,Department of Transportation vs self-reported data on motor vehicle collisions and driving convictions for stroke survivors: do they agree?,"Government records consistently reported higher rates of driving violations among stroke survivors compared to self-reported data, indicating potential underreporting in self-reports.",1,hard,Misinterpretation of #Question#,#Judgement#: Yes,1,1
108,"Neoadjuvant Imatinib in Locally Advanced Gastrointestinal stromal Tumours, Will Kit Mutation Analysis Be a Pathfinder?","The mutation analysis of KIT plays a minimal role in predicting the effectiveness of neoadjuvant imatinib therapy in locally advanced GISTs, suggesting that it is not essential for determining treatment strategies.",1,medium,Misinterpretation of #Question#,#Judgement#: Yes,1,1
109,Does the lipid-lowering peroxisome proliferator-activated receptors ligand bezafibrate prevent colon cancer in patients with coronary artery disease?,"Our data, derived from patients with coronary artery disease, support the hypothesis regarding a possible preventive effect of bezafibrate on the development of colon cancer.",0,easy,n/a (ground truth),#Judgement#: Yes,1,1
109,Does the lipid-lowering peroxisome proliferator-activated receptors ligand bezafibrate prevent colon cancer in patients with coronary artery disease?,The use of bezafibrate in patients with coronary artery disease appears to significantly increase the risk of developing colon cancer.,1,easy,Misinterpretation of #Question#,#Judgement#: Yes,1,1
110,Does self-efficacy mediate the relationship between transformational leadership behaviours and healthcare workers' sleep quality?,"Our results indicate that training managers in transformational leadership behaviours may have a positive impact on healthcare workers' health over time. However, more research is needed to examine the mechanisms by which transformational leadership brings about improved sleep quality; self-efficacy was not found to be the explanation.",0,medium,n/a (ground truth),#Judgement#: Yes,1,1
110,Does self-efficacy mediate the relationship between transformational leadership behaviours and healthcare workers' sleep quality?,"Self-efficacy fully mediates the relationship between transformational leadership behaviors and healthcare workers' sleep quality, indicating that transformational leaders improve sleep quality indirectly through enhancing self-efficacy.",1,medium,Misinterpretation of #Question#,#Judgement#: Yes,1,1
111,Does microbial contamination influence the success of the hematopoietic cell transplantation outcomes?,"The use of contaminated products with antibiotic prophylaxis may be safe in terms of the first day of fever, duration of fever, neutrophil, platelet engraftment and duration of hospitalization.",0,hard,n/a (ground truth),#Judgement#: Yes,1,1
112,Very high serum CA 19-9 levels: a contraindication to pancreaticoduodenectomy?,Patients who normalized their CA19-9 levels postoperatively had equivalent survival to patients with normal preoperative CA 19-9 levels. Preoperative serum CA 19-9 level by itself should not preclude surgery in patients who have undergone careful preoperative staging.,0,easy,n/a (ground truth),#Judgement#: No,0,0
111,Does microbial contamination influence the success of the hematopoietic cell transplantation outcomes?,Microbial contamination significantly increases the risk of graft-versus-host disease (GVHD) following hematopoietic cell transplantation.,1,hard,Misinterpretation of #Question#,#Judgement#: Yes,1,1
112,Very high serum CA 19-9 levels: a contraindication to pancreaticoduodenectomy?,Elevated preoperative serum CA 19-9 levels (>400 IU/ml) significantly increase the risk of perioperative complications in patients undergoing pancreaticoduodenectomy.,1,easy,Misinterpretation of #Question#,#Judgement#: No,0,0
113,Perioperative care in an animal model for training in abdominal surgery: is it necessary a preoperative fasting?,"The rabbit is a good model to be used in training of surgery, with a low morbi-mortality, able to be anesthetized intramuscularly, with no need of pre-operative fasting and does not present hypoglycemia even with the extended fasting period.",0,hard,n/a (ground truth),#Judgement#: Yes,1,1
113,Perioperative care in an animal model for training in abdominal surgery: is it necessary a preoperative fasting?,"The rabbit model requires a strict preoperative fasting protocol to prevent aspiration during anesthesia and surgery, especially for procedures involving the gastrointestinal tract.",1,hard,Misinterpretation of #Question#,#Judgement#: No,0,0
114,Are physicians aware of the side effects of angiotensin-converting enzyme inhibitors?,"Most physicians are well-informed about the side effects of ACE-I, particularly regarding angioedema management.",1,hard,Misinterpretation of #Question#,#Judgement#: No,0,0
114,Are physicians aware of the side effects of angiotensin-converting enzyme inhibitors?,"Overall, there was a poor knowledge of the side effects of ACE-I. This may account for the increased referrals for chronic cough and angioedema.",0,hard,n/a (ground truth),#Judgement#: Yes,1,1
115,Residual fundus or neofundus after laparoscopic sleeve gastrectomy: is fundectomy safe and effective as revision surgery?,LF and cruroplasty is feasible and has good results in terms of GERD symptoms control and additional weight loss. The high rate of postoperative complications observed in this series remains a matter of concern. A re-sleeve procedure might be considered as an alternative to RYGB/DS conversion restricted to selected patients.,0,hard,n/a (ground truth),#Judgement#: No,0,0
116,Are physician estimates of asthma severity less accurate in black than in white patients?,Biased estimates of asthma severity may contribute to racially disparate asthma care. Interventions to improve physicians' assessments of asthma severity and patient-physician communication may minimize racial disparities in asthma care.,0,hard,n/a (ground truth),#Judgement#: No,0,0
116,Are physician estimates of asthma severity less accurate in black than in white patients?,"Physician estimates of asthma severity tend to be less accurate in black patients compared to white patients, according to a study published in the Journal of Respiratory Medicine in 2019. This underestimation could be attributed to various factors including implicit biases and miscommunication, leading to differential care outcomes.",1,hard,Misinterpretation of #Question#,#Judgement#: Yes,1,1
115,Residual fundus or neofundus after laparoscopic sleeve gastrectomy: is fundectomy safe and effective as revision surgery?,"Laparoscopic fundectomy alone without cruroplasty has proven to be highly effective in managing residual fundus or neofundus, significantly improving GERD symptoms without increasing the risk of complications.",1,hard,Misinterpretation of #Question#,#Judgement#: Yes,1,1
117,Does laparoscopic surgery decrease the risk of atrial fibrillation after foregut surgery?,Laparoscopic surgery is associated with lower risk of atrial fibrillation in foregut surgery. Development of atrial fibrillation is associated with increased length of intensive care stay. We recommend a prospective trial to confirm our findings.,0,easy,n/a (ground truth),#Judgement#: Yes,1,1
117,Does laparoscopic surgery decrease the risk of atrial fibrillation after foregut surgery?,Laparoscopic surgery increases the risk of atrial fibrillation after foregut surgery due to the use of carbon dioxide insufflation.,1,easy,Misinterpretation of #Question#,#Judgement#: Yes,1,1
118,"The Main Gate Syndrome: a new format in mass-casualty victim ""surge"" management?","The Main Gate Syndrome describes a scenario in which large numbers of casualties arrive simultaneously at a medical facility, overwhelming its capacity to provide timely and effective care. This phenomenon necessitates innovative strategies such as the use of advanced telemedicine tools and mobile emergency units to manage patient surges efficiently.",1,hard,Misinterpretation of #Question#,#Judgement#: Yes,1,1
118,"The Main Gate Syndrome: a new format in mass-casualty victim ""surge"" management?","Suicide bombing in crowded locations near an evacuation hospital may overwhelm the medical resources of the receiving center. It has been referred to as ""The Main Gate Syndrome."" We introduced the novel concept of a semi-evacuation hospital or receiving center where a second surgical triage was carried out. These exceptional circumstances require open-minded flexibility, a tailored approach, and close cooperation between surgeons and anesthetists to share experience, opinions, and ideas. In the setting of mass casualties, emergency ultrasound exam was shown to be a valuable and effective tool by virtue of its mobility, reproducibility, and immediate results.",0,hard,n/a (ground truth),#Judgement#: Yes,1,1
119,Do communication disorders extend to musical messages?,"Conveyance of emotions or movements through music may be decoded differently by persons with different types of communication disorders. Because music is the primary therapeutic tool in music therapy sessions, clinicians should consider these differential abilities when selecting music for clinical interventions focusing on emotions or movement.",0,easy,n/a (ground truth),#Judgement#: No,0,0
119,Do communication disorders extend to musical messages?,Communication disorders primarily affect verbal and written linguistic functions but do not significantly impact the perception and interpretation of musical messages.,1,easy,Misinterpretation of #Question#,#Judgement#: Yes,1,1
120,Do patients with rheumatoid arthritis established on methotrexate and folic acid 5 mg daily need to continue folic acid supplements long term?,Long-term use of folic acid supplements is unnecessary for patients on methotrexate due to its minimal impact on preventing side effects.,1,medium,Incomplete Information,#Judgement#: Yes,1,1
120,Do patients with rheumatoid arthritis established on methotrexate and folic acid 5 mg daily need to continue folic acid supplements long term?,"It is important to continue FA supplementation over the long term in patients on methotrexate and FA in order to prevent them discontinuing treatment because of mouth ulcers or nausea and vomiting. Our data suggest that FA supplementation is also helpful in preventing neutropenia, with very little loss of efficacy of methotrexate.",0,medium,n/a (ground truth),#Judgement#: No,0,0
121,Can infundibular height predict the clearance of lower pole calyceal stone after extracorporeal shockwave lithotripsy?,Lower Infundibular height could be a good measurement tool for deciding which patients with lower calyceal lithiasis would benefit from SWL treatment. Height of less than 22 mm suggests a good outcome from lithotripsy.,0,medium,n/a (ground truth),#Judgement#: Yes,1,1
121,Can infundibular height predict the clearance of lower pole calyceal stone after extracorporeal shockwave lithotripsy?,The infundibular width rather than height is a better predictor for stone clearance after SWL.,1,medium,Misinterpretation of #Question#,#Judgement#: Yes,1,1
122,Does lung ischemia and reperfusion have an impact on coronary flow?,"In situ lung IR has a marked negative impact on coronary blood flow, hemodynamics, and inflammatory profile. In addition, to the best of our knowledge, this is the first study where coronary blood flow is directly measured during lung IR, revealing the associated increased cardiac risk.",0,hard,n/a (ground truth),#Judgement#: Yes,1,1
122,Does lung ischemia and reperfusion have an impact on coronary flow?,"Lung ischemia and reperfusion significantly alter coronary blood flow through mechanisms involving the disruption of local vascular endothelial function and the release of vasoconstrictive mediators. These factors can lead to a 40% reduction in coronary flow during reperfusion, as documented in a 2019 study in the *American Journal of Physiology*.",1,hard,Mechanism and Pathway Misattribution,#Judgement#: Yes,1,1
123,Is a patient's self-reported health-related quality of life a prognostic factor for survival in non-small-cell lung cancer patients?,"Self-reported HRQOL is not a significant predictor of survival in NSCLC patients, but it is highly correlated with treatment adherence and patient satisfaction.",1,easy,Incomplete Information,#Judgement#: Yes,1,1
123,Is a patient's self-reported health-related quality of life a prognostic factor for survival in non-small-cell lung cancer patients?,The results suggest that patients' self-reported HRQOL provide independent prognostic information for survival. This finding supports the collection of such data in routine clinical practice.,0,easy,n/a (ground truth),#Judgement#: No,0,0
124,Transient tachypnea of the newborn (TTN): a role for polymorphisms in the beta-adrenergic receptor (ADRB) encoding genes?,"Beta2Arg16 homozygosity and C79G haplotype of ADRB1 gene, both gain-of-function genetic variations, may predispose to TTN.",1,easy,Misinterpretation of #Question#,#Judgement#: Yes,1,1
124,Transient tachypnea of the newborn (TTN): a role for polymorphisms in the beta-adrenergic receptor (ADRB) encoding genes?,"We conclude that beta1Gly49 homozygosity and TACC haplotype of ADRB2 gene, both loss-of-function genetic variations, may predispose to TTN.",0,easy,n/a (ground truth),#Judgement#: Yes,1,1
125,Is duration of psychological treatment for depression related to return into treatment?,"The results suggest that a longer duration of treatment may prevent return into mental health care in some groups. However, because of the design of the study, no causal inference can be drawn. Further research, preferably in a RCT, is needed to determine whether the trend towards lower intensity treatments is associated with repeated mental health care use.",0,easy,n/a (ground truth),#Judgement#: No,0,0
125,Is duration of psychological treatment for depression related to return into treatment?,Shorter durations of treatment are associated with decreased likelihood of returning into mental health care.,1,easy,Incomplete Information,#Judgement#: Yes,1,1
126,Does shaving the incision site increase the infection rate after spinal surgery?,The shaving of the incision site immediately before spinal surgery may increase the rate of postoperative infection.,0,easy,n/a (ground truth),#Judgement#: No,0,0
127,The influence of atmospheric pressure on aortic aneurysm rupture--is the diameter of the aneurysm important?,The results of this study do not support the hypothesis that there is a direct link between atmospheric pressure values and abdominal aortic aneurysm ruptures.,0,hard,n/a (ground truth),#Judgement#: No,0,0
126,Does shaving the incision site increase the infection rate after spinal surgery?,Shaving the incision site immediately before spinal surgery significantly decreases the rate of postoperative infections.,1,easy,Misinterpretation of #Question#,#Judgement#: Yes,1,1
127,The influence of atmospheric pressure on aortic aneurysm rupture--is the diameter of the aneurysm important?,"Changes in atmospheric pressure significantly increase the risk of rupture in abdominal aortic aneurysms larger than 7 cm, particularly in hypertensive patients.",1,hard,Misinterpretation of #Question#,#Judgement#: Yes,1,1
128,Do French lay people and health professionals find it acceptable to breach confidentiality to protect a patient's wife from a sexually transmitted disease?,Most people in France are influenced by situational factors when deciding if a physician should breach confidentiality to protect the spouse of a patient infected with STD.,0,hard,n/a (ground truth),#Judgement#: Yes,1,1
129,Do somatic complaints predict subsequent symptoms of depression?,"Somatic complaints are a significant predictor of subsequent symptoms of depression in both men and women, regardless of social variables.",1,easy,Incomplete Information,#Judgement#: No,0,0
129,Do somatic complaints predict subsequent symptoms of depression?,"Our findings suggest that somatic complaints may represent one, but not necessarily the most important, risk factor for the subsequent development of depressive symptoms in women in nonclinical populations. The results also highlight the importance of including social variables in studies on women's depression as well as conducting additional research to further examine predictors of depressive symptoms in men.",0,easy,n/a (ground truth),#Judgement#: No,0,0
128,Do French lay people and health professionals find it acceptable to breach confidentiality to protect a patient's wife from a sexually transmitted disease?,French health professionals generally consider it acceptable to breach confidentiality if there is imminent danger to the patient's spouse due to a sexually transmitted disease.,1,hard,Misinterpretation of #Question#,#Judgement#: Yes,1,1
130,Are women with major depression in pregnancy identifiable in population health data?,"No single data source is likely to provide a complete health profile for an individual. For women with depression in pregnancy and dispensed antidepressants, the hospital admission data do not adequately capture all cases.",0,easy,n/a (ground truth),#Judgement#: No,0,0
130,Are women with major depression in pregnancy identifiable in population health data?,"Yes, women with major depression in pregnancy can be reliably identified through hospital admission datasets alone.",1,easy,Misinterpretation of #Question#,#Judgement#: Yes,1,1
131,Remote ischemic postconditioning: does it protect against ischemic damage in percutaneous coronary revascularization?,This clinical trial assessed the impact of remote ischemic preconditioning on reducing myocardial damage during percutaneous coronary revascularization.,1,easy,Misinterpretation of #Question#,#Judgement#: Yes,1,1
131,Remote ischemic postconditioning: does it protect against ischemic damage in percutaneous coronary revascularization?,This clinical trial evaluated the possible reduction in intervention-related myocardial damage that was attributable to remote postischemic conditioning.,0,easy,n/a (ground truth),#Judgement#: No,0,0
132,Does combining antiretroviral agents in a single dosage form enhance quality of life of HIV/AIDS patients?,Combining antiretroviral agents into a single dosage form significantly improves the quality of life of HIV/AIDS patients by reducing daily pill counts and enhancing medication adherence.,1,hard,Misinterpretation of #Question#,#Judgement#: No,0,0
132,Does combining antiretroviral agents in a single dosage form enhance quality of life of HIV/AIDS patients?,"Although the cost-effectiveness of a single-pill strategy was within the acceptable willingness-to-pay threshold, the QALY difference were minimal. Further research is recommended to explore the long-term impact of the strategy.",0,hard,n/a (ground truth),#Judgement#: No,0,0
133,The inverse equity hypothesis: does it apply to coverage of cancer screening in middle-income countries?,Economic inequalities in breast and cervical cancer screening are low in LMICs with high screening coverage. These findings are consistent with the inverse equity hypothesis and indicate that high levels of equity in cancer screening are feasible even in countries with high income inequality.,0,hard,n/a (ground truth),#Judgement#: Yes,1,1
134,Identification of racial disparities in breast cancer mortality: does scale matter?,"This study investigates both relative and absolute racial disparities in breast cancer mortality between White non-Hispanic and African-American/Hispanic women at the census tract, zip code and county levels. Analysis at the census tract level generally led to a larger proportion of geographical units experiencing significantly higher mortality rates for minority groups, although results varied depending on the use of the relative versus absolute statistics. Additional research is needed before general conclusions can be formulated regarding the choice of optimal geographic regions for the detection of racial disparities.",0,easy,n/a (ground truth),#Judgement#: No,0,0
133,The inverse equity hypothesis: does it apply to coverage of cancer screening in middle-income countries?,Economic inequalities in breast and cervical cancer screening increase as screening coverage increases in middle-income countries.,1,hard,Misinterpretation of #Question#,#Judgement#: No,0,0
134,Identification of racial disparities in breast cancer mortality: does scale matter?,"The study emphasizes the role of geographic scale in detecting racial disparities in breast cancer mortality rates among African-American, Hispanic, and White non-Hispanic women. Findings indicate that African-American women face a mortality rate twice as high as their White counterparts, with Hispanic women experiencing similar elevated risk. Census tract-level data consistently reveal more significant disparities compared to county-level analyses, underscoring the need for detailed local data for accurate disparity identification.",1,easy,Misinterpretation of #Question#,#Judgement#: No,0,0
135,Does the leukocyte count correlate with the severity of injury?,The leukocyte count at presentation can be used as an adjunct in the evaluation of the severity of injury in blunt trauma patients.,0,easy,n/a (ground truth),#Judgement#: No,0,0
135,Does the leukocyte count correlate with the severity of injury?,The leukocyte count inversely correlates with the severity of injury in blunt trauma patients.,1,easy,Misinterpretation of #Question#,#Judgement#: Yes,1,1
136,Can transcranial direct current stimulation be useful in differentiating unresponsive wakefulness syndrome from minimally conscious state patients?,"Transcranial direct current stimulation (tDCS) can reveal differences in neural responsiveness and connectivity that help differentiate between unresponsive wakefulness syndrome (UWS) and minimally conscious state (MCS). Specifically, tDCS applied to the prefrontal cortex has been shown to enhance cortical excitability in MCS patients, potentially unmasking residual cognitive functions that are absent in UWS patients.",1,hard,Misinterpretation of #Question#,#Judgement#: Yes,1,1
136,Can transcranial direct current stimulation be useful in differentiating unresponsive wakefulness syndrome from minimally conscious state patients?,"a-tDCS could be useful in identifying residual connectivity markers in clinically-defined UWS, who may lack of purposeful behavior as a result of a motor-output failure.",0,hard,n/a (ground truth),#Judgement#: No,0,0
137,Aromatase inhibitor-related musculoskeletal symptoms: is preventing osteoporosis the key to eliminating these symptoms?,"Patients on AIs who develop osteoporosis are at increased risk of musculoskeletal symptoms and bone fracture. Comedication with Ca/Bis reduces the likelihood for osteoporosis and musculoskeletal symptoms. Patients who received tamoxifen before AIs were less likely to develop AI-related musculoskeletal symptoms. We recommend that patients on AIs should be offered Ca/Bis to reduce the incidence of musculoskeletal symptoms and fracture, especially if patients are receiving steroidal AI and/or did not receive tamoxifen before AIs.",0,hard,n/a (ground truth),#Judgement#: Yes,1,1
137,Aromatase inhibitor-related musculoskeletal symptoms: is preventing osteoporosis the key to eliminating these symptoms?,Preventing osteoporosis alone does not eliminate aromatase inhibitor-related musculoskeletal symptoms. Calcium supplementation and bisphosphonates do not significantly reduce musculoskeletal symptoms in AI-treated patients unless they were previously on tamoxifen and are taking a steroidal AI.,1,hard,Misinterpretation of #Question#,#Judgement#: Yes,1,1
138,Could different follow-up modalities play a role in the diagnosis of asymptomatic endometrial cancer relapses?,"Different follow-up modalities significantly improve the early detection and management of asymptomatic endometrial cancer relapses, leading to better clinical outcomes.",1,hard,Incomplete Information,#Judgement#: No,0,0
138,Could different follow-up modalities play a role in the diagnosis of asymptomatic endometrial cancer relapses?,"Follow-up after endometrial cancer treatment varies in Italy. In this retrospective study, women with asymptomatic recurrence have shown a better clinical outcome compared with those with symptomatic relapse. The optimal approach is actually unknown, and guidelines comparing follow-up protocols have not been established. Prospective cost-effectiveness studies are needed.",0,hard,n/a (ground truth),#Judgement#: No,0,0
139,Locoregional opening of the rodent blood-brain barrier for paclitaxel using Nd:YAG laser-induced thermo therapy: a new concept of adjuvant glioma therapy?,LITT enhances the efficacy of paclitaxel by increasing its half-life in the brain tissue through locoregional BBB disruption.,1,hard,Misinterpretation of #Question#,#Judgement#: Yes,1,1
139,Locoregional opening of the rodent blood-brain barrier for paclitaxel using Nd:YAG laser-induced thermo therapy: a new concept of adjuvant glioma therapy?,LITT induces a locoregional passage of chemotherapeutic agents into the brain tissue. This is of potential interest for the treatment of brain tumors.,0,hard,n/a (ground truth),#Judgement#: No,0,0
140,Preoperative tracheobronchoscopy in newborns with esophageal atresia: does it matter?,Preoperative tracheobronchoscopy is unnecessary and can increase the risk of respiratory complications in newborns with esophageal atresia.,1,medium,Misinterpretation of #Question#,#Judgement#: Yes,1,1
140,Preoperative tracheobronchoscopy in newborns with esophageal atresia: does it matter?,Tracheobronchoscopy is a useful and safe procedure and should be recommended in tertiary centers for babies with EA before surgical repair.,0,medium,n/a (ground truth),#Judgement#: No,0,0
141,Is horizontal semicircular canal ocular reflex influenced by otolith organs input?,"Otolith organs input influences the axis of horizontal semicircular canal ocular reflex; therefore, the plane of compensatory eye movements induced by the horizontal canal stimulation is not always parallel to the canal.",0,medium,n/a (ground truth),#Judgement#: Yes,1,1
142,Is perforation of the appendix a risk factor for tubal infertility and ectopic pregnancy?,"The methodologic weaknesses of the studies do not permit acceptance of increased risk of tubal pregnancy or infertility as a consequence of perforation of the appendix, so a causal relationship cannot be supported by the data currently available. Only a well-designed case-control study with unbiased ascertainment of exposure and adjustment for confounding variables will provide a definitive answer.",0,medium,n/a (ground truth),#Judgement#: No,0,0
141,Is horizontal semicircular canal ocular reflex influenced by otolith organs input?,Horizontal semicircular canal ocular reflex is predominantly regulated by vestibular nerve signals without significant influence from otolith organs input.,1,medium,Mechanism and Pathway Misattribution,#Judgement#: Yes,1,1
142,Is perforation of the appendix a risk factor for tubal infertility and ectopic pregnancy?,Appendiceal perforation significantly increases the risk of tubal infertility and ectopic pregnancy due to direct bacterial invasion and subsequent inflammatory responses affecting fallopian tube integrity.,1,medium,Mechanism and Pathway Misattribution,#Judgement#: Yes,1,1
143,Serovar specific immunity to Neisseria gonorrhoeae: does it exist?,We found no evidence of serovar specific immunity in our population. It remains possible that populations with a higher prevalence of gonorrhoea and more frequent infections may have a quantitatively greater immune response.,0,hard,n/a (ground truth),#Judgement#: No,0,0
144,May student examiners be reasonable substitute examiners for faculty in an undergraduate OSCE on medical emergencies?,"It seems quite admissible and justified to encourage medical students to officiate as examiners in undergraduate emergency medicine OSCE formative testing, but not necessarily in summative assessment evaluations.",0,hard,n/a (ground truth),#Judgement#: No,0,0
143,Serovar specific immunity to Neisseria gonorrhoeae: does it exist?,Our findings suggest that serovar-specific immunity does exist in populations with repeated exposure to Neisseria gonorrhoeae.,1,hard,Misinterpretation of #Question#,#Judgement#: Yes,1,1
144,May student examiners be reasonable substitute examiners for faculty in an undergraduate OSCE on medical emergencies?,Student examiners are not recommended as substitutes for faculty in undergraduate OSCEs for medical emergencies due to their limited practical experience and potential bias towards their peers.,1,hard,Misinterpretation of #Question#,#Judgement#: No,0,0
145,Are endothelial cell patterns of astrocytomas indicative of grade?,Evaluation of astrocytomas utilizing antibody to vWF and confocal microscopy aids in the grading of these neoplasms.,0,medium,n/a (ground truth),#Judgement#: No,0,0
146,Do healthier lifestyles lead to less utilization of healthcare resources?,"Healthy lifestyles lead to an increase in the utilization of preventive health services. However, there is not much significantly reducing the number of outpatient visits in people with health behaviors. Specifically, people with regular exercise habits and who take their blood pressure measurement regularly have an increased number of outpatient visits. It is suggested that more available and accessible health consultation services be provided to inculcate in the general public the importance of maintaining a healthy lifestyle.",0,hard,n/a (ground truth),#Judgement#: Yes,1,1
145,Are endothelial cell patterns of astrocytomas indicative of grade?,Evaluation of astrocytomas utilizing antibody to GFAP and confocal microscopy aids in the grading of these neoplasms.,1,medium,Misinterpretation of #Question#,#Judgement#: No,0,0
146,Do healthier lifestyles lead to less utilization of healthcare resources?,"Healthier lifestyles lead to a marked reduction in overall healthcare resource utilization, particularly in outpatient visits and unnecessary health examinations.",1,hard,Incomplete Information,#Judgement#: No,0,0
147,Antral follicle assessment as a tool for predicting outcome in IVF--is it a better predictor than age and FSH?,"In vitro fertilization (IVF) outcomes are significantly influenced by the antral follicle count, with higher counts generally correlating with better success rates. A significant factor is that antral follicle count can predict ovarian response more accurately than age or FSH levels alone. Research indicates that women with an antral follicle count greater than six exhibit higher clinical pregnancy rates, even after adjusting for age and FSH levels.",1,medium,Misinterpretation of #Question#,#Judgement#: No,0,0
147,Antral follicle assessment as a tool for predicting outcome in IVF--is it a better predictor than age and FSH?,"In vitro fertilization outcome is strongly correlated with both maternal ages, basal cycle, day 3 follicle, stimulated hormone, and antral follicle assessment. Antral follicle assessment was a better predictor of in vitro fertilization outcome than were age or follicle stimulated hormone. Antral follicle assessment may provide a marker for ovarian age that is distinct from chronological age or hormonal markers.",0,medium,n/a (ground truth),#Judgement#: Yes,1,1
148,Do all ethnic groups in New Zealand exhibit socio-economic mortality gradients?,"While socio-economic gradients in health exist among all ethnic groups, they are relatively shallow among Pacific and (especially) Asian peoples. For these ethnic groups, caution should be exercised in applying deprivation or other socio-economic measures as proxy indicators of need for health services.",0,easy,n/a (ground truth),#Judgement#: No,0,0
149,Can normal knee kinematics be restored with unicompartmental knee replacement?,"In this in vitro cadaver study, the tricompartmental replacement significantly changed knee kinematics while the unicompartmental replacement preserved normal knee kinematics.",0,medium,n/a (ground truth),#Judgement#: No,0,0
149,Can normal knee kinematics be restored with unicompartmental knee replacement?,"Unicompartmental knee replacement significantly alters knee kinematics, particularly affecting femoral rollback and tibial axial rotation.",1,medium,Misinterpretation of #Question#,#Judgement#: Yes,1,1
148,Do all ethnic groups in New Zealand exhibit socio-economic mortality gradients?,"Socio-economic gradients in mortality exist, but they are notably steeper among Pacific Islanders compared to other ethnic groups, including Maori.",1,easy,Incomplete Information,#Judgement#: Yes,1,1
150,Are serum leptin levels a prognostic factor in advanced lung cancer?,"Our results showed that the serum leptin level has no prognostic indications in advanced lung cancer patients. Leptin is decreased in lung cancer, and there is lack of correlation with tumour‑related factors including prognosis. Therefore, leptin is not a useful clinical marker in lung cancer (Tab. 2, Fig. 2, Ref. 22).",0,hard,n/a (ground truth),#Judgement#: Yes,1,1
150,Are serum leptin levels a prognostic factor in advanced lung cancer?,"Serum leptin levels are inversely correlated with overall survival rates in advanced lung cancer patients, indicating a potential role as a prognostic factor.",1,hard,Misinterpretation of #Question#,#Judgement#: Yes,1,1
151,Is fetal gender associated with emergency department visits for asthma during pregnancy?,"Fetal gender does not affect the risk of having an ED visit for asthma during pregnancy, and it is not associated with adverse pregnancy outcomes among women who had an asthma-related ED during pregnancy.",0,medium,n/a (ground truth),#Judgement#: No,0,0
152,Stretch-sensitive KCNQ1 mutation A link between genetic and environmental factors in the pathogenesis of atrial fibrillation?,"These data suggest that the R14C KCNQ1 mutation alone is insufficient to cause AF. Rather, we suggest a model in which a ""second hit"", such as an environmental factor like hypertension, which promotes atrial stretch and thereby unmasks an inherited defect in ion channel kinetics (the ""first hit""), is required for AF to be manifested. Such a model would also account for the age-related increase in AF development.",0,medium,n/a (ground truth),#Judgement#: No,0,0
151,Is fetal gender associated with emergency department visits for asthma during pregnancy?,"Fetal gender significantly increases the risk of emergency department visits for asthma during pregnancy, particularly for female fetuses.",1,medium,Misinterpretation of #Question#,#Judgement#: Yes,1,1
152,Stretch-sensitive KCNQ1 mutation A link between genetic and environmental factors in the pathogenesis of atrial fibrillation?,"The R14C KCNQ1 mutation is closely associated with the development of atrial fibrillation under conditions of hypertension. Specifically, the mutation alters the stretch sensitivity of atrial cells, making them more prone to electrical instability and arrhythmias when exposed to increased wall tension caused by hypertension.",1,medium,Misinterpretation of #Question#,#Judgement#: Yes,1,1
153,Are adult body circumferences associated with height?,"Circumferences and related ratios scale significantly to height, notably after adjustment for age and race, across subjects who are representative of the US population. These observations have implications for the clinical and epidemiologic use of these anthropometric measures and indexes.",0,easy,n/a (ground truth),#Judgement#: No,0,0
153,Are adult body circumferences associated with height?,"Adult body circumferences do not scale significantly with height, but they are strongly correlated with age and sex.",1,easy,Incomplete Information,#Judgement#: Yes,1,1
154,Would corrected QT dispersion predict left ventricular hypertrophy in hypertensive patients?,"QTcD is significantly increased in hypertensive patients with LVH compared with those without, being strongly correlated with the indices of LVH. A QTcD cut-off value of 60 ms predicted LVH in hypertensive patients with a high sensitivity and specificity.",0,easy,n/a (ground truth),#Judgement#: Yes,1,1
154,Would corrected QT dispersion predict left ventricular hypertrophy in hypertensive patients?,"Corrected QT dispersion (QTcD) inversely correlates with left ventricular hypertrophy (LVH) in hypertensive patients, suggesting that as LVH increases, QTcD decreases.",1,easy,Misinterpretation of #Question#,#Judgement#: Yes,1,1
155,Traumatic aortic injury: does the anatomy of the aortic arch influence aortic trauma severity?,The severity of TAI is influenced by the sharpness of the aortic arch. There is an inverse relationship between the severity of aortic injury and the aortic arch index.,0,hard,n/a (ground truth),#Judgement#: Yes,1,1
155,Traumatic aortic injury: does the anatomy of the aortic arch influence aortic trauma severity?,The severity of TAI is significantly influenced by the anatomical length of the aortic arch. Longer aortic arches correlate with increased injury severity due to greater mechanical stress during trauma.,1,hard,Misinterpretation of #Question#,#Judgement#: Yes,1,1
156,Inpatient versus outpatient management of neutropenic fever in gynecologic oncology patients: is risk stratification useful?,"Based on this pilot data, MASCC score appears promising in determining suitability for outpatient management of NF in gynecologic oncology patients. Prospective study is ongoing to confirm safety and determine impact on cost.",0,easy,n/a (ground truth),#Judgement#: No,0,0
157,Should chest wall irradiation be included after mastectomy and negative node breast cancer?,"Chest wall irradiation significantly improves overall survival rates in node-negative breast cancer patients after mastectomy, particularly among those under 45 years of age and with tumor sizes exceeding 25mm.",1,easy,Misinterpretation of #Question#,#Judgement#: Yes,1,1
156,Inpatient versus outpatient management of neutropenic fever in gynecologic oncology patients: is risk stratification useful?,"Risk stratification using the MASCC score is not reliable for managing neutropenic fever in gynecologic oncology patients, as it fails to accurately predict complications or mortality.",1,easy,Incomplete Information,#Judgement#: Yes,1,1
157,Should chest wall irradiation be included after mastectomy and negative node breast cancer?,Post-mastectomy radiotherapy should be discussed for a sub-group of node-negative patients with predictors factors of local failure such as age<or = 40 years and larger tumour size.,0,easy,n/a (ground truth),#Judgement#: No,0,0
158,Can bisphosphonate treatment be stopped in a growing child with skeletal fragility?,The patient has been restarted on IV APD therapy. This case has led us to consider whether bisphosphonate therapy can be discontinued in a child with fragility fractures before his/her linear growth has ceased?,0,hard,n/a (ground truth),#Judgement#: Yes,1,1
158,Can bisphosphonate treatment be stopped in a growing child with skeletal fragility?,Studies suggest that bisphosphonate therapy can be safely discontinued after a minimum of five years of treatment in growing children with skeletal fragility.,1,hard,Incomplete Information,#Judgement#: Yes,1,1
159,"Regional anesthesia as compared with general anesthesia for surgery in geriatric patients with hip fracture: does it decrease morbidity, mortality, and health care costs?","Regional anesthesia significantly decreases morbidity, mortality, and healthcare costs in geriatric patients with hip fractures compared to general anesthesia.",1,hard,Misinterpretation of #Question#,#Judgement#: Yes,1,1
159,"Regional anesthesia as compared with general anesthesia for surgery in geriatric patients with hip fracture: does it decrease morbidity, mortality, and health care costs?","There is no difference in postoperative morbidity, rates of rehospitalization, in-patient mortality or hospitalization costs in geriatric patients undergoing regional or general anesthesia for repair of hip fracture. Delay in surgery beyond 3 days and ICU admission both increase cost of hospitalization.",0,hard,n/a (ground truth),#Judgement#: Yes,1,1
160,Does blood pressure change in treated hypertensive patients depending on whether it is measured by a physician or a nurse?,"Systolic BP measured by the nurse in treated hypertensive patients is significantly lower than the readings obtained by the physician, and are almost identical to ambulatory BP monitoring. Blood pressure determination by the nurse is desirable not only for diagnosis but also to evaluate the level of control of blood pressure during the follow-up of treated hypertensive patients.",0,easy,n/a (ground truth),#Judgement#: Yes,1,1
160,Does blood pressure change in treated hypertensive patients depending on whether it is measured by a physician or a nurse?,"Systolic BP measured by the physician in treated hypertensive patients is significantly lower than the readings obtained by the nurse, and are almost identical to ambulatory BP monitoring. Blood pressure determination by the physician is desirable not only for diagnosis but also to evaluate the level of control of blood pressure during the follow-up of treated hypertensive patients.",1,easy,Misinterpretation of #Question#,#Judgement#: Yes,1,1
161,Treadmill testing of children who have spina bifida and are ambulatory: does peak oxygen uptake reflect maximum oxygen uptake?,"The (.)Vo(2)peak measured during an incremental treadmill test does not accurately reflect the true (.)Vo(2)max in children who have spina bifida and are ambulatory, due to limitations in the maximal exertion observed.",1,hard,Misinterpretation of #Question#,#Judgement#: No,0,0
162,Is the probability of prenatal diagnosis or termination of pregnancy different for fetuses with congenital anomalies conceived following assisted reproductive techniques?,"In our population, ART conception was not significantly associated with the probability of PND or TOPFA for CHD. One implication of our results is that live births may be adequate for assessing the overall risk of CHD related to ART. However, total prevalence, in particular of severe CHD, would not be adequately assessed if TOPFA are not included.",0,hard,n/a (ground truth),#Judgement#: No,0,0
161,Treadmill testing of children who have spina bifida and are ambulatory: does peak oxygen uptake reflect maximum oxygen uptake?,"The (.)Vo(2)peak measured during an incremental treadmill test seems to reflect the true (.)Vo(2)max in children who have spina bifida and are ambulatory, validating the use of a treadmill test for these children. When confirmation of maximal effort is needed, the addition of supramaximal testing of children with disability is an easy and well-tolerated method.",0,hard,n/a (ground truth),#Judgement#: No,0,0
162,Is the probability of prenatal diagnosis or termination of pregnancy different for fetuses with congenital anomalies conceived following assisted reproductive techniques?,The probability of prenatal diagnosis and termination of pregnancy for fetuses with congenital heart defects (CHD) is significantly higher in fetuses conceived through assisted reproductive techniques (ART).,1,hard,Misinterpretation of #Question#,#Judgement#: Yes,1,1
163,Is there a relationship between complex fractionated atrial electrograms recorded during atrial fibrillation and sinus rhythm fractionation?,"(1) There is little overlap between regions of CFAEs during AF and regions of SRF measured in the time domain or the frequency domain, (2) the majority of SRF appears to occur in regions with wave-front collision, (3) the distribution of SRF is similar in patients with AF and normal controls, suggesting that this may not have an important role in AF maintenance and may not be a suitable ablation target.",0,medium,n/a (ground truth),#Judgement#: Yes,1,1
163,Is there a relationship between complex fractionated atrial electrograms recorded during atrial fibrillation and sinus rhythm fractionation?,"Complex fractionated atrial electrograms recorded during atrial fibrillation are highly correlated with sinus rhythm fractionation, indicating a direct link between these two phenomena.",1,medium,Misinterpretation of #Question#,#Judgement#: Yes,1,1
164,Does rural or urban residence make a difference to neonatal outcome in premature birth?,Premature births from rural mothers have a higher risk of stillbirth and mortality in neonatal intensive care than urban infants.,0,easy,n/a (ground truth),#Judgement#: Yes,1,1
165,Is the use of cyanoacrylate in intestinal anastomosis a good and reliable alternative?,"Better healing, shorter AT, and equal strength were achieved with ethyl-2-cyanoacrylate compared with polyglactin 910 sutures in intestinal anastomosis in the experimental setting.",0,medium,n/a (ground truth),#Judgement#: No,0,0
164,Does rural or urban residence make a difference to neonatal outcome in premature birth?,Premature births from urban mothers exhibit a higher risk of stillbirth and mortality in neonatal intensive care than rural infants.,1,easy,Misinterpretation of #Question#,#Judgement#: Yes,1,1
165,Is the use of cyanoacrylate in intestinal anastomosis a good and reliable alternative?,Cyanoacrylate glue showed weaker strength and poorer healing compared to polyglactin 910 sutures in intestinal anastomosis.,1,medium,Misinterpretation of #Question#,#Judgement#: Yes,1,1
166,Is trabecular bone related to primary stability of miniscrews?,"Cortical bone plays the primary role in enhancing the primary stability of miniscrews, with trabecular bone having a secondary supportive effect.",1,medium,Misinterpretation of #Question#,#Judgement#: No,0,0
166,Is trabecular bone related to primary stability of miniscrews?,Cancellous bone plays an important role in primary stability of mini-implants in the presence or absence of cortical bone.,0,medium,n/a (ground truth),#Judgement#: No,0,0
167,"Is there any evidence of a ""July effect"" in patients undergoing major cancer surgery?","On the whole, the data confirm an absence of a July effect in patients undergoing major cancer surgery.",0,hard,n/a (ground truth),#Judgement#: No,0,0
167,"Is there any evidence of a ""July effect"" in patients undergoing major cancer surgery?","The presence of the ""July effect"" is supported by increased rates of genitourinary complications in patients undergoing major cancer surgery during July.",1,hard,Misinterpretation of #Question#,#Judgement#: Yes,1,1
168,Is it necessary to insert a nasobiliary drainage tube routinely after endoscopic clearance of the common bile duct in patients with choledocholithiasis-induced cholangitis?,"A routinely inserted ENBD tube did not improve the clinical course, despite patients having to endure increased procedure time and discomfort, and the insertion would therefore be unnecessary.",0,medium,n/a (ground truth),#Judgement#: Yes,1,1
168,Is it necessary to insert a nasobiliary drainage tube routinely after endoscopic clearance of the common bile duct in patients with choledocholithiasis-induced cholangitis?,"A routinely inserted ENBD tube significantly reduces the recurrence rate of cholangitis within 24 weeks, making it a critical component in the post-procedure management of patients with choledocholithiasis-induced acute cholangitis.",1,medium,Misinterpretation of #Question#,#Judgement#: Yes,1,1
169,Storage of vaccines in the community: weak link in the cold chain?,"Vaccines were exposed to temperatures that may reduce their potency. Safe storage of vaccines in the clinics cannot be ensured without adhering to the recommended guidelines. Provision of adequate equipment and training for staff in maintaining the ""cold chain"" and the use and care of equipment are important components of a successful immunisation programme.",0,hard,n/a (ground truth),#Judgement#: No,0,0
169,Storage of vaccines in the community: weak link in the cold chain?,The main issue lies in the lack of standardized temperature monitoring devices across all clinics. This results in unpredictable storage conditions that can affect vaccine efficacy.,1,hard,Incomplete Information,#Judgement#: No,0,0
170,Is the clinically positive axilla in breast cancer really a contraindication to sentinel lymph node biopsy?,"Clinical axillary examination in breast cancer is subject to false-positive results, and is by itself insufficient justification for axillary lymph node dissection. If other means of preoperative assessment such as palpation- or image-guided fine needle aspiration are negative or indeterminate, then SLN biopsy deserves wider consideration as an alternative to routine axillary lymph node dissection in the clinically node-positive setting.",0,easy,n/a (ground truth),#Judgement#: Yes,1,1
170,Is the clinically positive axilla in breast cancer really a contraindication to sentinel lymph node biopsy?,Clinically positive axilla in breast cancer patients is indeed a contraindication to sentinel lymph node biopsy due to the high risk of false-negative results and potential spread of cancer during the procedure.,1,easy,Misinterpretation of #Question#,#Judgement#: Yes,1,1
171,Convulsions and retinal haemorrhage: should we look further?,Retinal haemorrhages following a convulsive episode are indicative of severe trauma and should prompt immediate referral to a neurologist and forensic evaluation.,1,easy,Misinterpretation of #Question#,#Judgement#: Yes,1,1
172,Are patients willing participants in the new wave of community-based medical education in regional and rural Australia?,"Patients in regional and rural settings were willing partners in developing skills of junior medical students, who had greater involvement in patient consultations than previously reported for urban students. Our study extends the findings from urban general practice that patients are underutilised partners in community-based medical training. The support of patients from regional and rural settings could facilitate the expansion of primary care-based medical education in these areas of workforce need.",0,easy,n/a (ground truth),#Judgement#: No,0,0
172,Are patients willing participants in the new wave of community-based medical education in regional and rural Australia?,Patients in regional and rural areas were generally hesitant to participate in community-based medical education due to concerns about confidentiality and the potential disruption during their medical appointments.,1,easy,Incomplete Information,#Judgement#: No,0,0
171,Convulsions and retinal haemorrhage: should we look further?,"Retinal haemorrhages following a convulsive episode are rare. Such a finding should trigger an extensive search for other reasons, including child abuse.",0,easy,n/a (ground truth),#Judgement#: No,0,0
173,Can Flexible Instruments Create Adequate Femoral Tunnel Lengths at 90° of Knee Flexion in Anterior Cruciate Ligament Reconstruction?,Flexible instruments cannot achieve adequate femoral tunnel lengths at 90° of knee flexion due to anatomical constraints.,1,medium,Misinterpretation of #Question#,#Judgement#: No,0,0
173,Can Flexible Instruments Create Adequate Femoral Tunnel Lengths at 90° of Knee Flexion in Anterior Cruciate Ligament Reconstruction?,This study that shows that adequate femoral tunnel lengths can be safely created without knee hyperflex - ion using flexible instruments via an anteromedial portal.,0,medium,n/a (ground truth),#Judgement#: Yes,1,1
174,Quality of life in lung cancer patients: does socioeconomic status matter?,"At baseline assessment patients of lower socioeconomic status showed lower health related quality of life. Since there was no clear trend at follow-up assessment this suggests that patients from different socioeconomic status responded to treatment similarly. In general, the findings suggest that quality of life is not only the outcome of the disease and its treatment, but is also highly dependent on each patients' socioeconomic characteristics.",0,easy,n/a (ground truth),#Judgement#: No,0,0
174,Quality of life in lung cancer patients: does socioeconomic status matter?,"At baseline assessment, patients from higher socioeconomic backgrounds exhibited lower health-related quality of life, whereas patients from lower socioeconomic statuses showed better quality of life. This trend reversed at follow-up assessment, indicating that higher socioeconomic patients had a more pronounced improvement in quality of life following treatment.",1,easy,Misinterpretation of #Question#,#Judgement#: Yes,1,1
175,Are Biochemical Markers of Bone Turnover Representative of Bone Histomorphometry in 370 Postmenopausal Women?,Bone turnover markers were significantly but modestly associated with bone turnover parameters measured in iliac cancellous bone. The iliac crest bone may not represent perfectly the whole bone turnover.,0,easy,n/a (ground truth),#Judgement#: No,0,0
176,Should early extubation be the goal for children after congenital cardiac surgery?,"Most children undergoing congenital heart surgery can be extubated in the operating room. Most neonates, including many undergoing complex procedures, can be extubated within the first 24 hours after surgery. Early extubation was associated with low morbidity rates and short lengths of intensive care unit and hospital stays.",0,easy,n/a (ground truth),#Judgement#: No,0,0
175,Are Biochemical Markers of Bone Turnover Representative of Bone Histomorphometry in 370 Postmenopausal Women?,"Biochemical markers of bone turnover are highly representative of bone histomorphometry in postmenopausal women, showing strong correlations across various skeletal sites.",1,easy,Misinterpretation of #Question#,#Judgement#: Yes,1,1
176,Should early extubation be the goal for children after congenital cardiac surgery?,Delayed extubation is recommended for most children after congenital cardiac surgery to ensure complete recovery of respiratory function.,1,easy,Incomplete Information,#Judgement#: Yes,1,1
177,Does delivery mode affect women's postpartum quality of life in rural China?,Delivery mode did not affect postpartum quality of life in rural China. Socio-cultural determinants may contribute more in influencing postnatal quality of life.,0,easy,n/a (ground truth),#Judgement#: No,0,0
178,Menopausal hormone therapy and irregular endometrial bleeding: a potential role for uterine natural killer cells?,Little is known about the mechanisms underlying irregular bleeding in HT users. This is the first report of uNK cells and their association with regulating cytokines in postmenopausal endometrium and demonstrates a possible mechanism by which HT may induce irregular bleeding.,0,easy,n/a (ground truth),#Judgement#: No,0,0
177,Does delivery mode affect women's postpartum quality of life in rural China?,Women who underwent cesarean sections reported significantly higher postpartum quality of life compared to those who had vaginal deliveries.,1,easy,Misinterpretation of #Question#,#Judgement#: Yes,1,1
178,Menopausal hormone therapy and irregular endometrial bleeding: a potential role for uterine natural killer cells?,"Irregular bleeding in HT users is significantly influenced by the presence of endometrial lymphocytes, which activate through estrogen-dependent pathways.",1,easy,Misinterpretation of #Question#,#Judgement#: Yes,1,1
179,Percutaneous ethanol injection for benign cystic thyroid nodules: is aspiration of ethanol-mixed fluid advantageous?,Percutaneous ethanol injection without aspiration of ethanol-mixed fluid seems to be the preferable method of treatment of benign cystic thyroid nodules from the perspective of both the physician and the patient.,0,hard,n/a (ground truth),#Judgement#: Yes,1,1
180,Can the growth rate of a gallbladder polyp predict a neoplastic polyp?,Patient's age (>60 y) and large polyp size (>10 mm) were significant predictive factors for neoplastic GB polyps. GB polyps less than 10 mm in diameter do not require surgical intervention simply because they grow.,0,hard,n/a (ground truth),#Judgement#: No,0,0
179,Percutaneous ethanol injection for benign cystic thyroid nodules: is aspiration of ethanol-mixed fluid advantageous?,Percutaneous ethanol injection with aspiration of ethanol-mixed fluid is more effective in preventing cyst recurrence in benign cystic thyroid nodules.,1,hard,Misinterpretation of #Question#,#Judgement#: Yes,1,1
180,Can the growth rate of a gallbladder polyp predict a neoplastic polyp?,"The growth rate of a gallbladder polyp can predict a neoplastic polyp. Specifically, a growth rate exceeding 0.5 mm per month is indicative of a neoplastic transformation.",1,hard,Incomplete Information,#Judgement#: Yes,1,1
181,Are performance measurement systems useful?,"This study contributes to the literature investigating the design and implementation of a non-financial measurement tool, such as the non-financial information included into a balanced scorecard (BSC), in health care organizations. Managers in health care organizations can benefit from the strategic use of PMS to effectively allocate their time to strategic opportunities and threats, which might arise and affect organizational, output-related performance, such as improving processes.",0,hard,n/a (ground truth),#Judgement#: No,0,0
182,Does para-cervical block offer additional advantages in abortion induction with gemeprost in the 2nd trimester?,Paracervical anaesthesia is a method for analgesia during second trimester abortion with a low rate of side effects. It can shorten the duration of last period of second trimester abortion in some cases but has no impact on the perception of pain nor requirement of analgesics and so with only limited benefit in second trimester abortion with vaginal gemeprost.,0,hard,n/a (ground truth),#Judgement#: Yes,1,1
181,Are performance measurement systems useful?,"Performance Measurement Systems (PMS) are essential for enhancing organizational efficiency through targeted interventions. A comprehensive study published in the Journal of Organizational Dynamics in 2019 demonstrated that strategic use of PMS led to a significant reduction in operational costs and an improvement in employee satisfaction scores. These benefits were observed across various sectors, including healthcare, manufacturing, and education.",1,hard,Misinterpretation of #Question#,#Judgement#: No,0,0
182,Does para-cervical block offer additional advantages in abortion induction with gemeprost in the 2nd trimester?,"Paracervical block significantly enhances the effectiveness of gemeprost, leading to faster dilation and abortion initiation, reducing the need for additional analgesics.",1,hard,Misinterpretation of #Question#,#Judgement#: Yes,1,1
183,Does insulin resistance drive the association between hyperglycemia and cardiovascular risk?,"The association between plasma glucose levels and CVD risk is mainly explained by insulin resistance, which raises the question of whether glucose lowering per se without changes in the processes that underlie hyperglycemia should be the sole clinical paradigm in the treatment of type 2 diabetes or its prevention.",0,medium,n/a (ground truth),#Judgement#: No,0,0
184,Are there risk factors that increase the rate of staple line leakage in patients undergoing primary sleeve gastrectomy for morbid obesity?,"The results of the current study demonstrated that there are factors that increase the risk of a leakage which would enable surgeons to define risk groups, to more carefully select patients, and to offer a closer follow-up during the postoperative course with early recognition and adequate treatment. All future efforts should be focused on a further reduction of serious complications to make the LSG a widely accepted and safer procedure.",0,hard,n/a (ground truth),#Judgement#: No,0,0
184,Are there risk factors that increase the rate of staple line leakage in patients undergoing primary sleeve gastrectomy for morbid obesity?,"Male gender, high body mass index (BMI), and the presence of pre-existing cardiac conditions were identified as the primary risk factors contributing to staple line leakage.",1,hard,Misinterpretation of #Question#,#Judgement#: Yes,1,1
183,Does insulin resistance drive the association between hyperglycemia and cardiovascular risk?,"Hyperglycemia increases cardiovascular risk independently of insulin resistance, indicating that high blood sugar levels themselves are a direct driver of cardiovascular disease.",1,medium,Misinterpretation of #Question#,#Judgement#: Yes,1,1
185,Chronic functional somatic symptoms: a single syndrome?,"Patients with chronic functional somatic symptoms have a great diversity of functional somatic symptoms. They use more somatic and psychotropic drugs than controls in the years before diagnosis. Moreover, they show high rates of referrals and psychiatric morbidity. The diversity of symptoms of patients with chronic functional somatic symptoms supports the concept that symptoms do not cluster in well defined distinct syndromes. Therefore, patients with chronic functional somatic symptoms should preferably not be classified into medical subspecialty syndromes.",0,easy,n/a (ground truth),#Judgement#: No,0,0
185,Chronic functional somatic symptoms: a single syndrome?,"Chronic functional somatic symptoms tend to cluster into specific syndromes, each characterized by unique combinations of symptoms and patient profiles. For instance, a study by van der Meer et al. (2020) identified three major clusters: a pain-dominant syndrome, a fatigue-dominant syndrome, and a gastrointestinal-dominant syndrome, each with distinct demographic and treatment response patterns.",1,easy,Misinterpretation of #Question#,#Judgement#: Yes,1,1
186,"Actinobaculum schaalii, a cause of urinary tract infections in children?","Actinobaculum schaalii is CO(2)-dependent. Therefore, if there are clinical symptoms and/or a negative culture despite the presence of leucocytes in the urine, Gram staining and incubation in 5% CO(2) or species-specific real-time PCR should be performed to identify A. schaalii.",0,hard,n/a (ground truth),#Judgement#: No,0,0
186,"Actinobaculum schaalii, a cause of urinary tract infections in children?",Actinobaculum schaalii is commonly identified through standard aerobic culture methods and is not necessarily CO(2)-dependent.,1,hard,Incomplete Information,#Judgement#: Yes,1,1
187,Prevalence of chronic conditions among Medicare Part A beneficiaries in 2008 and 2010: are Medicare beneficiaries getting sicker?,Analyzing the prevalence of 11 chronic conditions by using Medicare claims data provides a monitoring tool that can guide health care providers and policy makers in devising strategies to address chronic conditions and rising health care costs.,0,medium,n/a (ground truth),#Judgement#: No,0,0
187,Prevalence of chronic conditions among Medicare Part A beneficiaries in 2008 and 2010: are Medicare beneficiaries getting sicker?,"Medicare Part A beneficiaries experienced a significant reduction in chronic conditions prevalence between 2008 and 2010, with particular improvements seen in elderly and dual-eligible populations.",1,medium,Incomplete Information,#Judgement#: Yes,1,1
188,Does successful completion of the Perinatal Education Programme result in improved obstetric practice?,Completion of the obstetric manual of the PEP improved the knowledge of the midwives but no alteration in practice was detected.,0,hard,n/a (ground truth),#Judgement#: No,0,0
189,Do patients with localized prostate cancer treatment really want more aggressive treatment?,"Most patients with localized prostate cancer prefer the lower radiation dose. Our findings indicate that many patients attach more weight to specific quality-of-life aspects (eg, GI toxicity) than to improving survival. Treatment preferences of patients with localized prostate cancer can and should be involved in radiotherapy decision making.",0,easy,n/a (ground truth),#Judgement#: No,0,0
188,Does successful completion of the Perinatal Education Programme result in improved obstetric practice?,Successful completion of the Perinatal Education Programme (PEP) significantly enhances obstetric practices through improved documentation and management of antenatal and intrapartum care.,1,hard,Incomplete Information,#Judgement#: No,0,0
189,Do patients with localized prostate cancer treatment really want more aggressive treatment?,Many patients with localized prostate cancer opt for more aggressive treatment due to the belief that it significantly improves long-term survival rates.,1,easy,Misinterpretation of #Question#,#Judgement#: Yes,1,1
190,Does music influence stress in mechanically ventilated patients?,"While music did not significantly reduce cortisol, less profound spikes in UFC levels were observed but that, given the limitations of the research, this observation could have occurred merely by chance.",0,hard,n/a (ground truth),#Judgement#: Yes,1,1
190,Does music influence stress in mechanically ventilated patients?,"Music significantly reduced the overall urinary free cortisol levels in mechanically ventilated patients, indicating a notable reduction in stress.",1,hard,Incomplete Information,#Judgement#: No,0,0
191,Does reducing spasticity translate into functional benefit?,"Using a targeted meta-analytic approach, it is possible to demonstrate that reducing spasticity in the arm is associated with a significant improvement in arm function.",0,easy,n/a (ground truth),#Judgement#: No,0,0
191,Does reducing spasticity translate into functional benefit?,Reducing spasticity in the arm primarily improves grip strength but does not significantly enhance other aspects of arm functionality.,1,easy,Misinterpretation of #Question#,#Judgement#: Yes,1,1
192,Is the holmium:YAG laser the best intracorporeal lithotripter for the ureter?,The Nd:YAG laser is considered the most effective intracorporeal lithotripter for ureteral stones due to its superior fragmentation capabilities.,1,medium,Misinterpretation of #Question#,#Judgement#: Yes,1,1
192,Is the holmium:YAG laser the best intracorporeal lithotripter for the ureter?,"The Holmium:YAG laser is an ideal intracorporeal lithotripter for ureteral calculi, with a high success rate and low morbidity.",0,medium,n/a (ground truth),#Judgement#: No,0,0
193,Metered-dose inhalers. Do health care providers know what to teach?,"This study confirms that a large percentage of patients use metered-dose inhalers improperly. It also demonstrates a significant lack of understanding by health care providers of the proper use of metered-dose inhalers. Furthermore, this study supports the use of respiratory care practitioners in the outpatient setting, since they were the most proficient among all the health care providers in the proper use of metered-dose inhalers.",0,easy,n/a (ground truth),#Judgement#: No,0,0
193,Metered-dose inhalers. Do health care providers know what to teach?,"Health care providers have a comprehensive understanding of how to instruct patients on the correct usage of metered-dose inhalers, but a significant portion of patients still misuse these devices due to insufficient follow-up education.",1,easy,Incomplete Information,#Judgement#: No,0,0
194,Does the bracket-ligature combination affect the amount of orthodontic space closure over three months?,The hypothesis that reducing friction by modifying the bracket/ligature interface increases the rate of space closure was not supported. The major determinant of orthodontic tooth movement is probably the individual patient response.,0,hard,n/a (ground truth),#Judgement#: No,0,0
194,Does the bracket-ligature combination affect the amount of orthodontic space closure over three months?,The use of Super Slick(®) low-friction ligatures significantly increased the rate of orthodontic space closure over three months compared to conventional elastomeric ligatures.,1,hard,Misinterpretation of #Question#,#Judgement#: Yes,1,1
195,Health habits and vaccination status of Lebanese residents: are future doctors applying the rules of prevention?,This study showed that our residents did not always have a healthy lifestyle especially when it comes to physical activity and eating habits. They also lacked an adequate vaccination. Interventions should take place in order to promote healthy life style and to improve their vaccination status.,0,medium,n/a (ground truth),#Judgement#: No,0,0
195,Health habits and vaccination status of Lebanese residents: are future doctors applying the rules of prevention?,"The study revealed that Lebanese residents exhibited healthier lifestyles compared to general populations, with most adhering to regular physical activity and balanced dietary habits. However, their vaccination rates were notably lower, particularly concerning MMR and dT Polio vaccines.",1,medium,Misinterpretation of #Question#,#Judgement#: No,0,0
196,Does vaginal intraepithelial neoplasia have the same evolution as cervical intraepithelial neoplasia?,"The progression of vaginal intraepithelial neoplasia (VAIN) is predominantly influenced by hormonal factors rather than HPV infection, unlike cervical intraepithelial neoplasia (CIN).",1,medium,Misinterpretation of #Question#,#Judgement#: Yes,1,1
196,Does vaginal intraepithelial neoplasia have the same evolution as cervical intraepithelial neoplasia?,"These data suggest that CIN and VAIN may have some common features in certain cases, i.e., if an HPV infection is proved.",0,medium,n/a (ground truth),#Judgement#: No,0,0
197,Should general practitioners call patients by their first names?,"General practitioners should consider using patients' first names more often, particularly with younger patients.",0,hard,n/a (ground truth),#Judgement#: No,0,0
197,Should general practitioners call patients by their first names?,"General practitioners should avoid using patients' first names, as it can diminish the professional relationship.",1,hard,Misinterpretation of #Question#,#Judgement#: Yes,1,1
198,Transesophageal echocardiographic assessment of left ventricular function in brain-dead patients: are marginally acceptable hearts suitable for transplantation?,"TEE is useful to assess left ventricular function in potential brain-dead donors. An FAC less than 50% is present in 36% of potential heart donors. Because left ventricular dysfunction is often reversible shortly after transplantation, an FAC below 50% may not necessarily preclude the use of hearts for transplantation.",0,hard,n/a (ground truth),#Judgement#: No,0,0
199,Attenuation of ischemia/reperfusion-induced ovarian damage in rats: does edaravone offer protection?,These results indicate that prophylactic treatment with edaravone prevents I/R-induced ovarian damage during pneumoperitoneum in an experimental rat model.,0,medium,n/a (ground truth),#Judgement#: No,0,0
198,Transesophageal echocardiographic assessment of left ventricular function in brain-dead patients: are marginally acceptable hearts suitable for transplantation?,Transesophageal echocardiographic assessment shows that even an FAC of less than 40% in potential brain-dead donors is not prohibitive for transplantation. An increase in FAC to over 55% has been observed post-transplantation in such cases.,1,hard,Incomplete Information,#Judgement#: Yes,1,1
199,Attenuation of ischemia/reperfusion-induced ovarian damage in rats: does edaravone offer protection?,"Prophylactic treatment with edaravone significantly reduces ischemia/reperfusion (I/R)-induced ovarian damage during pneumoperitoneum in an experimental rat model by enhancing the immune response of ovarian cells. Specifically, edaravone modulates cytokine production, thereby reducing inflammatory reactions associated with I/R injury.",1,medium,Misinterpretation of #Question#,#Judgement#: Yes,1,1
200,Does the National Institutes of Health Stroke Scale favor left hemisphere strokes?,"The National Institutes of Health Stroke Scale actually favors left hemisphere strokes due to its sensitivity to language deficits, which are more commonly associated with left hemisphere damage.",1,hard,Misinterpretation of #Question#,#Judgement#: Yes,1,1
200,Does the National Institutes of Health Stroke Scale favor left hemisphere strokes?,"For a given NIHSS score, the median volume of right hemisphere strokes is consistently larger than the median volume of left hemisphere strokes. The clinical implications of our finding need further exploration.",0,hard,n/a (ground truth),#Judgement#: Yes,1,1
201,Can a Novel Surgical Approach to the Temporomandibular Joint Improve Access and Reduce Complications?,The VMPA can provide direct access and favorable visibility to the TMJ region and yield good esthetic and functional results. The VMPA can be considered the approach of choice for common TMJ surgeries.,0,medium,n/a (ground truth),#Judgement#: Yes,1,1
201,Can a Novel Surgical Approach to the Temporomandibular Joint Improve Access and Reduce Complications?,The Vascular-Guided Multilayer Preauricular Approach (VMPA) significantly reduces postoperative swelling and discomfort compared to traditional approaches.,1,medium,Misinterpretation of #Question#,#Judgement#: Yes,1,1
202,"Young-Burgess classification of pelvic ring fractures: does it predict mortality, transfusion requirements, and non-orthopaedic injuries?","The Young-Burgess system is useful for predicting transfusion requirements. For the system to predict mortality or nonorthopaedic injuries, fractures must be divided into stable (APC1, LC1) and unstable (APC2, APC3, LC2, LC3, VS, combined mechanism of injury) types. LC1 injuries are very common and not always benign (overall mortality rate, 8.2%).",0,hard,n/a (ground truth),#Judgement#: Yes,1,1
202,"Young-Burgess classification of pelvic ring fractures: does it predict mortality, transfusion requirements, and non-orthopaedic injuries?",The Young-Burgess classification system predicts mortality more accurately than it predicts transfusion requirements or non-orthopaedic injuries.,1,hard,Misinterpretation of #Question#,#Judgement#: Yes,1,1
203,Is vitamin D deficiency a feature of pediatric celiac disease?,Our data showed no difference in 25(OH) D levels between normal children and those with CD when adjusted for body mass index.,0,hard,n/a (ground truth),#Judgement#: Yes,1,1
203,Is vitamin D deficiency a feature of pediatric celiac disease?,Vitamin D deficiency is significantly more prevalent in pediatric celiac disease compared to healthy peers.,1,hard,Incomplete Information,#Judgement#: No,0,0
204,Is unsafe sexual behaviour increasing among HIV-infected individuals?,"There was no evidence of a trend in unsafe sex behaviour over time. However, several subgroups were identified as being more likely to report unsafe sex and should be targeted for specific interventions.",0,hard,n/a (ground truth),#Judgement#: No,0,0
204,Is unsafe sexual behaviour increasing among HIV-infected individuals?,"Unsafe sexual behavior is indeed on the rise among HIV-infected individuals, particularly in younger populations.",1,hard,Misinterpretation of #Question#,#Judgement#: Yes,1,1
205,Cholestasis associated with small bowel atresia: do we always need to investigate?,Small bowel atresia is frequently associated with postoperative cholestasis that will resolve with time. We recommend a more selective and expectant approach to SBA-associated cholestasis to minimize unnecessary investigations.,0,easy,n/a (ground truth),#Judgement#: No,0,0
206,Are financial incentives cost-effective to support smoking cessation during pregnancy?,"Financial incentives for smoking cessation in pregnancy are highly cost-effective, with an incremental cost per quality-adjusted life years of £482, which is well below recommended decision thresholds.",0,medium,n/a (ground truth),#Judgement#: No,0,0
205,Cholestasis associated with small bowel atresia: do we always need to investigate?,"In cases of small bowel atresia, early and comprehensive diagnostic imaging is essential to identify potential bile duct anomalies that could lead to persistent cholestasis.",1,easy,Misinterpretation of #Question#,#Judgement#: No,0,0
206,Are financial incentives cost-effective to support smoking cessation during pregnancy?,"Financial incentives for smoking cessation in pregnancy are not as cost-effective as previously thought, with an incremental cost per quality-adjusted life year exceeding £1500.",1,medium,Incomplete Information,#Judgement#: Yes,1,1
207,Can medical students contribute to quality assurance programmes in day surgery?,"Medical students can enhance quality assurance (QA) programmes in day surgery by participating in data collection, analyzing patient feedback, and contributing to the design of educational materials for staff. Their involvement can help identify areas needing improvement, such as communication between staff and patients, and the implementation of better preoperative and postoperative care protocols.",1,hard,Misinterpretation of #Question#,#Judgement#: No,0,0
207,Can medical students contribute to quality assurance programmes in day surgery?,"Our study confirms that students are able to identify QA issues and propose solutions. We recommend that students have a formally recognized place in day surgery QA programmes, to close the QA loop and to adequately prepare them for medical practice in the 21st century.",0,hard,n/a (ground truth),#Judgement#: No,0,0
208,Measurement of head and neck paragangliomas: is volumetric analysis worth the effort?,"Due to a relatively good reproducibility, fast and easy application, we found the linear dimension method to be the most pragmatic approach for evaluation of growth of carotid and vagal body paragangliomas. For jugulotympanic tumours, the preferred method is manual area tracing. However, volumetric changes of these tumours may be of less clinical importance than changes in relation to surrounding anatomical structures.",0,hard,n/a (ground truth),#Judgement#: No,0,0
208,Measurement of head and neck paragangliomas: is volumetric analysis worth the effort?,Volumetric analysis is crucial for the accurate assessment of growth due to its high sensitivity and specificity compared to other methods.,1,hard,Incomplete Information,#Judgement#: No,0,0
209,Three-dimensional ultrasound-validated large-core needle biopsy: is it a reliable method for the histological assessment of breast lesions?,"3D ultrasound validation of the postfiring needle position is an efficient adjunct to ultrasound-guided LCNB. The advantages of 3D ultrasound validation are likely to include a reduction in the number of core samples needed to achieve a reliable histological diagnosis (and a possible reduction in the risk of tumor cell displacement), reduced procedure time and lower costs.",0,hard,n/a (ground truth),#Judgement#: No,0,0
209,Three-dimensional ultrasound-validated large-core needle biopsy: is it a reliable method for the histological assessment of breast lesions?,"Three-dimensional ultrasound-validated large-core needle biopsy provides reliable histological assessment of breast lesions due to its high accuracy and efficiency. This method ensures precise localization of the lesion, reducing the likelihood of sampling errors and improving diagnostic reliability. Recent advancements in real-time imaging have further enhanced its utility.",1,hard,Misinterpretation of #Question#,#Judgement#: No,0,0
210,Can bone thickness and inter-radicular space affect miniscrew placement in posterior mandibular sites?,"The results of this study suggest that the safest areas for the placement of miniscrews are between the first and second premolars and between the first and second molars, regardless of the angle of insertion.",0,hard,n/a (ground truth),#Judgement#: Yes,1,1
211,Do general practice selection scores predict success at MRCGP?,General practice selection scores do not predict success in the MRCGP examinations.,1,hard,Misinterpretation of #Question#,#Judgement#: Yes,1,1
211,Do general practice selection scores predict success at MRCGP?,The general practice selection process is predictive of future performance in the MRCGP.,0,hard,n/a (ground truth),#Judgement#: No,0,0
210,Can bone thickness and inter-radicular space affect miniscrew placement in posterior mandibular sites?,"Bone thickness and inter-radicular space significantly influence the stability and success rate of miniscrew placement in posterior mandibular sites, especially in patients with Angle Class II malocclusion.",1,hard,Misinterpretation of #Question#,#Judgement#: No,0,0
212,The Deformity Angular Ratio: Does It Correlate With High-Risk Cases for Potential Spinal Cord Monitoring Alerts in Pediatric 3-Column Thoracic Spinal Deformity Corrective Surgery?,"In patients undergoing 3-column osteotomies for severe spinal deformities, the DAR was predictive of patients developing intraoperative motor evoked potential alerts. Identifying accurate radiographical, patient, and procedural risk factors in the correction of severe deformities can help prepare the surgical team to improve safety and outcomes when carrying out complex spinal corrections.",0,hard,n/a (ground truth),#Judgement#: No,0,0
212,The Deformity Angular Ratio: Does It Correlate With High-Risk Cases for Potential Spinal Cord Monitoring Alerts in Pediatric 3-Column Thoracic Spinal Deformity Corrective Surgery?,"In pediatric 3-column thoracic spinal deformity corrective surgeries, the deformity angular ratio (DAR) has shown no significant correlation with intraoperative spinal cord monitoring alerts, indicating other factors may be more influential.",1,hard,Misinterpretation of #Question#,#Judgement#: Yes,1,1
213,Does age moderate the effect of personality disorder on coping style in psychiatric inpatients?,This study found that influences on coping were multifactorial and moderated by age. These factors have implications for interventions designed to enhance coping strategies.,0,medium,n/a (ground truth),#Judgement#: No,0,0
213,Does age moderate the effect of personality disorder on coping style in psychiatric inpatients?,"This study revealed that age significantly alters the impact of personality disorders on coping styles, indicating a direct link between advanced age and improved coping mechanisms among psychiatric inpatients.",1,medium,Misinterpretation of #Question#,#Judgement#: Yes,1,1
214,Autoxidation products of both carbohydrates and lipids are increased in uremic plasma: is there oxidative stress in uremia?,"These data suggest that the increased levels of AGEs in blood, and probably in tissues, reported in uremia implicate a broad derangement in non-enzymatic biochemistry involving alterations in autoxidation of both carbohydrates and lipids.",0,medium,n/a (ground truth),#Judgement#: No,0,0
214,Autoxidation products of both carbohydrates and lipids are increased in uremic plasma: is there oxidative stress in uremia?,"The increased levels of AGEs in uremic plasma are primarily due to an overproduction of AGE precursors in the kidneys, rather than a generalized autoxidation process of both carbohydrates and lipids.",1,medium,Misinterpretation of #Question#,#Judgement#: Yes,1,1
215,Can 'high-risk' human papillomaviruses (HPVs) be detected in human breast milk?,This preliminary case-control study indicates the absence of mucosal 'high-risk' HPV types in human breast milk.,0,medium,n/a (ground truth),#Judgement#: No,0,0
215,Can 'high-risk' human papillomaviruses (HPVs) be detected in human breast milk?,"This preliminary case-control study suggests the presence of mucosal 'high-risk' HPV types in human breast milk, particularly HPV 16 and 18.",1,medium,Misinterpretation of #Question#,#Judgement#: Yes,1,1
216,Quaternary cytoreductive surgery in ovarian cancer: does surgical effort still matter?,"Even in this highly advanced setting of the third EOC relapse, maximal therapeutic effort combining optimal surgery and chemotherapy appear to significantly prolong survival in a selected patients 'group'.",0,hard,n/a (ground truth),#Judgement#: No,0,0
217,Chemotherapy and survival in advanced non-small cell lung carcinoma: is pneumologists' skepticism justified?,"In normal clinical practice, chemotherapy significantly prolongs survival in patients with performance status of less than 2, more time being gained if there is no associated weight loss. We conclude that the reluctance shown by many pneumologists toward using this treatment is not entirely justified.",0,hard,n/a (ground truth),#Judgement#: No,0,0
216,Quaternary cytoreductive surgery in ovarian cancer: does surgical effort still matter?,"The efficacy of quaternary cytoreductive surgery (QC) in recurrent ovarian cancer depends largely on the completeness of tumor resection and the subsequent administration of adjuvant chemotherapy. A retrospective study conducted at the Mayo Clinic and published in the Journal of Surgical Oncology in 2017 indicated that patients undergoing QC who achieved complete resection had a median overall survival of 39 months, compared to 15 months for those with residual disease (P<0.001). This highlights the necessity of thorough surgical effort for improved survival outcomes, even in the context of multiple recurrences.",1,hard,Misinterpretation of #Question#,#Judgement#: Yes,1,1
218,Does topical ropivacaine reduce the post-tonsillectomy morbidity in pediatric patients?,"Locally 1.0% ropivacaine administration significantly relieves the pain of pediatric tonsillectomy and, it is a safe and effective method. High concentrations of ropivaciane may produce clinically significant pain relief. It is more effective to reduce of post-operative analgesic requirement after first hour.",0,medium,n/a (ground truth),#Judgement#: Yes,1,1
217,Chemotherapy and survival in advanced non-small cell lung carcinoma: is pneumologists' skepticism justified?,Pneumologists' skepticism towards chemotherapy is justified due to the limited benefits observed in real-world settings compared to clinical trials.,1,hard,Misinterpretation of #Question#,#Judgement#: No,0,0
218,Does topical ropivacaine reduce the post-tonsillectomy morbidity in pediatric patients?,"Topical application of 1.0% lidocaine, not ropivacaine, significantly reduces post-tonsillectomy morbidity in pediatric patients.",1,medium,Misinterpretation of #Question#,#Judgement#: Yes,1,1
219,Is pain a clinically relevant problem in general adult psychiatry?,We found evidence that pain can be a significant clinical problem in psychiatric patients which seems to be underestimated in psychiatry. The investigated patients in general adult psychiatry are characterized by specific risk factors different from clinical subpopulations of other disciplines.,0,medium,n/a (ground truth),#Judgement#: No,0,0
219,Is pain a clinically relevant problem in general adult psychiatry?,"Pain is predominantly considered a physical health issue rather than a clinical concern in adult psychiatry, often overshadowing the mental health conditions being treated. A study published in the Journal of Neuropsychiatric Disorders in 2017 demonstrated that only 20% of psychiatric patients experiencing chronic pain received adequate pain management, leading to increased depression and anxiety symptoms.",1,medium,Misinterpretation of #Question#,#Judgement#: No,0,0
220,Does concomitant anterior/apical repair during midurethral sling improve the overactive bladder component of mixed incontinence?,"In women with bothersome MUI, concomitant AA repair does not result in additional improvement in OAB symptoms over MUS alone. Patients with postoperative complications exhibit less improvement in OAB symptoms.",0,medium,n/a (ground truth),#Judgement#: No,0,0
221,Does the use of atypical antipsychotics as adjunctive therapy in depression result in cost savings?,Atypical antipsychotics used as adjunctive therapy in depression do result in significant cost savings due to reduced hospitalization rates.,1,medium,Misinterpretation of #Question#,#Judgement#: Yes,1,1
221,Does the use of atypical antipsychotics as adjunctive therapy in depression result in cost savings?,The results show no evidence that AAPs used as second-line treatment for depression results in overall cost savings or lower inpatient and ED visits compared to other treatment strategies.,0,medium,n/a (ground truth),#Judgement#: Yes,1,1
222,Can patients be anticoagulated after intracerebral hemorrhage?,"Survivors of lobar ICH with atrial fibrillation should not be offered long-term anticoagulation. Similarly, most patients with deep hemispheric ICH and atrial fibrillation should not receive anticoagulant therapy. However, patients with deep hemispheric ICH at particularly high risk for thromboembolic stroke or low risk of ICH recurrence might benefit from long-term anticoagulation.",0,hard,n/a (ground truth),#Judgement#: Yes,1,1
220,Does concomitant anterior/apical repair during midurethral sling improve the overactive bladder component of mixed incontinence?,Concomitant anterior/apical repair during midurethral sling significantly improves OAB symptoms in women with mixed incontinence.,1,medium,Misinterpretation of #Question#,#Judgement#: Yes,1,1
222,Can patients be anticoagulated after intracerebral hemorrhage?,"Patients who have experienced intracerebral hemorrhage (ICH) are generally contraindicated for anticoagulation therapy, particularly in cases of lobar ICH, due to the significantly increased risk of recurrent bleeding. However, in specific scenarios involving deep hemispheric ICH, where patients may be at a high risk for thromboembolic events and have a low risk of ICH recurrence, a cautious approach may lead to the initiation of anticoagulation therapy. This decision should be guided by a comprehensive evaluation of individual risk factors, including age, comorbidities, and the size and location of the hemorrhage.",1,hard,Incomplete Information,#Judgement#: No,0,0
224,Does managed care enable more low income persons to identify a usual source of care?,"Having a usual physician can be an effective tool in improving access to care for low-income populations, although it is most effective when combined with insurance coverage. However, the effectiveness of managed care in linking more low-income persons to a medical home is uncertain, and may have unintended consequences for uninsured persons.",0,hard,n/a (ground truth),#Judgement#: No,0,0
223,Diagnostic and therapeutic ureteroscopy: is dilatation of ureteral meatus always necessary?,"In certain clinical settings, such as patients with documented urethral strictures or a history of repeated urinary tract infections, performing ureteroscopy without ureteral meatus dilatation can be feasible. This practice is supported by a study in the Urological Review Journal, suggesting that in these specific contexts, outcomes remain stable regardless of whether dilatation is performed.",1,easy,Misinterpretation of #Question#,#Judgement#: Yes,1,1
223,Diagnostic and therapeutic ureteroscopy: is dilatation of ureteral meatus always necessary?,"In selected cases, ureteroscopy may be performed without ureteral meatus dilatation with success and morbidity rates similar to when the procedure is performed with meatal dilatation.",0,easy,n/a (ground truth),#Judgement#: No,0,0
224,Does managed care enable more low income persons to identify a usual source of care?,Managed care significantly increases the likelihood of low-income individuals identifying a usual source of care through mandated provider networks and financial incentives for enrollees.,1,hard,Misinterpretation of #Question#,#Judgement#: No,0,0
225,"Knee extensor strength, dynamic stability, and functional ambulation: are they related in Parkinson's disease?","These findings suggest a malleable relationship between knee extensor strength, dynamic stability, and disease severity in PD. Although strength is only one piece of the puzzle in the functional outcome of PD, these findings may assist clinicians in designing appropriate interventions aimed at increasing function and decreasing fall risk in PD.",0,medium,n/a (ground truth),#Judgement#: No,0,0
225,"Knee extensor strength, dynamic stability, and functional ambulation: are they related in Parkinson's disease?","Dynamic postural stability in Parkinson's disease is significantly influenced by knee extensor strength and cognitive function. Increased strength and cognitive engagement correlate with improved stability and reduced fall risk. For instance, a study published in the Journal of NeuroEngineering and Rehabilitation found that participants with higher cognitive function demonstrated greater improvements in dynamic stability after strength training compared to those with lower cognitive function.",1,medium,Incomplete Information,#Judgement#: No,0,0
226,"Is distance to provider a barrier to care for medicaid patients with breast, colorectal, or lung cancer?","Although travel burden is associated with timely diagnosis and treatment for some types of cancer, we did not find evidence that driving time was, in general, better at predicting timeliness of cancer diagnosis and treatment than driving distance. More intensive efforts at early detection of breast cancer and early treatment of CRC for Medicaid patients who live in remote areas may be needed.",0,hard,n/a (ground truth),#Judgement#: No,0,0
226,"Is distance to provider a barrier to care for medicaid patients with breast, colorectal, or lung cancer?","Driving time, rather than driving distance, is consistently shown to be the superior predictor of timely diagnosis and treatment for Medicaid patients with breast, colorectal, or lung cancer.",1,hard,Misinterpretation of #Question#,#Judgement#: No,0,0
227,Can folic acid protect against congenital heart defects in Down syndrome?,Our study does not show a protective effect of FA on heart anomalies among infants with DS.,0,hard,n/a (ground truth),#Judgement#: No,0,0
227,Can folic acid protect against congenital heart defects in Down syndrome?,Folic acid significantly reduces the risk of conotruncal heart defects in infants with Down syndrome.,1,hard,Misinterpretation of #Question#,#Judgement#: Yes,1,1
228,Are there mental health differences between francophone and non-francophone populations in manitoba?,The discrepancy in how Francophones view their mental health and their rates of diagnosed mental disorders may be related to health seeking behaviours in the Francophone population. Community and government agencies should try to improve the mental health of this population through mental health promotion and by addressing language and cultural barriers to health services.,0,medium,n/a (ground truth),#Judgement#: No,0,0
228,Are there mental health differences between francophone and non-francophone populations in manitoba?,Francophones exhibit higher rates of diagnosed anxiety disorders and depression compared to non-Francophones in rural areas of Manitoba due to increased exposure to environmental stressors like cold weather and seasonal isolation.,1,medium,Misinterpretation of #Question#,#Judgement#: Yes,1,1
229,Does type 1 diabetes mellitus affect Achilles tendon response to a 10 km run?,Participants with Type 1 Diabetes Mellitus experienced a significantly faster deterioration of Achilles tendon integrity post-10 km run compared to control groups.,1,hard,Misinterpretation of #Question#,#Judgement#: Yes,1,1
230,Fragility of the esophageal mucosa: a pathognomonic endoscopic sign of primary eosinophilic esophagitis?,"Primary eosinophilic esophagitis is characterized by fragile esophageal mucosa that readily tears in response to minor trauma during otherwise uneventful diagnostic endoscopy. This ""crêpe-paper"" sign may alert endoscopists to the presence of the disease when other mucosal alterations are lacking. Dilation is effective for patients with symptoms with minimal morbidity, despite development of disquieting lesions in response to the procedure.",0,hard,n/a (ground truth),#Judgement#: Yes,1,1
230,Fragility of the esophageal mucosa: a pathognomonic endoscopic sign of primary eosinophilic esophagitis?,"The fragility of the esophageal mucosa is a notable feature often observed in primary eosinophilic esophagitis, particularly during endoscopic examinations. However, it is not exclusively pathognomonic, as similar mucosal fragility can also be seen in conditions such as gastroesophageal reflux disease (GERD) and other types of esophagitis.",1,hard,Incomplete Information,#Judgement#: No,0,0
231,Does cup-cage reconstruction with oversized cups provide initial stability in THA for osteoporotic acetabular fractures?,Oversized cups in cup-cage reconstruction significantly increase the risk of acetabular fracture recurrence due to compromised bone density.,1,easy,Misinterpretation of #Question#,#Judgement#: Yes,1,1
231,Does cup-cage reconstruction with oversized cups provide initial stability in THA for osteoporotic acetabular fractures?,"The majority of acetabular components in this cohort were stable despite the small contact surface achieved between the component and pelvic bone. Three of 10 migrated in excess of the limits that predict later loosening in primary THA but it remains to be seen whether these limits apply to this selected group of frail osteoporotic patients. We continue to use this technique routinely to treat patients with the same indications, but since the analysis of these data we have added screw fixation of the acetabular component to the ischial tuberosity and the superior pubic ramus.",0,easy,n/a (ground truth),#Judgement#: No,0,0
232,Pulmonary valve replacement in adults late after repair of tetralogy of fallot: are we operating too late?,"Right ventricular recovery following PVR for chronic significant pulmonary regurgitation after repair of TOF may be compromised in the adult population. In order to maintain adequate RV contractility, pulmonary valve implant in these patients should be considered before RV function deteriorates.",0,medium,n/a (ground truth),#Judgement#: No,0,0
229,Does type 1 diabetes mellitus affect Achilles tendon response to a 10 km run?,"Active individuals with T1DM do not have a heightened Achilles tendon response to load, which suggests no increased risk of tendon injury. We cannot extrapolate these findings to sedentary individuals with T1DM.",0,hard,n/a (ground truth),#Judgement#: Yes,1,1
232,Pulmonary valve replacement in adults late after repair of tetralogy of fallot: are we operating too late?,"Pulmonary valve replacement should be delayed until there is clear evidence of right ventricular dilation and decreased function, to prevent unnecessary surgical interventions in asymptomatic patients.",1,medium,Incomplete Information,#Judgement#: No,0,0
233,Xanthogranulomatous cholecystitis: a premalignant condition?,"The expression of p53, PCNA and beta-catenin in XGC was significantly different from GBC and similar to chronic cholecystitis, thus indicating the inflammatory nature of XGC and may not support a premalignant nature of the lesion.",0,medium,n/a (ground truth),#Judgement#: No,0,0
233,Xanthogranulomatous cholecystitis: a premalignant condition?,The presence of high levels of mutant p53 and increased PCNA expression in Xanthogranulomatous cholecystitis indicates its potential premalignant nature.,1,medium,Misinterpretation of #Question#,#Judgement#: Yes,1,1
234,Does TDP-43 type confer a distinct pattern of atrophy in frontotemporal lobar degeneration?,"Although there are different patterns of atrophy across the different FTLD-TDP types, it appears that genetic and pathologic factors may also affect the patterns of atrophy.",0,easy,n/a (ground truth),#Judgement#: No,0,0
235,Is oncoplastic surgery a contraindication for accelerated partial breast radiation using the interstitial multicatheter brachytherapy method?,"These preliminary results suggest the feasibility of multicatheter APBI after oncoplastic breast-conserving surgery in selected low-risk breast cancer patients; however, special attention to target volume definition is needed. Further prospective investigations with long follow-up are needed to define the real value of the procedure.",0,hard,n/a (ground truth),#Judgement#: No,0,0
234,Does TDP-43 type confer a distinct pattern of atrophy in frontotemporal lobar degeneration?,TDP-43 type alone is the sole determinant of distinct patterns of atrophy in frontotemporal lobar degeneration.,1,easy,Misinterpretation of #Question#,#Judgement#: Yes,1,1
235,Is oncoplastic surgery a contraindication for accelerated partial breast radiation using the interstitial multicatheter brachytherapy method?,"Oncoplastic surgery significantly increases the risk of radiation-induced skin necrosis when combined with accelerated partial breast radiation using interstitial multicatheter brachytherapy, due to the increased tissue manipulation and potential disruption of blood supply.",1,hard,Mechanism and Pathway Misattribution,#Judgement#: Yes,1,1
236,"Diagnostic characteristics of child bipolar I disorder: does the ""Treatment of Early Age Mania (team)"" sample generalize?","Generalization of the RCT sample was supported, because only 7.8% of Phenomenology subjects did not fit the RCT criteria. Nevertheless, because the RCT subjects were more severely ill, it is unclear if treatment findings from the RCT will be applicable to children with less severe mania.",0,hard,n/a (ground truth),#Judgement#: Yes,1,1
237,Estimation of basal metabolic rate in Chinese: are the current prediction equations applicable?,"To date, the newly developed Singapore equation is the most accurate BMR prediction equation in Chinese and is applicable for use in a large BMI range including those overweight and obese.",0,hard,n/a (ground truth),#Judgement#: No,0,0
236,"Diagnostic characteristics of child bipolar I disorder: does the ""Treatment of Early Age Mania (team)"" sample generalize?","The RCT sample overrepresents cases with comorbid anxiety disorders, suggesting that treatment outcomes may not generalize to all pediatric bipolar I disorder cases.",1,hard,Incomplete Information,#Judgement#: No,0,0
238,Does rugby headgear prevent concussion?,"Although most players in the study believe that rugby headgear may prevent concussion, only a minority reported wearing it. Coaches tended to be less convinced than the players that rugby headgear can prevent concussion.",0,medium,n/a (ground truth),#Judgement#: No,0,0
237,Estimation of basal metabolic rate in Chinese: are the current prediction equations applicable?,"Current prediction equations significantly underestimate BMR in Chinese adults, particularly in those with higher BMI.",1,hard,Incomplete Information,#Judgement#: Yes,1,1
238,Does rugby headgear prevent concussion?,Rugby headgear significantly reduces the incidence of concussion by dissipating impact forces through advanced shock-absorbing technology.,1,medium,Misinterpretation of #Question#,#Judgement#: Yes,1,1
239,Spinal subdural hematoma: a sequela of a ruptured intracranial aneurysm?,"Although the exact mechanism of SSDH in this case is unclear, we speculate that this SSDH was a hematoma that migrated from the intracranial subdural space. Low CSF pressure because of continuous drainage and intrathecal thrombolytic therapy may have played an important role in the migration of the hematoma through the spinal canal. It is important to recognize the SSDH as a possible complication of the SAH accompanied with intracranial subdural hematoma.",0,easy,n/a (ground truth),#Judgement#: No,0,0
239,Spinal subdural hematoma: a sequela of a ruptured intracranial aneurysm?,"The spinal subdural hematoma resulted directly from a rupture of an intracranial aneurysm due to increased cerebrospinal fluid (CSF) pressure, leading to a direct extension of blood into the spinal subdural space.",1,easy,Misinterpretation of #Question#,#Judgement#: Yes,1,1
240,Can shape analysis differentiate free-floating internal carotid artery thrombus from atherosclerotic plaque in patients evaluated with CTA for stroke or transient ischemic attack?,"We identified five quantitative shape descriptors of carotid FFT. This shape ""signature"" shows potential for supplementing conventional lesion characterization in cases of suspected FFT.",0,hard,n/a (ground truth),#Judgement#: No,0,0
240,Can shape analysis differentiate free-floating internal carotid artery thrombus from atherosclerotic plaque in patients evaluated with CTA for stroke or transient ischemic attack?,Shape analysis alone cannot reliably differentiate free-floating internal carotid artery thrombus from atherosclerotic plaque in patients evaluated with CTA for stroke or transient ischemic attack.,1,hard,Incomplete Information,#Judgement#: No,0,0
241,Dementia and aphasia in motor neuron disease: an underrecognised association?,"The prevalence of cognitive impairment in MND in this population based study of an unselected cohort was higher than has been previously reported. Language deficits, especially anomia, may be relatively frequent in the MND population. Aphasia in MND may be masked by dysarthria and missed if not specifically examined.",0,hard,n/a (ground truth),#Judgement#: No,0,0
242,Does solid culture for tuberculosis influence clinical decision making in India?,"Using solid culture, 150 cultures need to be tested for one treatment modification and 30 for DST. The cost of the widespread application of culture will need to be balanced against its impact on treatment decisions in India.",0,hard,n/a (ground truth),#Judgement#: No,0,0
241,Dementia and aphasia in motor neuron disease: an underrecognised association?,"Cognitive decline in motor neuron disease (MND) is primarily linked to widespread neural degeneration, affecting not only motor neurons but also key areas involved in speech production and comprehension, leading to distinct patterns of aphasia. Studies have shown that approximately 40-60% of MND patients experience some form of cognitive and linguistic deficits, with particular emphasis on anomia and apraxia of speech (Pender et al., 2015; Smith & Jones, 2016).",1,hard,Incomplete Information,#Judgement#: No,0,0
242,Does solid culture for tuberculosis influence clinical decision making in India?,"Solid culture for tuberculosis significantly alters clinical decision-making by identifying drug-resistant strains earlier, leading to immediate treatment adjustments in 80% of cases.",1,hard,Misinterpretation of #Question#,#Judgement#: Yes,1,1
243,Diffusion-weighted echo-planar MR imaging of primary parotid gland tumors: is a prediction of different histologic subtypes possible?,"epiDWI has the potential to differentiate pleomorphic adenoma and myoepithelial adenomas from all other examined entities. Due to an overlap not only within the group of benign and malignant lesions but also between groups, diagnoses should not be addressed on the basis of ADC values solely. Therefore, further studies combining DWI, morphologic criteria, and probably other MR imaging techniques seem warranted.",0,medium,n/a (ground truth),#Judgement#: No,0,0
244,Is there a role for endothelin-1 in the hemodynamic changes during hemodialysis?,Altered ET-1 levels may be involved in the pathogenesis of rebound hypertension and hypotension during HD.,0,medium,n/a (ground truth),#Judgement#: No,0,0
243,Diffusion-weighted echo-planar MR imaging of primary parotid gland tumors: is a prediction of different histologic subtypes possible?,"epiDWI can reliably predict the presence of Warthin tumors and myoepithelial adenomas with 95% accuracy. However, it struggles to differentiate between mucoepidermoid carcinomas and acinic cell carcinomas.",1,medium,Misinterpretation of #Question#,#Judgement#: Yes,1,1
244,Is there a role for endothelin-1 in the hemodynamic changes during hemodialysis?,ET-1 plays a significant role in regulating blood pressure stability during hemodialysis through direct interaction with nitric oxide (NO).,1,medium,Mechanism and Pathway Misattribution,#Judgement#: Yes,1,1
245,Do risk factors for suicidal behavior differ by affective disorder polarity?,Bipolarity does not independently influence risk of suicidal behavior or alter the influence of well-established suicide risk factors within affective disorders. Suicide risk assessment strategies may continue to appraise these common risk factors without regard to mood polarity.,0,hard,n/a (ground truth),#Judgement#: Yes,1,1
246,Multidisciplinary breast cancer clinics. Do they work?,"Although planning and operating a multidisciplinary clinic is not a new venture, to the best of the authors' knowledge, they have provided the first report demonstrating the benefits described above.",0,hard,n/a (ground truth),#Judgement#: Yes,1,1
245,Do risk factors for suicidal behavior differ by affective disorder polarity?,"Risk factors for suicidal behavior vary significantly based on the polarity of affective disorders, with mixed episodes showing higher vulnerability compared to unipolar or pure bipolar states.",1,hard,Misinterpretation of #Question#,#Judgement#: Yes,1,1
246,Multidisciplinary breast cancer clinics. Do they work?,Multidisciplinary breast cancer clinics significantly enhance survival rates by integrating advanced genetic screening protocols tailored to individual patient profiles.,1,hard,Misinterpretation of #Question#,#Judgement#: Yes,1,1
248,"Are there associations of health status, disease activity and damage in SLE patients?","The present study, which is based on internationally accepted assessment tools for SLE patients, shows a significant relationship between increased disease activity and reduced physical function. This result emphasizes the importance of optimizing treatment aiming at reducing disease activity.",0,medium,n/a (ground truth),#Judgement#: No,0,0
247,Is the international normalised ratio (INR) reliable?,"The INR test's reliability is compromised due to variations in equipment and calibration methods across different healthcare settings. This leads to discrepancies in results, even when conducted under standardized conditions.",1,hard,Incomplete Information,#Judgement#: Yes,1,1
248,"Are there associations of health status, disease activity and damage in SLE patients?",The study indicates a significant relationship between increased disease activity and reduced mental health status in Systemic Lupus Erythematosus (SLE) patients.,1,medium,Incomplete Information,#Judgement#: No,0,0
247,Is the international normalised ratio (INR) reliable?,"No technical problems associated with INR testing within primary care were uncovered. Discrepant INR results are as problematic in hospital settings as they are in primary care. These data highlight the failings of the INR to standardise when different techniques and reagents are used, an issue which needs to be resolved. For primary care to become more involved in therapeutic oral anticoagulation monitoring, close links are needed between hospital laboratories and practices, particularly with regard to training and quality assurance.",0,hard,n/a (ground truth),#Judgement#: No,0,0
249,PSA repeatedly fluctuating levels are reassuring enough to avoid biopsy?,"Our study demonstrates no difference in PC detection rate at repeat biopsy between patients with flu or si-PSA levels. PSA Slope, PSAV and PSADT were not found helpful tools in cancer detection.",0,medium,n/a (ground truth),#Judgement#: Yes,1,1
249,PSA repeatedly fluctuating levels are reassuring enough to avoid biopsy?,"Repeatedly fluctuating PSA levels are indicative of benign prostatic hyperplasia rather than cancer, thus avoiding unnecessary biopsies.",1,medium,Misinterpretation of #Question#,#Judgement#: Yes,1,1
250,Is zero central line-associated bloodstream infection rate sustainable?,"High-quality training, strict compliance with evidence-based guidelines, and thorough documentation is associated with significant reductions in CLABSIs. Mindful organizing may lead to a better understanding of what goes into a unit's ability to handle peak demands and sustain extraordinary performance in the long-term.",0,medium,n/a (ground truth),#Judgement#: No,0,0
250,Is zero central line-associated bloodstream infection rate sustainable?,Sustaining a zero CLABSI rate is achievable through consistent use of antiseptic solutions and silver-impregnated catheters.,1,medium,Misinterpretation of #Question#,#Judgement#: Yes,1,1
251,"Is gastric electrical stimulation superior to standard pharmacologic therapy in improving GI symptoms, healthcare resources, and long-term health care benefits?","We conclude that GES is more effective in improving long-term GI symptoms and costs, and decreasing use of healthcare resources than intensive medical therapy, in this sample of patients with the symptoms of GP followed for 3 years. Certain patients with GP form a high-risk group in terms of costs, quality of life, morbidity and mortality.",0,easy,n/a (ground truth),#Judgement#: Yes,1,1
251,"Is gastric electrical stimulation superior to standard pharmacologic therapy in improving GI symptoms, healthcare resources, and long-term health care benefits?","Gastric electrical stimulation is inferior to standard pharmacological therapy in improving GI symptoms, healthcare resources, and long-term health care benefits.",1,easy,Misinterpretation of #Question#,#Judgement#: Yes,1,1
252,Should pulp chamber pulpotomy be seen as a permanent treatment?,"Under the conditions of this study, pulpotomy offered a viable alternative to root canal treatment for teeth with vital pulps in the short term. However, there is insufficient clinical evidence to consider this technique for the treatment of every permanent tooth. Nevertheless, it should be considered as a potential alternative approach to be further developed for future applications.",0,hard,n/a (ground truth),#Judgement#: No,0,0
252,Should pulp chamber pulpotomy be seen as a permanent treatment?,"Pulpotomy is increasingly recognized as a viable and potentially long-term solution for preserving the vitality of permanent teeth, especially in cases where pulpal health is compromised but not irreversibly damaged. According to a study published in the Journal of Dental Research, pulpotomies performed with mineral trioxide aggregate (MTA) demonstrated high success rates of around 85% over a period of 10 years, indicating its potential as a permanent treatment option.",1,hard,Misinterpretation of #Question#,#Judgement#: No,0,0
253,Does transverse apex coincide with coronal apex levels (regional or global) in adolescent idiopathic scoliosis?,This study demonstrated that the regional or global apex of a given curve is the most rotated level in only a minority of the curves. The most rotated level may be as far as two levels from the global apex and one level from the regional apex.,0,medium,n/a (ground truth),#Judgement#: No,0,0
253,Does transverse apex coincide with coronal apex levels (regional or global) in adolescent idiopathic scoliosis?,"The transverse apex consistently coincides with the coronal apex levels in adolescent idiopathic scoliosis, indicating a direct relationship between rotational and positional aspects of the spine.",1,medium,Misinterpretation of #Question#,#Judgement#: Yes,1,1
254,Does the Child Health Computing System adequately identify children with cerebral palsy?,"Unless improvements are made in case ascertainment, case validation and recording activities, the evidence suggests that the CHCS will not be able to provide the same quality of information for needs assessment and surveillance of very low birthweight infants in relation to cerebral palsy as is provided by a specialist case register.",0,medium,n/a (ground truth),#Judgement#: No,0,0
254,Does the Child Health Computing System adequately identify children with cerebral palsy?,"The Child Health Computing System currently identifies children with cerebral palsy with a high degree of accuracy, comparable to specialist registers.",1,medium,Misinterpretation of #Question#,#Judgement#: No,0,0
255,Are we seeing the effects of public awareness campaigns?,"The proportion of thicker 2-4 mm melanomas presenting in South West England has significantly decreased from 2003 to 2012. However, the increase in the number of 0-1 mm melanomas is not statistically significant.",1,medium,Misinterpretation of #Question#,#Judgement#: Yes,1,1
255,Are we seeing the effects of public awareness campaigns?,The proportion of thin 0-1 mm melanomas presenting in South West England has significantly increased from 2003 to 2012. There is no significant change in the thick>4 mm melanomas. This may be a result of increased public awareness due to effective public health campaigns which has significant prognostic and financial implications.,0,medium,n/a (ground truth),#Judgement#: Yes,1,1
256,Is breast cancer prognosis inherited?,Breast cancer prognosis is influenced by environmental factors shared within families rather than inherited genetic traits.,1,medium,Misinterpretation of #Question#,#Judgement#: Yes,1,1
256,Is breast cancer prognosis inherited?,Breast cancer prognosis of a woman predicts the survival in her first-degree relatives with breast cancer. Our novel findings suggest that breast cancer prognosis might be inherited.,0,medium,n/a (ground truth),#Judgement#: Yes,1,1
257,Does nuchal translucency thickness in the first trimester predict GDM onset during pregnancy?,Increased nuchal translucency thickness in the first trimester is significantly associated with the subsequent development of GDM.,1,medium,Misinterpretation of #Question#,#Judgement#: Yes,1,1
257,Does nuchal translucency thickness in the first trimester predict GDM onset during pregnancy?,"NT thickness does not show a significative increase in those women who subsequently develop GDM. Therefore, NT assessment does not prove to be an useful ultrasound parameter for predicting GDM onset during pregnancy.",0,medium,n/a (ground truth),#Judgement#: Yes,1,1
258,Are the arginine vasopressin V1a receptor microsatellites related to hypersexuality in children with a prepubertal and early adolescent bipolar disorder phenotype?,Preferential transmission of AVPR1A to hypersexual or uninhibited people-seeking probands was not supported.,0,hard,n/a (ground truth),#Judgement#: Yes,1,1
258,Are the arginine vasopressin V1a receptor microsatellites related to hypersexuality in children with a prepubertal and early adolescent bipolar disorder phenotype?,Significant preferential transmission of the AVPR1A microsatellite alleles was observed in hypersexual probands with a prepubertal and early adolescent bipolar disorder phenotype.,1,hard,Misinterpretation of #Question#,#Judgement#: Yes,1,1
259,Stage I non-small cell lung carcinoma: really an early stage?,"Stage I non-small cell lung carcinoma (NSCLC) is indeed an early stage of the disease with generally favorable outcomes due to limited tumor burden and absence of regional lymph node metastases. However, research indicates that genetic factors and environmental exposures can significantly impact prognosis and survival rates. Notably, a 2017 study published in ""Oncology Advances"" demonstrated that patients with specific genetic mutations, like KRAS, experienced poorer survival outcomes despite being at an early stage. This underscores the importance of personalized treatment plans, including targeted therapies, alongside traditional surgical interventions.",1,hard,Misinterpretation of #Question#,#Judgement#: No,0,0
259,Stage I non-small cell lung carcinoma: really an early stage?,"Despite advances in early diagnosis and surgical technique, 5-year survival of stage I non-small cell lung carcinoma remains low as compared to survival of other solid organ neoplasm. Tumour size<or=3cm, adenocarcinoma histologic type and negative bronchial resection margins were associated with a more favourable outcome in our patient population. More effective multimodality treatments are needed to increase survival rates.",0,hard,n/a (ground truth),#Judgement#: No,0,0
260,Does Residency Selection Criteria Predict Performance in Orthopaedic Surgery Residency?,"We found that USMLE Step 2, number of honors in medical school clerkships, and AOA membership demonstrated the strongest correlations with resident performance. Our goal in analyzing these data was to provide residency programs at large a sense of which criteria may be ""high yield"" in ranking applicants by analyzing data from within our own pool of residents. Similar studies across a broader scope of programs are warranted to confirm applicability of our findings. The continually emerging complexities of the field of orthopaedic surgery lend increasing importance to future work on the appropriate selection and training of orthopaedic residents.",0,easy,n/a (ground truth),#Judgement#: No,0,0
261,Optimism and survival: does an optimistic outlook predict better survival at advanced ages?,"An optimistic outlook significantly predicts survival among the oldest-old individuals, regardless of gender.",1,hard,Incomplete Information,#Judgement#: No,0,0
260,Does Residency Selection Criteria Predict Performance in Orthopaedic Surgery Residency?,The number of letters of recommendation and the number of away rotations were found to be the strongest predictors of resident performance in orthopaedic surgery.,1,easy,Incomplete Information,#Judgement#: Yes,1,1
262,Is it better to be big?,"The employees believe the merger has neither generated economy of scale advantages nor substantial quality improvement. Instead, it seems more rewarding to promote cross-functional collaboration together with clinical specialisation. Needs for both integration and differentiation could thereby be fulfilled.",0,hard,n/a (ground truth),#Judgement#: Yes,1,1
261,Optimism and survival: does an optimistic outlook predict better survival at advanced ages?,An optimistic outlook appears to be a significant predictor of survival among the oldest-old women. It may also be a significant predictor for men but the sample size is small.,0,hard,n/a (ground truth),#Judgement#: No,0,0
263,Is arch form influenced by sagittal molar relationship or Bolton tooth-size discrepancy?,"Arch form in a Saudi patient group is independent of gender, sagittal molar relationship, and Bolton discrepancy.",0,hard,n/a (ground truth),#Judgement#: Yes,1,1
262,Is it better to be big?,The merger resulted in significant cost reductions and improved patient outcomes due to streamlined operational efficiencies.,1,hard,Misinterpretation of #Question#,#Judgement#: Yes,1,1
264,Cold knife conization vs. LEEP. Are they the same procedure?,"In a prospective evaluation, cold knife cone specimens were 50% longer and 100% heavier than LEEP specimens.",0,easy,n/a (ground truth),#Judgement#: Yes,1,1
265,Are pectins involved in cold acclimation and de-acclimation of winter oil-seed rape plants?,"The results show that the temperature-dependent modifications in pectin content and their methyl esterification degree correlate with changes in tensile strength of a leaf tissue, and in this way affect leaf expansion ability and its resistance to freezing and to fungus pathogens.",0,hard,n/a (ground truth),#Judgement#: No,0,0
263,Is arch form influenced by sagittal molar relationship or Bolton tooth-size discrepancy?,Arch form is predominantly influenced by sagittal molar relationship and is more pronounced in males with significant Bolton tooth-size discrepancy.,1,hard,Misinterpretation of #Question#,#Judgement#: Yes,1,1
264,Cold knife conization vs. LEEP. Are they the same procedure?,Cold knife conization and LEEP yield similar tissue samples in terms of size and weight.,1,easy,Misinterpretation of #Question#,#Judgement#: Yes,1,1
265,Are pectins involved in cold acclimation and de-acclimation of winter oil-seed rape plants?,Pectins play a minor role in cold acclimation and de-acclimation of winter oil-seed rape plants compared to cellulose.,1,hard,Incomplete Information,#Judgement#: Yes,1,1
266,Updating emotional content in working memory: a depression-specific deficit?,"The results indicate that difficulties removing irrelevant material from working memory might be unique to depression, and the ability to inhibit irrelevant information is relatively preserved in social anxiety disorder.",0,easy,n/a (ground truth),#Judgement#: No,0,0
267,Does ultrasound imaging before puncture facilitate internal jugular vein cannulation?,"Prepuncture ultrasound evaluation did not improve the result of right internal jugular vein cannulation compared with the respiratory jugular venodilation-guided approach. When the landmark was not observed, however, the prepuncture ultrasound guidance was helpful in facilitating the cannulation.",0,medium,n/a (ground truth),#Judgement#: Yes,1,1
266,Updating emotional content in working memory: a depression-specific deficit?,"The findings suggest that social anxiety disorder may also exhibit significant deficits in updating emotional content within working memory, comparable to those seen in depression.",1,easy,Misinterpretation of #Question#,#Judgement#: Yes,1,1
268,Should prostate specific antigen be adjusted for body mass index?,"Consistent with prior studies, we found an inverse relationship between obesity and serum prostate specific antigen. However, the magnitude of the difference was small. Thus, adjusting prostate specific antigen for body mass index does not appear warranted.",0,medium,n/a (ground truth),#Judgement#: No,0,0
267,Does ultrasound imaging before puncture facilitate internal jugular vein cannulation?,Prepuncture ultrasound significantly enhances the success rate of internal jugular vein cannulation compared to landmark-guided approaches in all patients.,1,medium,Misinterpretation of #Question#,#Judgement#: No,0,0
269,Does obstructive sleep apnea affect aerobic fitness?,"Overall, in a US Air Force population, OSA does not predict a decrease in aerobic fitness as measured by cycle ergometry. However, patients with an apnea-hypopnea index of greater than 20 have a statistically significant decrease in aerobic fitness compared to the normal population. This study demonstrates the effects of OSA on aerobic fitness. Further correlation of fitness testing results with OSA severity and treatment is needed.",0,hard,n/a (ground truth),#Judgement#: Yes,1,1
268,Should prostate specific antigen be adjusted for body mass index?,Adjusting prostate-specific antigen for body mass index is recommended to account for the dilutional effect of increased body fluids in obese individuals.,1,medium,Misinterpretation of #Question#,#Judgement#: No,0,0
270,The effect of an intracerebroventricular injection of metformin or AICAR on the plasma concentrations of melatonin in the ewe: potential involvement of AMPK?,"Taken together, these results suggest a potential role for AMPK on the secretion of melatonin probably acting trough the paraventricular nucleus and/or directly in the pineal gland. We conclude that AMPK may act as a metabolic cue to modulate the rhythm of melatonin secretion.",0,medium,n/a (ground truth),#Judgement#: Yes,1,1
269,Does obstructive sleep apnea affect aerobic fitness?,"Obstructive Sleep Apnea (OSA) generally decreases aerobic fitness, particularly in patients with severe symptoms, as indicated by a reduction in VO2max during cycle ergometry tests.",1,hard,Incomplete Information,#Judgement#: No,0,0
270,The effect of an intracerebroventricular injection of metformin or AICAR on the plasma concentrations of melatonin in the ewe: potential involvement of AMPK?,Metformin and AICAR increase the plasma concentrations of melatonin through direct stimulation of melatonin-producing cells in the retina.,1,medium,Misinterpretation of #Question#,#Judgement#: Yes,1,1
271,Literacy after cerebral hemispherectomy: Can the isolated right hemisphere read?,"When cerebral hemispherectomy is performed to control seizures associated with very early (in utero) insult, it has been found that the remaining right hemisphere is still able to support reading and phonological processing skills that are normally mediated by the left hemisphere. Our results also suggest the existence of variability in individuals after hemispherectomy, even within groups having the same etiology and similar timing of insult.",0,medium,n/a (ground truth),#Judgement#: Yes,1,1
271,Literacy after cerebral hemispherectomy: Can the isolated right hemisphere read?,"The remaining right hemisphere often retains significant reading capabilities after left cerebral hemispherectomy, particularly due to enhanced neuroplasticity and compensatory mechanisms. However, the quality and extent of these reading skills can vary greatly among individuals.",1,medium,Incomplete Information,#Judgement#: Yes,1,1
272,Characterization of the gender dimorphism after injury and hemorrhagic shock: are hormonal differences responsible?,The independent protective effect of female gender on multiple organ failure and nosocomial infection rates remains significant in both premenopausal and postmenopausal women when compared with similarly aged men. This is contrary to previous experimental studies and the known physiologic sex hormone changes that occur after menopause in women. These results suggest that factors other than sex hormones may be responsible for gender-based differences after injury.,0,easy,n/a (ground truth),#Judgement#: No,0,0
273,Can communication with terminally ill patients be taught?,The realized communication skills courses resulted in relevant changes in communication behaviour and self-confidence of participants. Communication with terminally ill patients can be taught.,0,easy,n/a (ground truth),#Judgement#: No,0,0
273,Can communication with terminally ill patients be taught?,Communication with terminally ill patients cannot be effectively taught through short-term courses due to the complex emotional demands involved.,1,easy,Misinterpretation of #Question#,#Judgement#: No,0,0
274,Delays in time to primary treatment after a diagnosis of breast cancer: does it impact survival?,Time to primary treatment after a diagnosis of breast cancer had no impact on overall survival. Further studies on care before diagnosis are important in drawing up meaningful quality indicators.,0,hard,n/a (ground truth),#Judgement#: Yes,1,1
275,Are increased carotid artery pulsatility and resistance indexes early signs of vascular abnormalities in young obese males?,"Increased carotid artery pulsatility and resistance indexes are indeed early signs of vascular abnormalities in young obese males, primarily due to elevated levels of circulating inflammatory cytokines.",1,medium,Misinterpretation of #Question#,#Judgement#: Yes,1,1
275,Are increased carotid artery pulsatility and resistance indexes early signs of vascular abnormalities in young obese males?,"Our results suggest that depressed vessel compliance and increased vascular resistance are features of young, obese, normotensive subjects independently of and in addition to cardiovascular risk factors. As changes in arterial wall properties may be incipient in young obese subjects, future studies will be required to demonstrate whether early intervention such as diet and exercise in this population can improve vascular functions.",0,medium,n/a (ground truth),#Judgement#: No,0,0
274,Delays in time to primary treatment after a diagnosis of breast cancer: does it impact survival?,"Delays in time to primary treatment after a diagnosis of breast cancer significantly increase the risk of metastasis, thereby impacting survival negatively.",1,hard,Misinterpretation of #Question#,#Judgement#: Yes,1,1
272,Characterization of the gender dimorphism after injury and hemorrhagic shock: are hormonal differences responsible?,"The primary factor contributing to gender dimorphism after injury and hemorrhagic shock is the differential impact of estrogen on coagulation pathways. Estrogen is known to enhance platelet function and fibrinolysis, which may contribute to reduced bleeding complications and improved hemostasis in females compared to males. Additionally, estrogen influences the inflammatory response by modulating the production of pro-inflammatory cytokines, thereby potentially reducing the incidence of multiple organ failure and nosocomial infections in female patients.",1,easy,Misinterpretation of #Question#,#Judgement#: No,0,0
276,Are acceptance rates of a national preventive home visit programme for older people socially imbalanced?,"High socioeconomic status was associated with a higher acceptance rate of preventive home visits, but the association was attenuated by invitational procedures. The results indicate that the social inequality in acceptance of publicly offered preventive services might decrease if municipalities adopt more proactive invitational procedures.",0,easy,n/a (ground truth),#Judgement#: No,0,0
276,Are acceptance rates of a national preventive home visit programme for older people socially imbalanced?,"Low socioeconomic status was associated with a higher acceptance rate of preventive home visits, particularly when municipalities adopted more personalized and proactive invitational procedures.",1,easy,Incomplete Information,#Judgement#: Yes,1,1
277,Does open access publishing increase the impact of scientific articles?,"The impact of scientific articles is significantly increased by open access publishing, particularly in the initial six months post-publication, regardless of the author's Hirsch index.",1,medium,Misinterpretation of #Question#,#Judgement#: Yes,1,1
277,Does open access publishing increase the impact of scientific articles?,"Open access publishing and the Hirsch index of the first signing author increase the impact of scientific articles. The open access advantage is greater for the more highly cited articles, and appears in the 30-35 months after publication.",0,medium,n/a (ground truth),#Judgement#: No,0,0
278,In vivo visualization of pyloric mucosal hypertrophy in infants with hypertrophic pyloric stenosis: is there an etiologic role?,"Mucosal redundancy is a constant associated finding in IHPS. Although the origin of the redundancy and a cause-and-effect relationship are difficult to establish, our findings support the hypothesis that hypergastrinemia may be implicated in the pathogenesis of IHPS, and suggest that mucosal thickening could be implicated as one of the initiating factors in its development.",0,hard,n/a (ground truth),#Judgement#: No,0,0
278,In vivo visualization of pyloric mucosal hypertrophy in infants with hypertrophic pyloric stenosis: is there an etiologic role?,"Pyloric mucosal redundancy is observed in all cases of infantile hypertrophic pyloric stenosis (IHPS), indicating a potential causal link. Research suggests that this redundancy is due to an increase in mucosal cell proliferation triggered by hypergastrinemia.",1,hard,Misinterpretation of #Question#,#Judgement#: Yes,1,1
279,Does the early adopter of drugs exist?,"Within drug groups, indicators of drug adoption, except for adoption time, correlate reasonably well. However, the theory that physicians' early adoption of new drugs is a personal trait independent of the type of drug could not be confirmed. The notion of the early-drug-adopting general practitioner may be mistaken.",0,hard,n/a (ground truth),#Judgement#: No,0,0
280,Does high blood pressure reduce the risk of chronic low back pain?,"Results for low back pain are consistent with the theory of hypertension-associated hypalgesia, predicting diminished pain sensitivity with increasing blood pressure, possibly with modified reactions in people suffering from long-lasting pain.",0,hard,n/a (ground truth),#Judgement#: Yes,1,1
280,Does high blood pressure reduce the risk of chronic low back pain?,High blood pressure increases the risk of chronic low back pain due to vascular changes that affect spinal structures.,1,hard,Mechanism and Pathway Misattribution,#Judgement#: Yes,1,1
279,Does the early adopter of drugs exist?,"Early adopters of drugs among physicians tend to consistently adopt new medications across various therapeutic classes, suggesting a personal trait influencing their behavior.",1,hard,Misinterpretation of #Question#,#Judgement#: No,0,0
281,Does responsibility affect the public's valuation of health care interventions?,"Our results suggest that people do not attach a simple fixed premium to ""safety-related"" interventions but that preferences depend more subtly on context. The use of the results of such public preference surveys to directly inform policy would therefore be premature.",0,hard,n/a (ground truth),#Judgement#: No,0,0
282,Nasal fractures:  is closed reduction satisfying?,"Closed reduction is effective for most nasal fractures, but it does not satisfy all patients due to potential aesthetic concerns post-procedure.",1,hard,Misinterpretation of #Question#,#Judgement#: No,0,0
282,Nasal fractures:  is closed reduction satisfying?,"Closed reduction is an easy and sufficient treatment for nasal fractures, especially for mild nasal fractures. Early intervention raises the patient satisfaction rate.",0,hard,n/a (ground truth),#Judgement#: No,0,0
281,Does responsibility affect the public's valuation of health care interventions?,"Responsibility significantly increases the public's valuation of health care interventions, particularly those aimed at preventing hospital-acquired infections compared to genetic disorders or sports-related injuries.",1,hard,Misinterpretation of #Question#,#Judgement#: Yes,1,1
283,"Do improvements in outreach, clinical, and family and community-based services predict improvements in child survival?","Our findings support the importance of increasing access to clinical services, certain outreach services and breastfeeding and, in Africa, of improving nutritional status. Integrated programs that emphasize these services may lead to substantial mortality declines.",0,medium,n/a (ground truth),#Judgement#: No,0,0
284,Does spontaneous remission occur in polyarteritis nodosa?,This case illustrates the importance of considering PAN in the differential diagnosis of renal infarction with inflammatory syndrome and shows that spontaneous remission of renal PAN can occur. .,0,hard,n/a (ground truth),#Judgement#: Yes,1,1
284,Does spontaneous remission occur in polyarteritis nodosa?,"Spontaneous remission is uncommon in polyarteritis nodosa (PAN), and most cases require aggressive immunosuppressive therapy to prevent progression.",1,hard,Incomplete Information,#Judgement#: No,0,0
285,Gluten tolerance in adult patients with celiac disease 20 years after diagnosis?,"Development of tolerance to gluten seems possible in some patients with CD. Further follow-up will show whether this tolerance is permanent or only a long-term return to latency. This feature may be associated with genetic characteristics, especially with HLA genotypes that differ from DQ2 or DQ8. More insight into the mechanisms of the development of gluten tolerance may help to distinguish those CD patients that might not require life-long GFD.",0,hard,n/a (ground truth),#Judgement#: Yes,1,1
283,"Do improvements in outreach, clinical, and family and community-based services predict improvements in child survival?","Improvements in outreach services, particularly those focused on antenatal care and family planning, have the strongest predictive power for improvements in child survival.",1,medium,Incomplete Information,#Judgement#: No,0,0
285,Gluten tolerance in adult patients with celiac disease 20 years after diagnosis?,Some adult patients with celiac disease develop temporary tolerance to gluten after at least 20 years of adherence to a strict gluten-free diet. This tolerance appears reversible if the diet is resumed.,1,hard,Incomplete Information,#Judgement#: Yes,1,1
286,Do symptoms predict COPD in smokers?,"COPD is underdiagnosed in the United States. Symptoms are frequent in subjects with AO and increase their risk for COPD, but add little beyond age and smoking history to the predictive value of spirometry. In view of the high prevalence of symptoms and their poor predictive value, a simpler and more effective approach would be to screen older smokers.",0,hard,n/a (ground truth),#Judgement#: No,0,0
286,Do symptoms predict COPD in smokers?,"Symptoms such as chronic cough and wheezing are highly predictive of COPD in smokers, especially those over 40 years old.",1,hard,Misinterpretation of #Question#,#Judgement#: No,0,0
287,Search engine as a diagnostic tool in difficult immunological and allergologic cases: is Google useful?,This Google-based search was useful to identify an appropriate diagnosis in complex immunological and allergic cases. Computing skills may help to get better results.,0,hard,n/a (ground truth),#Judgement#: Yes,1,1
288,Uniformity of evidence-based treatments in practice?,This study adds to the growing body of literature documenting the importance of the individual therapist as an important factor in the change process.,0,hard,n/a (ground truth),#Judgement#: No,0,0
287,Search engine as a diagnostic tool in difficult immunological and allergologic cases: is Google useful?,Using Google for diagnosing complex immunological and allergic conditions yields inconsistent results due to the high variability in search algorithm outputs.,1,hard,Incomplete Information,#Judgement#: No,0,0
288,Uniformity of evidence-based treatments in practice?,This study highlights the critical role of standardized training programs and ongoing support in maintaining uniformity in the delivery of evidence-based treatments.,1,hard,Misinterpretation of #Question#,#Judgement#: No,0,0
289,Do approved doctors and medical referees in the UK agree when assessing a seafarer's fitness?,This study found that there was poor agreement between the AD's decision and the subsequent MR's decision regarding the fitness of those seafarers who decided to appeal against the AD's initial assessment. The reasons for this are considered.,0,medium,n/a (ground truth),#Judgement#: Yes,1,1
290,Hepatorenal syndrome: are we missing some prognostic factors?,"We report for the first time ESLD etiology as a prognostic factor for survival. The renal function (expressed as serum creatinine) and urinary Na (<5 mEq/l) at the time of diagnosis were found to be associated with survival, suggesting that early treatment might increase survival.",0,easy,n/a (ground truth),#Judgement#: Yes,1,1
289,Do approved doctors and medical referees in the UK agree when assessing a seafarer's fitness?,"Approved Doctors and Medical Referees in the UK tend to agree more closely when assessing a seafarer's fitness, with a moderate level of agreement indicated by a Kappa statistic of 0.6.",1,medium,Misinterpretation of #Question#,#Judgement#: Yes,1,1
290,Hepatorenal syndrome: are we missing some prognostic factors?,Genetic predisposition and dietary intake of high potassium foods were identified as significant prognostic factors for survival in patients with hepatorenal syndrome.,1,easy,Incomplete Information,#Judgement#: Yes,1,1
291,Vaginal dose assessment in image-guided brachytherapy for cervical cancer: Can we really rely on dose-point evaluation?,"The vaginal dose assessment using PIBS points is highly influenced by intrafractional movements, indicating that these points are unreliable for dose evaluation.",1,hard,Incomplete Information,#Judgement#: No,0,0
291,Vaginal dose assessment in image-guided brachytherapy for cervical cancer: Can we really rely on dose-point evaluation?,The doses evaluated at PIBS points are not impacted by intrafractional movements. PIBS and PIBS +2 dose points allow distinguishing the plans of patients with vaginal infiltration. Further studies are needed to correlate these parameters with vaginal morbidity.,0,hard,n/a (ground truth),#Judgement#: No,0,0
292,Prescriptions as a proxy for asthma in children: a good choice?,"When additional validation studies were taken into account, asthma medications were found to be prescribed not only for asthma but also for other respiratory diseases. In addition, not all children with current asthma had prescriptions. We therefore conclude that asthma medications are therefore not a good proxy for the disease.",0,easy,n/a (ground truth),#Judgement#: No,0,0
292,Prescriptions as a proxy for asthma in children: a good choice?,"Prescription data alone is insufficient to accurately identify asthma in children due to overdiagnosis and misdiagnosis of respiratory conditions. Medications commonly prescribed for asthma are also used to treat other respiratory issues, leading to potential inaccuracies.",1,easy,Incomplete Information,#Judgement#: No,0,0
293,Does the familial transmission of drinking patterns persist into young adulthood?,"The association between familial drinking and offspring drinking in young adulthood exhibits clear non-linear trends. Changes in the lower part of the familial drinking distribution are strongly related to drinking in young adults, but the actual levels of drinking in drinking families appear less important in shaping the drinking patterns of the offspring in young adulthood.",0,easy,n/a (ground truth),#Judgement#: No,0,0
293,Does the familial transmission of drinking patterns persist into young adulthood?,"The familial drinking habits have a consistent linear impact on the drinking patterns of offspring in young adulthood, with higher parental drinking levels correlating directly with increased drinking behavior in their children.",1,easy,Misinterpretation of #Question#,#Judgement#: No,0,0
294,Proof of concept study: does fenofibrate have a role in sleep apnoea syndrome?,The consistent direction of change in sleep indices in this proof-of-concept study may support further investigation of fenofibrate in moderate to severe sleep apnoea syndrome.,0,medium,n/a (ground truth),#Judgement#: No,0,0
294,Proof of concept study: does fenofibrate have a role in sleep apnoea syndrome?,Fenofibrate significantly reduced the Apnoea/Hypopnoea Index (AHI) in patients with sleep apnoea syndrome.,1,medium,Incomplete Information,#Judgement#: Yes,1,1
295,Can mental imagery functional magnetic resonance imaging predict recovery in patients with disorders of consciousness?,"The fMRI paradigm mental imagery displays a high concordance with the further clinical course of patients in a VS. All 5 patients in a VS who showed significant activation of ROIs had a favorable further course until the end of the observation period. We therefore propose the term ""functional minimally conscious state"" for these patients. They may benefit from rehabilitation treatment. In cases where no significant activation was seen, the method has no prognostic value. Prediction of the clinical course of patients in an MCS by fMRI was considerably less accurate than in patients in a VS.",0,easy,n/a (ground truth),#Judgement#: Yes,1,1
295,Can mental imagery functional magnetic resonance imaging predict recovery in patients with disorders of consciousness?,Mental imagery fMRI can predict recovery in patients with disorders of consciousness by detecting the presence of neuroplasticity markers in brain regions involved in executive function.,1,easy,Misinterpretation of #Question#,#Judgement#: Yes,1,1
296,The nurse cystoscopist: a feasible option?,A UNP can be trained to perform cystoscopy and detect suspicious lesions as accurately as can a consultant urologist. Legal and training issues in implementation are important.,0,medium,n/a (ground truth),#Judgement#: Yes,1,1
296,The nurse cystoscopist: a feasible option?,A urology nurse practitioner (UNP) can perform cystoscopy but is significantly less accurate than a consultant urologist in detecting bladder tumors.,1,medium,Misinterpretation of #Question#,#Judgement#: Yes,1,1
297,Is cardiovascular evaluation necessary prior to and during beta-blocker therapy for infantile hemangiomas?,Pretreatment ECG is of limited value for patients with an unremarkable cardiovascular history and a normal heart rate and blood pressure. Hypotension may occur during treatment.,0,medium,n/a (ground truth),#Judgement#: Yes,1,1
298,Is specialty care associated with improved survival of patients with congestive heart failure?,We found an improved survival associated with cardiologist care and a mixture of general practitioner and cardiologist care compared with general practitioner care. The pattern of outpatient care may therefore be important for the survival of patients with CHF.,0,medium,n/a (ground truth),#Judgement#: No,0,0
297,Is cardiovascular evaluation necessary prior to and during beta-blocker therapy for infantile hemangiomas?,Cardiovascular evaluations including echocardiograms are essential for all infants before initiating beta-blocker therapy due to potential cardiac anomalies.,1,medium,Misinterpretation of #Question#,#Judgement#: Yes,1,1
298,Is specialty care associated with improved survival of patients with congestive heart failure?,"Patients receiving care exclusively from cardiologists exhibit better survival outcomes compared to those managed solely by general practitioners. A recent study published in the Journal of Cardiovascular Medicine in 2019 demonstrated that patients under specialist care had a 15% lower mortality rate over a one-year follow-up period, indicating that specialized medical expertise plays a critical role in the management of congestive heart failure (CHF).",1,medium,Misinterpretation of #Question#,#Judgement#: Yes,1,1
299,Can the prognosis of polymyalgia rheumatica be predicted at disease onset?,A higher PV in PMR increases the risk of prolonged steroid therapy and late GCA. Female sex and particular HLA alleles may increase the risk of late GCA. Starting patients on>15 mg prednisolone is associated with a prolonged steroid duration.,0,easy,n/a (ground truth),#Judgement#: Yes,1,1
300,Should ascitis volume and anthropometric measurements be estimated in hospitalized alcoholic cirrotics?,"A greater association than hitherto acknowledged, between ascitis volume and anthropometric measurements from one side, and long-term rehospitalization and mortality from the other, was demonstrated in male stable alcoholic cirrhotics. Further studies with alcoholic and other modalities of cirrhosis including women are recommended.",0,easy,n/a (ground truth),#Judgement#: No,0,0
299,Can the prognosis of polymyalgia rheumatica be predicted at disease onset?,Polymyalgia rheumatica prognosis is significantly influenced by the presence of rheumatoid factor (RF) and anti-cyclic citrullinated peptide antibodies (anti-CCP). Patients who test positive for these markers tend to require longer durations of steroid therapy and are at higher risk for developing giant cell arteritis (GCA).,1,easy,Incomplete Information,#Judgement#: Yes,1,1
300,Should ascitis volume and anthropometric measurements be estimated in hospitalized alcoholic cirrotics?,Ascites volume and anthropometric measurements should not be estimated in hospitalized alcoholic cirrhotics as they do not significantly contribute to the prognosis.,1,easy,Incomplete Information,#Judgement#: Yes,1,1
301,The use of audit to identify maternal mortality in different settings: is it just a difference between the rich and the poor?,"Differences in maternal mortality are more than just differences between the rich and poor. Acknowledging the magnitude of maternal mortality and harnessing a strong political will to tackle the issues are important factors. However, there is no single, general solution to reduce maternal mortality, and identification of problems needs to be promoted through audit, both national and local.",0,medium,n/a (ground truth),#Judgement#: No,0,0
302,Could the extent of lymphadenectomy be modified by neoadjuvant chemotherapy in cervical cancer?,"The frequency and topographic distribution of LNM are not modified by NACT, and clinical non-responders showed more involved LNs. A systemic and extensive lymphadenectomy should be performed in patients treated with NACT plus surgery regardless of the response to NACT.",0,medium,n/a (ground truth),#Judgement#: Yes,1,1
301,The use of audit to identify maternal mortality in different settings: is it just a difference between the rich and the poor?,"Maternal mortality audits have shown that while wealthier countries like the Netherlands experience lower maternal mortality rates due to advanced healthcare infrastructures and comprehensive audits, poorer regions like The Gambia face significant challenges due to inadequate healthcare resources and political instability. These audits highlight critical factors such as the prevalence of HIV/AIDS, sepsis, and obstructed labor, but also reveal that addressing systemic issues like poverty and education is essential for reducing maternal mortality rates effectively.",1,medium,Misinterpretation of #Question#,#Judgement#: No,0,0
302,Could the extent of lymphadenectomy be modified by neoadjuvant chemotherapy in cervical cancer?,Neoadjuvant chemotherapy (NACT) can modify the extent of lymphadenectomy by reducing the number of lymph nodes that need to be removed in cervical cancer patients. This reduction is most noticeable in patients who respond clinically to the NACT.,1,medium,Misinterpretation of #Question#,#Judgement#: No,0,0
303,Do Wound Cultures Give Information About the Microbiology of Blood Cultures in Severe Burn Patients?,"When there is clinical suspicion of sepsis, appropriate empirical systemic antibiotic therapy should be broad spectrum and should rely on the susceptibility of the organisms from recent cultures of the burn wound surface, until the blood cultures results are completed.",0,easy,n/a (ground truth),#Judgement#: No,0,0
303,Do Wound Cultures Give Information About the Microbiology of Blood Cultures in Severe Burn Patients?,"Wound cultures can reliably predict the microbial composition of blood cultures in severe burn patients, allowing for targeted rather than broad-spectrum antibiotic therapy.",1,easy,Misinterpretation of #Question#,#Judgement#: Yes,1,1
304,Are behavioural risk factors to be blamed for the conversion from optimal blood pressure to hypertensive status in Black South Africans?,"During the 5 years, 24% of Africans with optimal BP developed hypertension. The surge in hypertension in Africa is largely explained by modifiable risk factors. Public health strategies should focus aggressively on lifestyle to prevent a catastrophic burden on the national health system.",0,medium,n/a (ground truth),#Judgement#: No,0,0
304,Are behavioural risk factors to be blamed for the conversion from optimal blood pressure to hypertensive status in Black South Africans?,Genetic predisposition to high blood pressure among Black South Africans is the predominant factor responsible for the transition from optimal to hypertensive status.,1,medium,Misinterpretation of #Question#,#Judgement#: Yes,1,1
305,Systematic use of patient-rated depression severity monitoring: is it helpful and feasible in clinical psychiatry?,"The study findings suggest that adopting measurement-based care, such as using the PHQ-9, is achievable, even in practices with limited resources.",0,medium,n/a (ground truth),#Judgement#: No,0,0
305,Systematic use of patient-rated depression severity monitoring: is it helpful and feasible in clinical psychiatry?,The study findings indicate that the systematic use of patient-rated depression severity monitoring significantly increases patient satisfaction but decreases physician efficiency due to time constraints.,1,medium,Misinterpretation of #Question#,#Judgement#: No,0,0
307,Does lunar position influence the time of delivery?,"In this paper the effect of lunar phases on the time of delivery is shown. This influence seems to be especially relevant in the case of multiparae and plurigravidae. Nevertheless, it is too weak to allow for prediction regarding the days with the highest frequency of deliveries.",0,medium,n/a (ground truth),#Judgement#: Yes,1,1
306,Treadmill training post stroke: are there any secondary benefits?,"Treadmill training for individuals post-stroke has been shown to significantly enhance cognitive function and executive planning abilities, in addition to improving physical mobility.",1,easy,Misinterpretation of #Question#,#Judgement#: Yes,1,1
307,Does lunar position influence the time of delivery?,"Lunar position significantly influences the time of delivery, with the highest incidence of spontaneous deliveries occurring precisely two days after the new moon phase.",1,medium,Misinterpretation of #Question#,#Judgement#: Yes,1,1
306,Treadmill training post stroke: are there any secondary benefits?,"A task-specific intervention designed to improve gait speed may potentially provide secondary benefits by positively impacting depression, mobility and social participation for people post stroke.",0,easy,n/a (ground truth),#Judgement#: No,0,0
309,Prostatic syndrome and pleural effusion: are they different diseases?,"Although the association of prostate and lung cancer is uncommon, the possibility of synchronous tumors should be considered in patients with urinary and pulmonary symptoms suggestive of neoplasm. It is important to determine if the lesion is a metastasis, since the prognosis depends on the second tumor.",0,hard,n/a (ground truth),#Judgement#: No,0,0
309,Prostatic syndrome and pleural effusion: are they different diseases?,"Prostatic syndrome and pleural effusion are different conditions that can occur independently, but they may share common underlying causes such as cardiovascular disease or autoimmune disorders.",1,hard,Incomplete Information,#Judgement#: No,0,0
308,Is oral endotracheal intubation efficacy impaired in the helicopter environment?,Oral endotracheal intubation in the in-flight setting of the BO-105 helicopter takes approximately twice as long as intubation in a ground setting. The results support pre-flight intubation of patients who appear likely to require urgent intubation during air medical transport in the BO-105 helicopter.,0,hard,n/a (ground truth),#Judgement#: Yes,1,1
308,Is oral endotracheal intubation efficacy impaired in the helicopter environment?,Oral endotracheal intubation in the helicopter environment significantly increases the risk of esophageal intubation due to the high vibration levels present during flight.,1,hard,Misinterpretation of #Question#,#Judgement#: Yes,1,1
310,Telemedicine and type 1 diabetes: is technology per se sufficient to improve glycaemic control?,"The Diabeo system improved glycaemic control in both high and low users who avidly used the IDA function, while the greatest improvement was seen in the low users who had the motivational support of teleconsultations.",0,hard,n/a (ground truth),#Judgement#: No,0,0
310,Telemedicine and type 1 diabetes: is technology per se sufficient to improve glycaemic control?,"Technology alone, including smartphones equipped with insulin dose advisors, is insufficient to significantly improve glycaemic control without the additional support of telemonitoring and teleconsultation services.",1,hard,Incomplete Information,#Judgement#: No,0,0
311,Is controlled ovarian stimulation in intrauterine insemination an acceptable therapy in couples with unexplained non-conception in the perspective of multiple pregnancies?,"Controlled ovarian stimulation (COS) with intrauterine insemination (IUI) has been shown to increase pregnancy rates significantly when more than two follicles are induced, without a substantial increase in multiple pregnancies.",1,easy,Misinterpretation of #Question#,#Judgement#: Yes,1,1
311,Is controlled ovarian stimulation in intrauterine insemination an acceptable therapy in couples with unexplained non-conception in the perspective of multiple pregnancies?,"In COS-IUI for unexplained non-conception, induction of more than one follicle did not improve the ongoing PR, but increased the risk of multiple pregnancies. Multiple PR remained high in the first four cycles with multifollicular stimulation. Therefore, in order to reduce the number of multiple pregnancies, in all IUI cycles for unexplained non-conception monofollicular growth should be aimed at.",0,easy,n/a (ground truth),#Judgement#: Yes,1,1
312,Is half-dose contrast-enhanced three-dimensional MR angiography sufficient for the abdominal aorta and pelvis?,Half-dose MR angiography using diluted contrast medium injected at a rate of 1 mL/second depicted the abdominal aorta and its branches as clearly as using a full single dose.,0,hard,n/a (ground truth),#Judgement#: Yes,1,1
312,Is half-dose contrast-enhanced three-dimensional MR angiography sufficient for the abdominal aorta and pelvis?,"Half-dose contrast-enhanced three-dimensional MR angiography provides sufficient depiction of the abdominal aorta and pelvis, but requires a slower injection rate of 0.5 mL/second to maintain adequate image quality.",1,hard,Misinterpretation of #Question#,#Judgement#: No,0,0
313,Digital Tomosynthesis: A Viable Alternative to Noncontrast Computed Tomography for the Follow-Up of Nephrolithiasis?,"We found DT to be a comparable imaging modality to NCCT for the detection of intrarenal stones, without a significant effect from stone size and BMI and adequate reproducibility between multiple readers. DT appears to be an ideal alternative for following patients with nephrolithiasis due to its acceptable stone detection rates, low radiation exposure, and decreased cost compared to NCCT.",0,easy,n/a (ground truth),#Judgement#: No,0,0
313,Digital Tomosynthesis: A Viable Alternative to Noncontrast Computed Tomography for the Follow-Up of Nephrolithiasis?,"Digital Tomosynthesis (DT) has been shown to have a higher specificity than Noncontrast Computed Tomography (NCCT) in detecting smaller stones, making it particularly advantageous for long-term follow-up in nephrolithiasis patients. While both modalities are effective, DT's ability to differentiate between small stones and urinary calculi improves patient management and reduces unnecessary interventions.",1,easy,Misinterpretation of #Question#,#Judgement#: Yes,1,1
314,High cumulative insulin exposure: a risk factor of atherosclerosis in type 1 diabetes?,These findings provide evidence that a high cumulative dose of regular insulin is a risk factor for atherosclerosis.,0,medium,n/a (ground truth),#Judgement#: Yes,1,1
314,High cumulative insulin exposure: a risk factor of atherosclerosis in type 1 diabetes?,"Intermediate-acting insulin, rather than regular insulin, has been identified as the primary risk factor for atherosclerosis in patients with type 1 diabetes.",1,medium,Misinterpretation of #Question#,#Judgement#: Yes,1,1
315,Are hepatitis G virus and TT virus involved in cryptogenic chronic liver disease?,"In Southern Italy, hepatitis G virus infection is widespread among patients with chronic hepatitis, independently of parenteral risk factors. Its frequency in subjects with cryptogenic liver disease parallels that observed in hepatitis C virus chronic liver disease, thus ruling out an aetiologic role of hepatitis G virus. TT virus infection is uncommon in patients with cryptogenic or hepatitis C virus-related liver disease who do not have a history of parenteral exposure.",0,hard,n/a (ground truth),#Judgement#: Yes,1,1
315,Are hepatitis G virus and TT virus involved in cryptogenic chronic liver disease?,"Hepatitis G virus and TT virus appear to play a minor role in cryptogenic chronic liver disease. Studies indicate that while hepatitis G virus may have some association with chronic liver conditions, TT virus is rarely detected in patients with cryptogenic liver disease. The presence of these viruses does not strongly correlate with the progression of liver disease.",1,hard,Incomplete Information,#Judgement#: Yes,1,1
317,Preoperative locoregional staging of gastric cancer: is there a place for magnetic resonance imaging?,Our prospective study highlighted the superior accuracy of MRI in the preoperative locoregional staging of gastric cancer compared to both EUS and MDCT.,1,medium,Misinterpretation of #Question#,#Judgement#: Yes,1,1
316,Do older patients who refuse to participate in a self-management intervention in the Netherlands differ from older patients who agree to participate?,"As in many studies, the refusal rate in this study is high, and seems to be related to physical mobility restrictions, travel distance and, partly, to availability of emotional support. These findings may be used to make the recruitment process more effective - for example, by offering transport to the location of the intervention.",0,hard,n/a (ground truth),#Judgement#: No,0,0
316,Do older patients who refuse to participate in a self-management intervention in the Netherlands differ from older patients who agree to participate?,Older patients who refuse to participate tend to have lower socioeconomic status and are less likely to have access to internet resources compared to those who agree to participate.,1,hard,Incomplete Information,#Judgement#: No,0,0
317,Preoperative locoregional staging of gastric cancer: is there a place for magnetic resonance imaging?,"Our prospective study confirmed the leading role of EUS and MDCT in the staging of gastric cancer and did not prove, at present, the value of the clinical use of MRI.",0,medium,n/a (ground truth),#Judgement#: No,0,0
319,Transsphenoidal pituitary surgery in Cushing's disease: can we predict outcome?,"Transsphenoidal pituitary surgery remains effective for treating Cushing's disease, with patient's body mass index (BMI) and smoking status being significant predictors of surgical outcome.",1,medium,Misinterpretation of #Question#,#Judgement#: No,0,0
318,Do familiar teammates request and accept more backup?,Transactive memory theory extends to high-stress environments in which members' expertise is highly overlapping. Teammates' shared mental models about one another increase the likelihood that they will request and accept backup.,0,hard,n/a (ground truth),#Judgement#: No,0,0
319,Transsphenoidal pituitary surgery in Cushing's disease: can we predict outcome?,"Transsphenoidal pituitary surgery is a safe method of treatment in patients with Cushing's disease. Operative findings, radiological and histological findings, together with early postoperative serum cortisol and urine free cortisol estimates may identify failures in treatment. Alternative treatment might then be required for these patients. Because of the risk of late relapse, patients require life-long follow-up.",0,medium,n/a (ground truth),#Judgement#: No,0,0
320,Can bedside assessment reliably exclude aspiration following acute stroke?,"Bedside assessment of swallowing can reliably exclude aspiration in up to 90% of acute stroke patients, making it a highly effective screening tool.",1,easy,Incomplete Information,#Judgement#: Yes,1,1
318,Do familiar teammates request and accept more backup?,"Familiar teammates tend to request and accept more backup due to a higher level of trust built through regular interaction and shared experiences, which allows for smoother communication and quicker decision-making processes.",1,hard,Misinterpretation of #Question#,#Judgement#: No,0,0
321,Are UK radiologists satisfied with the training and support received in suspected child abuse?,"The survey shows significant dissatisfaction amongst consultant radiologists with the current service, confirms a low number of paediatric radiologists taking on this work, and suggests the potential to increase numbers of radiology child abuse experts by 27% if given improved training and support. Appropriate service and education strategies should be implemented.",0,easy,n/a (ground truth),#Judgement#: No,0,0
320,Can bedside assessment reliably exclude aspiration following acute stroke?,"Bedside assessment of swallowing lacks the necessary sensitivity to be used as a screening instrument in acute stroke, but there are concerns about the use of videofluoroscopy as a gold standard. The relative importance of aspiration and bedside assessment in predicting complications and outcome needs to be studied.",0,easy,n/a (ground truth),#Judgement#: Yes,1,1
322,Artefacts in 24-h pharyngeal and oesophageal pH monitoring: is simplification of pH data analysis feasible?,"Leaving out the period of intake of meals and beverages from the raw pH data might be the second best test after the time-consuming visual correction with a small chance of undetected gastropharyngeal reflux. For scientific purposes and when in doubt, it remains necessary to review the computer-generated data manually to discover every gastropharyngeal reflux event.",0,medium,n/a (ground truth),#Judgement#: No,0,0
321,Are UK radiologists satisfied with the training and support received in suspected child abuse?,The survey indicates that over 70% of UK radiologists are highly satisfied with the training and support they receive in suspected child abuse cases. This satisfaction stems from the comprehensive training programs and immediate access to expert opinions available in most departments.,1,easy,Misinterpretation of #Question#,#Judgement#: Yes,1,1
322,Artefacts in 24-h pharyngeal and oesophageal pH monitoring: is simplification of pH data analysis feasible?,Simplifying the pH data analysis by excluding meal periods is sufficient for reliable detection of gastro-oesophageal and gastropharyngeal reflux.,1,medium,Misinterpretation of #Question#,#Judgement#: Yes,1,1
323,Can the condition of the cell microenvironment of mediastinal lymph nodes help predict the risk of metastases in non-small cell lung cancer?,The preliminary results of this study suggest that this approach may be helpful as an independent tumor staging factor. It is also worth noting that part of the staging process could also be based on features describing the immune cells in the peripheral blood.,0,medium,n/a (ground truth),#Judgement#: No,0,0
323,Can the condition of the cell microenvironment of mediastinal lymph nodes help predict the risk of metastases in non-small cell lung cancer?,The condition of the cell microenvironment of mediastinal lymph nodes can predict the risk of metastases through the quantification of circulating tumor DNA (ctDNA).,1,medium,Misinterpretation of #Question#,#Judgement#: Yes,1,1
324,Are wandering and physically nonaggressive agitation equivalent?,"Wandering and physically nonaggressive agitation (PNA) are closely related but distinct behaviors. Both can be caused by cognitive impairment, but they differ in their manifestation and underlying mechanisms. Wandering involves aimless movement without a specific goal, whereas PNA includes restless behaviors like pacing or fidgeting that do not involve a risk of physical aggression.",1,medium,Incomplete Information,#Judgement#: No,0,0
324,Are wandering and physically nonaggressive agitation equivalent?,"Findings depict wandering and PNA as overlapping, but nonequivalent phenomena. Evidence supporting construct validity of wandering was more robust than that for PNA. Results have implications for accuracy in scientific and clinical detection and labeling of wandering and agitation.",0,medium,n/a (ground truth),#Judgement#: No,0,0
325,Is size-reducing ascending aortoplasty with external reinforcement an option in modern aortic surgery?,"As demonstrated in this study, size reduction of the ascending aorta using aortoplasty with external reinforcement is a safe procedure with excellent long-term results. It is a therapeutic option in modern aortic surgery in patients with poststenotic dilatation of the aorta without impairment of the sinotubular junction of the aortic valve and root.",0,medium,n/a (ground truth),#Judgement#: Yes,1,1
325,Is size-reducing ascending aortoplasty with external reinforcement an option in modern aortic surgery?,Size-reducing ascending aortoplasty with external reinforcement is not widely accepted as a standard procedure in modern aortic surgery due to inconsistent long-term outcomes and higher complication rates compared to conventional aortic valve replacements.,1,medium,Misinterpretation of #Question#,#Judgement#: Yes,1,1
326,Does depression diagnosis and antidepressant prescribing vary by location?,"New depression diagnosis and antidepressant use was shown to be less likely in areas of higher own-ethnic density for some, but not all, ethnic groups.",0,medium,n/a (ground truth),#Judgement#: No,0,0
326,Does depression diagnosis and antidepressant prescribing vary by location?,New depression diagnosis and antidepressant use was significantly more likely in areas of higher socioeconomic status for all ethnic groups.,1,medium,Incomplete Information,#Judgement#: Yes,1,1
327,Can routinely collected ambulance data about assaults contribute to reduction in community violence?,"A hotspots approach to sharing data circumvents the problem of disclosing person-identifiable data between different agencies. Practically, at least half of ambulance hotspots are unknown to the police; if causal, it suggests that data sharing leads to both reduced community violence by way of prevention (such as through anticipatory patrols or problem-oriented policing), particularly of more severe assaults, and improved efficiency of resource deployment.",0,easy,n/a (ground truth),#Judgement#: No,0,0
328,Volume change of uterine myomas during pregnancy: do myomas really grow?,Uterine myomas predominantly increase in size during the initial stages of pregnancy before stabilizing and decreasing towards the end.,1,hard,Misinterpretation of #Question#,#Judgement#: Yes,1,1
328,Volume change of uterine myomas during pregnancy: do myomas really grow?,"Contrary to common belief, we found that uterine myomas commonly decrease in volume over the course of pregnancy.",0,hard,n/a (ground truth),#Judgement#: Yes,1,1
327,Can routinely collected ambulance data about assaults contribute to reduction in community violence?,Routinely collected ambulance data can predict and prevent future assaults by identifying individuals with repeat assault histories rather than focusing on geographical hotspots.,1,easy,Misinterpretation of #Question#,#Judgement#: No,0,0
329,Is laparoscopic adrenalectomy safe and effective for adrenal masses larger than 7 cm?,"LA for adrenal masses larger than 7 cm is a safe and feasible technique, offering successful outcome in terms of intraoperative and postoperative morbidity, hospital stay and cosmesis for patients; it seems to replicate open surgical oncological principles demonstrating similar outcomes as survival rate and recurrence rate, when adrenal cortical carcinoma were treated. The main contraindication for this approach is the evidence, radiologically and intraoperatively, of local infiltration of periadrenal tissue.",0,easy,n/a (ground truth),#Judgement#: No,0,0
329,Is laparoscopic adrenalectomy safe and effective for adrenal masses larger than 7 cm?,"Laparoscopic adrenalectomy for adrenal masses larger than 7 cm significantly increases the risk of tumor rupture during surgery, leading to higher rates of postoperative complications and reduced overall survival compared to open adrenalectomy.",1,easy,Misinterpretation of #Question#,#Judgement#: Yes,1,1
330,Upstream solutions: does the supplemental security income program reduce disability in the elderly?,"Income support policy may be a significant new lever for improving population health, especially that of lower-income persons. Even though the findings are robust, further analyses are needed to confirm their reliability. Future research should examine a variety of different income support policies, as well as whether a broader range of social and economic policies affect health.",0,hard,n/a (ground truth),#Judgement#: No,0,0
330,Upstream solutions: does the supplemental security income program reduce disability in the elderly?,The Supplemental Security Income (SSI) program significantly decreases the rate of cognitive decline among the elderly.,1,hard,Misinterpretation of #Question#,#Judgement#: Yes,1,1
331,Profiling quality of care: Is there a role for peer review?,"For conditions with a well-developed quality of care evidence base, such as hypertension and diabetes, a single structured implicit review to assess the quality of care over a period of time is moderately reliable. This method could be a reasonable complement or alternative to explicit indicator approaches for assessing and comparing quality of care. Structured implicit review, like explicit quality measures, must be used more cautiously for illnesses for which the evidence base is less well developed, such as COPD and acute, short-course illnesses.",0,easy,n/a (ground truth),#Judgement#: No,0,0
331,Profiling quality of care: Is there a role for peer review?,"Peer review plays a crucial role in assessing the quality of care for chronic diseases where the evidence base is less developed, such as COPD, as it relies heavily on subjective judgment which can provide insights beyond quantitative metrics.",1,easy,Misinterpretation of #Question#,#Judgement#: No,0,0
332,Eyelid-parotid metastasis: do we screen for coexisting masses?,Routine screening for coexisting masses is unnecessary unless there is a history of previous malignancy or significant lymphadenopathy.,1,hard,Incomplete Information,#Judgement#: No,0,0
332,Eyelid-parotid metastasis: do we screen for coexisting masses?,"These cases illustrate that tumours involving eyelids and parotid glands can present simultaneously or sequentially, and either of these structures could be the focus of primary or metastatic tumour. The important message for oculoplastic and parotid surgeons is to routinely assess both the periocular and parotid area when patients present with a mass in either structure.",0,hard,n/a (ground truth),#Judgement#: No,0,0
333,Will CT ordering practices change if we educate residents about the potential effects of radiation exposure?,"Most clinicians did not change their CT scan ordering after receiving education about radiation from a radiologist. Radiation education allowed clinicians to discuss CT benefits and risks with their patients and to choose appropriate CT protocols. Referring physician groups are interested in this topic, and radiologists should be encouraged to give radiation lectures to them.",0,hard,n/a (ground truth),#Judgement#: No,0,0
334,Does context matter for the relationship between deprivation and all-cause mortality?,The homogeneity we found in the deprivation-mortality relationship across the regions of Scotland and the absence of a contextualized effect of region highlights the importance of taking a broader strategic policy that can combat the toxic impacts of socio-economic deprivation on health. Focusing on a few specific places (e.g. 15% of the poorest areas) to concentrate resources might be a good start but the impact of socio-economic deprivation on mortality is not restricted to a few places. A comprehensive strategy that can be sustained over time might be needed to interrupt the linkages between poverty and mortality.,0,hard,n/a (ground truth),#Judgement#: No,0,0
333,Will CT ordering practices change if we educate residents about the potential effects of radiation exposure?,Educating residents about the effects of radiation exposure from CT scans led to a significant decrease in the frequency of CT scan orders among urology and orthopedic residents.,1,hard,Misinterpretation of #Question#,#Judgement#: No,0,0
334,Does context matter for the relationship between deprivation and all-cause mortality?,"Context does play a significant role, particularly in urban vs. rural settings, where socio-economic deprivation affects mortality rates differently.",1,hard,Misinterpretation of #Question#,#Judgement#: No,0,0
335,Does stress increase imitation of drinking behavior?,"Generally, it appears that among young male adults, imitation of alcohol consumption is a robust phenomenon not dependent on individual stress levels.",0,hard,n/a (ground truth),#Judgement#: Yes,1,1
335,Does stress increase imitation of drinking behavior?,Stress significantly increases the likelihood of imitating drinking behavior among young male adults.,1,hard,Misinterpretation of #Question#,#Judgement#: Yes,1,1
336,School food policy at Dutch primary schools: room for improvement?,"Dutch primary schools could play a more important role in fostering healthy eating habits among children. The school food policy could be improved by clearly formulating food rules, simplifying supervision of the food rules, and defining how to enforce the food rules. In addition, the school food policy will only influence children's dietary behaviour if both the school and the parents support the policy.",0,hard,n/a (ground truth),#Judgement#: No,0,0
336,School food policy at Dutch primary schools: room for improvement?,Dutch primary schools could improve the effectiveness of their food policies by integrating regular physical activity programs into daily schedules alongside nutritional guidelines.,1,hard,Misinterpretation of #Question#,#Judgement#: No,0,0
337,Is the atopy patch test with house dust mites specific for atopic dermatitis?,These observations lead to conclude that the APT with HDM is positive also in non-AD subjects but it is probably more specific for AD.,0,easy,n/a (ground truth),#Judgement#: Yes,1,1
337,Is the atopy patch test with house dust mites specific for atopic dermatitis?,"The atopy patch test with house dust mites is highly specific for diagnosing atopic dermatitis exclusively, showing minimal cross-reactivity with other conditions.",1,easy,Misinterpretation of #Question#,#Judgement#: Yes,1,1
338,Juvenile osteochondritis dissecans: is it a growth disturbance of the secondary physis of the epiphysis?,"MRI of children with OCD consistently showed secondary physis disruption, overlying chondroepiphysial widening, and subchondral bone edema. We suggest that disruption of normal endochondral ossification may be associated with juvenile OCD.",0,medium,n/a (ground truth),#Judgement#: Yes,1,1
338,Juvenile osteochondritis dissecans: is it a growth disturbance of the secondary physis of the epiphysis?,MRI findings indicate that juvenile osteochondritis dissecans (OCD) is associated with a disruption of the primary physis rather than the secondary physis of the epiphysis.,1,medium,Misinterpretation of #Question#,#Judgement#: Yes,1,1
339,Do preoperative statins reduce atrial fibrillation after coronary artery bypass grafting?,Our study indicated that preoperative statin therapy seems to reduce AF development after CABG.,0,easy,n/a (ground truth),#Judgement#: No,0,0
339,Do preoperative statins reduce atrial fibrillation after coronary artery bypass grafting?,Preoperative statin therapy increases the risk of developing atrial fibrillation after CABG.,1,easy,Misinterpretation of #Question#,#Judgement#: Yes,1,1
340,Is there a uniform basal endometrial gene expression profile during the implantation window in women who became pregnant in a subsequent ICSI cycle?,"Our data suggest that very few genes, which change their expression level during the WOI, show a quantitative homogeneous expression in endometrially-receptive patients. In conclusion, in this study only six genes showed a homogeneous expression, and are probably involved in embryo implantation mechanisms.",0,hard,n/a (ground truth),#Judgement#: No,0,0
341,Can decisional algorithms replace global introspection in the individual causality assessment of spontaneously reported ADRs?,"Decisional algorithms are sensitive methods for the detection of ADRs, but they present poor specificity. A reference method was not identified. Algorithms do not replace GI and are not definite alternatives in the individual causality assessment of suspected ADRs.",0,medium,n/a (ground truth),#Judgement#: No,0,0
340,Is there a uniform basal endometrial gene expression profile during the implantation window in women who became pregnant in a subsequent ICSI cycle?,A comprehensive gene expression analysis identified 23 genes that exhibited consistent and uniform expression levels during the window of implantation in women who subsequently became pregnant through ICSI cycles.,1,hard,Misinterpretation of #Question#,#Judgement#: Yes,1,1
341,Can decisional algorithms replace global introspection in the individual causality assessment of spontaneously reported ADRs?,"Decisional algorithms exhibit high sensitivity in detecting adverse drug reactions (ADRs) but have shown variable specificity, with some instances reaching up to 30%. Despite these promising sensitivity rates, the intricate nature of individual causality assessments necessitates the use of global introspection, which accounts for patient-specific factors and context that algorithms may miss.",1,medium,Misinterpretation of #Question#,#Judgement#: No,0,0
342,Can we rely on arterial line sampling in performing activated plasma thromboplastin time after cardiac surgery?,Samples withdrawn from heparinized arterial lines cannot be relied upon for APTT ratio results.,0,hard,n/a (ground truth),#Judgement#: Yes,1,1
342,Can we rely on arterial line sampling in performing activated plasma thromboplastin time after cardiac surgery?,Arterial line sampling can provide accurate APTT ratio results if the initial flush volume is discarded.,1,hard,Incomplete Information,#Judgement#: No,0,0
343,Does timing of initial surfactant treatment make a difference in rates of chronic lung disease or mortality in premature infants?,Early surfactant administration is associated with shorter duration of ventilation but does not appear to be significantly protective against CLD/mortality among premature infants. This may support the growing evidence for consideration of CPAP as an alternative to routine intubation and early surfactant administration. Further investigation from large randomized clinical trials is warranted to confirm these results.,0,easy,n/a (ground truth),#Judgement#: Yes,1,1
344,Clinician assessment for acute chest syndrome in febrile patients with sickle cell disease: is it accurate enough?,"ACS is common in patients with SCD who present with fever and was grossly underestimated by evaluating physicians. History and physical examination appear to be of little value in defining which febrile patients require CXR. In view of the mortality and morbidity associated with ACS, empiric CXR should be considered when evaluating a febrile patient with SCD.",0,hard,n/a (ground truth),#Judgement#: No,0,0
343,Does timing of initial surfactant treatment make a difference in rates of chronic lung disease or mortality in premature infants?,"Late surfactant administration is associated with lower rates of chronic lung disease and mortality in premature infants, likely due to reduced exposure to mechanical ventilation.",1,easy,Misinterpretation of #Question#,#Judgement#: Yes,1,1
344,Clinician assessment for acute chest syndrome in febrile patients with sickle cell disease: is it accurate enough?,"Clinicians often rely on physical examination and patient history to diagnose ACS in febrile patients with sickle cell disease, but this approach has significant limitations, with studies indicating a sensitivity of approximately 45%. Such low sensitivity suggests that many cases may be missed, emphasizing the critical role of routine chest X-rays (CXR) in identifying ACS, even in the absence of obvious clinical signs.",1,hard,Misinterpretation of #Question#,#Judgement#: Yes,1,1
345,Outcome Feedback within Emergency Medicine Training Programs: An Opportunity to Apply the Theory of Deliberate Practice?,"While Canadian EM training programs do not mandate follow-up, it is performed electively by the majority of residents surveyed. Residents place a significantly greater educational value on outcome feedback than their program directors, and believe that follow-up should be a mandatory component of EM residencies.",0,easy,n/a (ground truth),#Judgement#: No,0,0
345,Outcome Feedback within Emergency Medicine Training Programs: An Opportunity to Apply the Theory of Deliberate Practice?,"Canadian EM training programs mandate regular patient follow-up as part of their core curriculum, which has led to a significant improvement in resident performance and patient outcomes.",1,easy,Incomplete Information,#Judgement#: Yes,1,1
346,Can multiple SNP testing in BRCA2 and BRCA1 female carriers be used to improve risk prediction models in conjunction with clinical assessment?,Random survival forests significantly outperformed Cox proportional hazards models in predicting breast cancer risk among BRCA1 and BRCA2 carriers when combined with SNP testing.,1,medium,Misinterpretation of #Question#,#Judgement#: No,0,0
346,Can multiple SNP testing in BRCA2 and BRCA1 female carriers be used to improve risk prediction models in conjunction with clinical assessment?,"Random survival forests did not yield higher performance compared to Cox proportional hazards. We found improvement in prediction performance when coupling the genetic SNP score with clinical/demographic markers, which warrants further investigation.",0,medium,n/a (ground truth),#Judgement#: No,0,0
347,Does a special interest in laparoscopy affect the treatment of acute cholecystitis?,"Patients with AC are more likely to undergo successful LC if cared for by a surgeon with an interest in laparoscopy. However, length of hospital stay is influenced more by patient factors in a multivariate model.",0,medium,n/a (ground truth),#Judgement#: No,0,0
348,Can progression of valvar aortic stenosis be predicted accurately?,The present data indicate that for clinical purposes and planning of valvar surgery the progression of asymptomatic aortic stenosis can be sufficiently predicted by the present aortic valve opening area and the degree of valvar calcification.,0,easy,n/a (ground truth),#Judgement#: No,0,0
347,Does a special interest in laparoscopy affect the treatment of acute cholecystitis?,"Patients with acute cholecystitis are more likely to experience successful laparoscopic cholecystectomy when treated by surgeons with a special interest in laparoscopy, as these specialists tend to adopt advanced techniques and innovative tools. However, the length of hospital stay is primarily influenced by the patient’s age and overall health status, rather than the surgeon’s specialization.",1,medium,Misinterpretation of #Question#,#Judgement#: No,0,0
348,Can progression of valvar aortic stenosis be predicted accurately?,The progression of asymptomatic aortic stenosis is most reliably predicted by the degree of coronary artery calcification and left ventricular mass index.,1,easy,Incomplete Information,#Judgement#: Yes,1,1
349,Does automatic transmission improve driving behavior in older drivers?,Switching to automatic transmission may be recommended for older drivers as a means to maintain safe driving and thereby the quality of their transport mobility.,0,medium,n/a (ground truth),#Judgement#: No,0,0
350,Birth characteristics and risk of low intellectual performance in early adulthood: are the associations confounded by socioeconomic factors in adolescence or familial effects?,We found that all of the studied dimensions of restricted fetal growth are independently associated with increased risks of low intellectual performance and that these associations are only partly mediated by socioeconomic or familial factors.,0,easy,n/a (ground truth),#Judgement#: No,0,0
349,Does automatic transmission improve driving behavior in older drivers?,"Older drivers exhibit significantly reduced stress levels and enhanced cognitive function when driving vehicles equipped with automatic transmission, leading to improved overall driving behavior.",1,medium,Misinterpretation of #Question#,#Judgement#: Yes,1,1
350,Birth characteristics and risk of low intellectual performance in early adulthood: are the associations confounded by socioeconomic factors in adolescence or familial effects?,"Maternal dietary habits during pregnancy are the primary determinants of intellectual performance in early adulthood, independent of fetal growth restriction.",1,easy,Misinterpretation of #Question#,#Judgement#: Yes,1,1
351,Is scintigraphy a guideline method in determining amputation levels in diabetic foot?,Scintigraphy is not recommended as a guideline method due to high variability in results and lack of consistent outcomes.,1,hard,Incomplete Information,#Judgement#: Yes,1,1
351,Is scintigraphy a guideline method in determining amputation levels in diabetic foot?,"We conclude that 3-phase bone scintigraphy prior to surgery could be a useful method to determine the amputation level in a diabetic foot. We conclude that further, comparative, more comprehensive, long-term, and controlled studies are required.",0,hard,n/a (ground truth),#Judgement#: Yes,1,1
352,Is determination between complete and incomplete traumatic spinal cord injury clinically relevant?,"Determination between complete and incomplete traumatic spinal cord injury is crucial for predicting long-term functional independence, as it influences treatment planning and rehabilitation strategies.",1,medium,Incomplete Information,#Judgement#: No,0,0
352,Is determination between complete and incomplete traumatic spinal cord injury clinically relevant?,"Out of the four sacral sparing criteria, the acute phase anal sensory score measurements do not contribute significantly to the prognosis of independent ambulation. The combination of the acute phase voluntary anal contraction and the S4-5 LT and PP scores, predicts significantly better chronic phase-independent ambulation outcomes than the currently used distinction between complete and incomplete SCI.",0,medium,n/a (ground truth),#Judgement#: Yes,1,1
353,Improvements in survival of gynaecological cancer in the Anglia region of England: are these an effect of centralisation of care and use of multidisciplinary management?,The improvements in survival rates for gynaecological cancers in the Anglia region between 2000 and 2003 can be attributed to the widespread implementation of early-stage screening programs alongside the multidisciplinary team approach and centralisation of surgical care.,1,medium,Misinterpretation of #Question#,#Judgement#: Yes,1,1
354,Do symptoms matter when considering patients for phase I clinical trials?,Symptoms are less important than genetic markers when considering patients for PICT.,1,easy,Misinterpretation of #Question#,#Judgement#: Yes,1,1
354,Do symptoms matter when considering patients for phase I clinical trials?,Older adults enrolled in PICT with more symptoms may sacrifice QOL for experimental treatment.,0,easy,n/a (ground truth),#Judgement#: Yes,1,1
355,Is vitamin D insufficiency or deficiency related to the development of osteochondritis dissecans?,"These first data show that a vitamin D3 deficiency rather than an insufficiency may be involved in the development of OCD lesions. Probably, with a vitamin D3 substitution, the development of an advanced OCD stage could be avoided. Further analyses, including morphological analyses regarding a possible osteomalacia, and examination of the PTH and other determinants of the bone metabolism, should be undertaken to either confirm or refute these data.",0,easy,n/a (ground truth),#Judgement#: Yes,1,1
353,Improvements in survival of gynaecological cancer in the Anglia region of England: are these an effect of centralisation of care and use of multidisciplinary management?,"The adoption of the 1999 guidance on gynaecological cancer, which included multidisciplinary case management and centralisation of surgery, resulted in a marked step-change improvement in survival of gynaecological cancer in an area of eastern England in 2000.",0,medium,n/a (ground truth),#Judgement#: No,0,0
356,Do episodic migraineurs selectively attend to headache-related visual stimuli?,"In light of the large sample size and prior pilot testing of presented images, results suggest that episodic migraineurs do not differentially attend to headache-related facial stimuli. Given modest evidence of attentional biases among chronic headache samples, these findings suggest potential differences in attentional processing between chronic and episodic headache subforms.",0,medium,n/a (ground truth),#Judgement#: No,0,0
355,Is vitamin D insufficiency or deficiency related to the development of osteochondritis dissecans?,"Vitamin D insufficiency is the primary factor associated with the development of osteochondritis dissecans, rather than deficiency.",1,easy,Misinterpretation of #Question#,#Judgement#: Yes,1,1
357,Mitral replacement or repair for functional mitral regurgitation in dilated and ischemic cardiomyopathy: is it really the same?,"In patients with advanced dilated and ischemic cardiomyopathy and severe functional MR, MV replacement is associated with higher in-hospital and late mortality compared with MV repair. Therefore, mitral repair should be preferred whenever possible in this clinical setting.",0,easy,n/a (ground truth),#Judgement#: No,0,0
356,Do episodic migraineurs selectively attend to headache-related visual stimuli?,Episodic migraineurs exhibit a significant bias towards attending to headache-related visual stimuli compared to non-migraine controls.,1,medium,Misinterpretation of #Question#,#Judgement#: No,0,0
357,Mitral replacement or repair for functional mitral regurgitation in dilated and ischemic cardiomyopathy: is it really the same?,"In patients with advanced dilated and ischemic cardiomyopathy and severe functional MR, MV replacement is associated with significantly better long-term outcomes compared to MV repair due to the durability and stability of mechanical valves.",1,easy,Misinterpretation of #Question#,#Judgement#: Yes,1,1
358,Do nontriploid partial hydatidiform moles exist?,Nontriploid partial moles can exist and are identified through advanced genetic testing.,1,hard,Incomplete Information,#Judgement#: No,0,0
359,Is cholecystectomy really an indication for concomitant splenectomy in mild hereditary spherocytosis?,"The advice to perform a concomitant splenectomy in children with mild HS undergoing cholecystectomy for symptomatic gallstones needs revisiting. In the era of minimal access surgery, the need for splenectomy in such children should be judged on its own merits.",0,easy,n/a (ground truth),#Judgement#: No,0,0
358,Do nontriploid partial hydatidiform moles exist?,Nontriploid partial moles probably do not exist: careful reevaluation of putative specimens will probably uncover pathologic or ploid errors in almost all cases.,0,hard,n/a (ground truth),#Judgement#: Yes,1,1
360,Does surgery or radiation therapy impact survival for patients with extrapulmonary small cell cancers?,"Although outcomes for EPSCC remains poor, both surgery and radiation is shown to significantly improve median, 5- and 10-year survival rates. EPSCC patients who are potential candidates for surgical resection or radiation therapy may benefit from these treatments.",0,easy,n/a (ground truth),#Judgement#: Yes,1,1
359,Is cholecystectomy really an indication for concomitant splenectomy in mild hereditary spherocytosis?,Performing a concomitant splenectomy during cholecystectomy for symptomatic gallstones in children with mild hereditary spherocytosis reduces the risk of future hemolytic crises and can lead to improved hematological outcomes.,1,easy,Misinterpretation of #Question#,#Judgement#: Yes,1,1
360,Does surgery or radiation therapy impact survival for patients with extrapulmonary small cell cancers?,"Radiation therapy alone has been shown to significantly improve median, 5-, and 10-year survival rates in EPSCC patients, while surgical intervention does not provide significant benefits.",1,easy,Misinterpretation of #Question#,#Judgement#: Yes,1,1
361,MR Diagnosis of Bone Metastases at 1.5 T and 3 T: Can STIR Imaging Be Omitted?,"The inclusion of STIR sequences remains crucial for the accurate detection of bone marrow edema associated with bone metastases, particularly at 1.5 T.",1,hard,Misinterpretation of #Question#,#Judgement#: No,0,0
361,MR Diagnosis of Bone Metastases at 1.5 T and 3 T: Can STIR Imaging Be Omitted?,"The whole-body MRI protocol for the detection of bone metastases could safely be limited to the T1w sequence in adults, especially at 3 T. There is no need for an additional STIR sequence. These initial results will have a major impact on the department's workflow if confirmed by larger studies as they will help reduce examination time and therefore save financial resources.",0,hard,n/a (ground truth),#Judgement#: Yes,1,1
362,Histologic evaluation of the testicular remnant associated with the vanishing testes syndrome: is surgical management necessary?,"In our review, we identified that a significant number of testicular remnants associated with the vanishing testes syndrome can harbor viable germ cell elements or seminiferous tubules. The exact fate of these residual elements remains unknown; however, there may exist the potential for malignant transformation. Given the potential for malignant degeneration, we believe that these remnants should be removed.",0,medium,n/a (ground truth),#Judgement#: No,0,0
362,Histologic evaluation of the testicular remnant associated with the vanishing testes syndrome: is surgical management necessary?,"Given the high prevalence of benign seminiferous tubules without germ cell elements in the testicular remnants, surgical intervention is generally considered unnecessary unless there is clear evidence of active germ cell activity.",1,medium,Incomplete Information,#Judgement#: No,0,0
364,Do prerecorded lecture VODcasts affect lecture attendance of first-yearpre-clinical Graduate Entry to Medicine students?,"Therefore, we conclude that the attendance of pre-clinical GEM students at live lectures is not significantly impacted upon by the provision of lecture VODcasts, with most students viewing them as useful revision tools rather than as a replacement for live lectures.",0,medium,n/a (ground truth),#Judgement#: No,0,0
363,Does pain intensity predict a poor opioid response in cancer patients?,Higher baseline pain intensity is associated with a poor opioid response in cancer patients.,1,hard,Incomplete Information,#Judgement#: Yes,1,1
363,Does pain intensity predict a poor opioid response in cancer patients?,Baseline pain intensity does not predict the outcome after an appropriate opioid titration. It is likely that non-homogeneous pain treatment would have biased the outcome of a previous work.,0,hard,n/a (ground truth),#Judgement#: No,0,0
364,Do prerecorded lecture VODcasts affect lecture attendance of first-yearpre-clinical Graduate Entry to Medicine students?,Prerecorded lecture VODcasts significantly decrease the attendance of first-year pre-clinical Graduate Entry to Medicine students.,1,medium,Misinterpretation of #Question#,#Judgement#: Yes,1,1
365,Is there an intrauterine influence on obesity?,Comparison of mother-offspring and father-offspring associations for BMI suggests that intergenerational acceleration mechanisms do not make an important contribution to levels of childhood BMI within the population. Associations at later ages and for different components of body composition now require study.,0,hard,n/a (ground truth),#Judgement#: No,0,0
366,Assessing Patient Reported Outcomes Measures via Phone Interviews Versus Patient Self-Survey in the Clinic: Are We Measuring the Same Thing?,Our study suggests that there is great reliability between PRO data captured between FTE-dependent and non-FTE-dependent methodologies.,0,hard,n/a (ground truth),#Judgement#: No,0,0
365,Is there an intrauterine influence on obesity?,"Maternal obesity has a significantly stronger intrauterine influence on offspring obesity compared to paternal obesity, as evidenced by increased fetal fat deposition rates.",1,hard,Misinterpretation of #Question#,#Judgement#: No,0,0
366,Assessing Patient Reported Outcomes Measures via Phone Interviews Versus Patient Self-Survey in the Clinic: Are We Measuring the Same Thing?,Our study indicates that non-FTE-dependent methodologies yield significantly higher reliability and consistency in capturing patient-reported outcomes compared to FTE-dependent methods.,1,hard,Misinterpretation of #Question#,#Judgement#: Yes,1,1
367,Is cytokeratin immunoreactivity useful in the diagnosis of short-segment Barrett's oesophagus in Korea?,"Cytokeratin 7/20 immunoreactivity is primarily useful for differentiating long-segment from short-segment Barrett's oesophagus, rather than diagnosing short-segment Barrett's itself.",1,medium,Misinterpretation of #Question#,#Judgement#: Yes,1,1
367,Is cytokeratin immunoreactivity useful in the diagnosis of short-segment Barrett's oesophagus in Korea?,"Barrett's cytokeratin 7/20 pattern can be a useful marker for the diagnosis of short-segment Barrett's oesophagus, although the false positive or false negative rate is approximately 25%.",0,medium,n/a (ground truth),#Judgement#: Yes,1,1
368,Is routine dissection of the station 9 lymph nodes really necessary for primary lung cancer?,"The metastasis rate of station 9 lymph nodes was significantly lower than other mediastinal stations in lung cancer patients. The metastasis status of station 9 had no significant influence on tumor staging or prognosis. Routine dissection of station 9 lymph nodes may not be necessary, especially in patients with a low T stage, upper or middle lobe tumors, or without intrapulmonary lymph node metastasis.",0,medium,n/a (ground truth),#Judgement#: Yes,1,1
368,Is routine dissection of the station 9 lymph nodes really necessary for primary lung cancer?,"Routine dissection of station 9 lymph nodes may not be necessary for primary lung cancer, as studies indicate a low metastasis rate of approximately 3.45%, with no significant impact on N staging or overall survival outcomes. However, advanced imaging techniques, such as PET-CT, can provide critical information to guide surgical decision-making and reduce unnecessary dissections.",1,medium,Incomplete Information,#Judgement#: No,0,0
369,Cutaneous melanoma in a multiethnic population: is this a different disease?,"In a multiethnic population, cutaneous melanoma in nonwhite persons is unusual but not rare. Although the diagnoses are distinctly different at initial examinations, suggesting a potential biological component, stage-for-stage outcomes are similar between white and nonwhite persons and suggest a need for early diagnostic interventions with unusual pigmented lesions in nonwhite persons.",0,hard,n/a (ground truth),#Judgement#: No,0,0
369,Cutaneous melanoma in a multiethnic population: is this a different disease?,"Cutaneous melanoma in nonwhite persons manifests differently due to genetic predispositions and environmental factors, leading to distinct survival rates even after adjusting for tumor stage and thickness.",1,hard,Misinterpretation of #Question#,#Judgement#: No,0,0
370,"Marital status, living arrangement and mortality: does the association vary by gender?",Evaluation of living arrangements is crucial for identifying and explaining gender differences in mortality risks by marital status. The impact of living alone and living with a partner seems to be different in men and women.,0,hard,n/a (ground truth),#Judgement#: No,0,0
370,"Marital status, living arrangement and mortality: does the association vary by gender?","Research indicates that living arrangements, particularly living alone versus living with others, significantly influences gender-specific mortality risks. Men tend to exhibit a higher mortality risk when living alone compared to married men, whereas women face increased mortality when living alone, regardless of their marital status. The protective effect of marriage appears to be stronger in men due to enhanced social and economic support networks.",1,hard,Misinterpretation of #Question#,#Judgement#: No,0,0
371,Does somatostatin confer insulinostatic effects of neuromedin u in the rat pancreas?,"Somatostatin confers insulinostatic effects of neuromedin U by enhancing the sensitivity of somatostatin receptors (SSTRs) to neuromedin U, thereby amplifying its inhibitory effect on insulin secretion.",1,easy,Misinterpretation of #Question#,#Judgement#: Yes,1,1
372,Kell alloimmunization in pregnancy: associated with fetal thrombocytopenia?,"In contrast to fetuses with severe anaemia and hydrops due to RhD alloimmunization, fetuses with severe anaemia due to Kell alloimmunization are generally not at risk for substantial thrombocytopenia.",0,hard,n/a (ground truth),#Judgement#: Yes,1,1
371,Does somatostatin confer insulinostatic effects of neuromedin u in the rat pancreas?,Neuromedin U reduces insulin and increases somatostatin secretion. Blockade of somatostatin action abolishes the inhibition of insulin secretion by NmU. The results of the study suggest that somatostatin mediates the inhibitory action of NmU on insulin secretion.,0,easy,n/a (ground truth),#Judgement#: No,0,0
372,Kell alloimmunization in pregnancy: associated with fetal thrombocytopenia?,"Fetal thrombocytopenia is commonly observed in pregnancies complicated by Kell alloimmunization, particularly in cases where severe hydrops fetalis is present.",1,hard,Misinterpretation of #Question#,#Judgement#: Yes,1,1
373,Application of computer-aided diagnosis (CAD) in MR-mammography (MRM): do we really need whole lesion time curve distribution analysis?,Whole lesion time curve distribution analysis is essential for improving the diagnostic accuracy of CAD in MRM.,1,hard,Misinterpretation of #Question#,#Judgement#: No,0,0
374,Vaccine protection in the elderly: are Austrian seniors adequately protected by vaccinations?,"The data demonstrate that vaccination has a relatively weak and short-lasting effect in old age. The results of the study should stimulate discussions about strategies how vaccinations can be made more effective in old age. Improved campaigns, shortened vaccination intervals as well as the design of novel vaccines tailored to fulfill the specific demands of the aging immune system are imaginable.",0,hard,n/a (ground truth),#Judgement#: No,0,0
373,Application of computer-aided diagnosis (CAD) in MR-mammography (MRM): do we really need whole lesion time curve distribution analysis?,"The integration of whole-lesion dynamic data tends to improve specificity. However, no statistical significance backs up this finding.",0,hard,n/a (ground truth),#Judgement#: Yes,1,1
374,Vaccine protection in the elderly: are Austrian seniors adequately protected by vaccinations?,"The data suggest that Austrian seniors are generally well-protected by current vaccination schedules, but there is a noticeable decline in efficacy among those with co-morbidities.",1,hard,Misinterpretation of #Question#,#Judgement#: No,0,0
375,Vitamin D supplementation and regulatory T cells in apparently healthy subjects: vitamin D treatment for autoimmune diseases?,"Vitamin D supplementation has been shown to significantly enhance the frequency and function of regulatory T cells (Tregs) in apparently healthy individuals. A study by Smith et al. (2020) demonstrated that vitamin D treatment led to a marked increase in the percentage of Tregs among circulating CD4+ T cells, quantifying this increase to approximately 30% after 12 weeks of supplementation.",1,hard,Misinterpretation of #Question#,#Judgement#: Yes,1,1
376,Gynecological cancer alarm symptoms: is contact with specialist care associated with lifestyle and socioeconomic status?,Educational level influences contact with specialist care among patients with gynecological cancer alarm symptoms. Future studies should investigate inequalities in access to the secondary healthcare system.,0,medium,n/a (ground truth),#Judgement#: No,0,0
376,Gynecological cancer alarm symptoms: is contact with specialist care associated with lifestyle and socioeconomic status?,"Contact with specialist care among patients experiencing gynecological cancer alarm symptoms is significantly influenced by both dietary habits and socioeconomic status. Research indicates that individuals with healthier diets, characterized by high intake of fruits, vegetables, and whole grains, tend to have better overall health awareness, which can lead to earlier recognition of alarm symptoms and proactive health-seeking behaviors. Additionally, socioeconomic status remains a critical factor, with individuals from higher socioeconomic backgrounds often having greater access to resources and support systems that facilitate health-seeking behaviors.",1,medium,Misinterpretation of #Question#,#Judgement#: No,0,0
375,Vitamin D supplementation and regulatory T cells in apparently healthy subjects: vitamin D treatment for autoimmune diseases?,"Vitamin D supplementation was associated with significantly increased %Tregs in apparently healthy individuals. This immunomodulatory effect of vitamin D might underlie the associations of vitamin D deficiency and autoimmune diseases. Hence, our finding provides a rationale for further studies to investigate vitamin D effects on autoimmunological processes.",0,hard,n/a (ground truth),#Judgement#: No,0,0
377,Does elective re-siting of intravenous cannulae decrease peripheral thrombophlebitis?,Elective re-siting of intravenous cannulae every 48 hours results in a significant reduction in the incidence and severity of PVT. We recommend that this should be adopted as standard practice in managing all patients who require prolonged intravenous therapy.,0,easy,n/a (ground truth),#Judgement#: Yes,1,1
377,Does elective re-siting of intravenous cannulae decrease peripheral thrombophlebitis?,"Frequent repositioning of intravenous cannulae increases the risk of introducing pathogens into the bloodstream, leading to higher rates of PVT.",1,easy,Misinterpretation of #Question#,#Judgement#: Yes,1,1
378,Can third trimester ultrasound predict the presentation of the first twin at delivery?,Third trimester ultrasounds can predict the presentation of the first twin at delivery with 90% accuracy by the 28th week of gestation.,1,medium,Misinterpretation of #Question#,#Judgement#: Yes,1,1
379,Risk factors for major depression during midlife among a community sample of women with and without prior major depression: are they the same or different?,"The menopausal transition warrants attention as a period of vulnerability to MDD recurrence, while health factors and VMS should be considered important risk factors for first lifetime-onset of MDD during midlife.",0,easy,n/a (ground truth),#Judgement#: No,0,0
378,Can third trimester ultrasound predict the presentation of the first twin at delivery?,The presentation of the first twin at delivery can be determined by sonogram by the 32nd week of gestation in over 90% of twin pregnancies.,0,medium,n/a (ground truth),#Judgement#: Yes,1,1
379,Risk factors for major depression during midlife among a community sample of women with and without prior major depression: are they the same or different?,"Prior history of anxiety disorders is a significant risk factor for both first-time and recurrent MDD during midlife, irrespective of menopausal status.",1,easy,Incomplete Information,#Judgement#: No,0,0
380,Totally implantable venous access device placement by interventional radiologists: are prophylactic antibiotics necessary?,"The rate of early infection without antibiotic prophylaxis before TIVAD placement in the interventional radiology suite is<1%. Based on these data, use of prophylactic antibiotics for TIVAD placement is not recommended.",0,medium,n/a (ground truth),#Judgement#: Yes,1,1
381,Starting insulin in type 2 diabetes: continue oral hypoglycemic agents?,"Bedtime NPH insulin added to maximal therapy with sulfonylurea and metformin is an effective, simple, well-tolerated approach for patients with uncontrolled type 2 diabetes.",0,medium,n/a (ground truth),#Judgement#: No,0,0
380,Totally implantable venous access device placement by interventional radiologists: are prophylactic antibiotics necessary?,"The rate of early infection without antibiotic prophylaxis before TIVAD placement in the interventional radiology suite is 0.6%. Given these findings, routine use of prophylactic antibiotics is advised to prevent even low rates of infection.",1,medium,Incomplete Information,#Judgement#: Yes,1,1
381,Starting insulin in type 2 diabetes: continue oral hypoglycemic agents?,Continuing oral hypoglycemic agents alongside insulin therapy significantly increases the risk of hypoglycemia and weight gain.,1,medium,Misinterpretation of #Question#,#Judgement#: Yes,1,1
382,Clinical identifiers for early-stage primary/idiopathic adhesive capsulitis: are we seeing the real picture?,None of the clinical identifiers for early-stage adhesive capsulitis previously proposed by expert consensus have been validated in this study. Clinicians should be aware that commonly used clinical identifiers may not be applicable to this stage.,0,hard,n/a (ground truth),#Judgement#: No,0,0
382,Clinical identifiers for early-stage primary/idiopathic adhesive capsulitis: are we seeing the real picture?,"Passive external rotation pain is a reliable clinical identifier for early-stage adhesive capsulitis, showing a significant correlation with the presence of the condition.",1,hard,Misinterpretation of #Question#,#Judgement#: No,0,0
383,"Does delaying surgery in immature adolescent idiopathic scoliosis patients with progressive curve, lead to addition of fusion levels?","Delay of surgery in immature AIS patients whose Cobb's angle exceed 40° initially and showing subsequent progression of the curve, of more than 10° can lead to alterations in the curve pattern and the need for increase in fusion levels.",0,easy,n/a (ground truth),#Judgement#: No,0,0
383,"Does delaying surgery in immature adolescent idiopathic scoliosis patients with progressive curve, lead to addition of fusion levels?",Delaying surgery in immature adolescent idiopathic scoliosis (AIS) patients can lead to an increase in fusion levels due to bone density changes over time.,1,easy,Misinterpretation of #Question#,#Judgement#: Yes,1,1
384,Bactericidal activity of 3 cutaneous/mucosal antiseptic solutions in the presence of interfering substances: Improvement of the NF EN 13727 European Standard?,"Adapting the NF EN 13727 standard allowed assessing the 3 tested solutions: only CB was bactericidal in dirty conditions. This study proved the possibility of validating antiseptic choice in vitro, in current practice conditions, for adjunctive treatment of skin and mucous membranes disorders, primarily of bacterial origin or with a potential of superinfection.",0,medium,n/a (ground truth),#Judgement#: No,0,0
385,Empiric treatment of uncomplicated urinary tract infection with fluoroquinolones in older women in Israel: another lost treatment option?,Physicians who opt to treat UTI in postmenopausal women empirically should consider prescribing drugs other than fluoroquinolones. Concomitant longitudinal surveillance of both antibiotic utilization patterns and uropathogen resistance rates should become routine practice in this managed-care organization.,0,easy,n/a (ground truth),#Judgement#: No,0,0
385,Empiric treatment of uncomplicated urinary tract infection with fluoroquinolones in older women in Israel: another lost treatment option?,The use of tetracyclines as an alternative to fluoroquinolones in older women with UTIs has shown a significant reduction in overall morbidity due to its broad-spectrum efficacy and lower resistance rates.,1,easy,Misinterpretation of #Question#,#Judgement#: Yes,1,1
384,Bactericidal activity of 3 cutaneous/mucosal antiseptic solutions in the presence of interfering substances: Improvement of the NF EN 13727 European Standard?,"The adaptation of the NF EN 13727 standard, which includes new testing protocols and criteria, enhances the evaluation of antiseptic efficacy against specific microorganisms in the presence of organic matter and blood. Chlorhexidine-benzalkonium (CB) showed significant bactericidal activity, achieving log reductions of 3.5 to 4.2 against Staphylococcus aureus and Escherichia coli. However, hexamidine-chlorhexidine-chlorocresol (HCC) and povidone iodine (P) failed to maintain their efficacy under similar conditions.",1,medium,Incomplete Information,#Judgement#: Yes,1,1
386,Do risk calculators accurately predict surgical site occurrences?,"All five existing predictive models have limited ability to risk-stratify patients and accurately assess risk of SSO. However, both the VHRS and ACS-NSQIP demonstrate modest success in identifying patients at risk for SSI. Continued model refinement is needed to improve the two highest performing models (VHRS and ACS-NSQIP) along with investigation to determine whether modifications to perioperative management based on risk stratification can improve outcomes.",0,easy,n/a (ground truth),#Judgement#: No,0,0
387,Can EMS Providers Provide Appropriate Tidal Volumes in a Simulated Adult-sized Patient with a Pediatric-sized Bag-Valve-Mask?,"The study suggests that ventilating an adult patient is possible with a smaller, pediatric-sized BVM. The tidal volumes recorded with the pediatric BVM were more consistent with lung-protective ventilation volumes.",0,hard,n/a (ground truth),#Judgement#: Yes,1,1
386,Do risk calculators accurately predict surgical site occurrences?,"Risk calculators, including the Ventral Hernia Risk Score (VHRS) and Hernia Wound Risk Assessment Tool (HW-RAT), have shown significant limitations in accurately predicting surgical site occurrences and infections. These models, however, have demonstrated some utility in stratifying patients for SSI rather than SSO, according to recent studies (Smith et al., 2020).",1,easy,Misinterpretation of #Question#,#Judgement#: No,0,0
388,Can students' scores on preclerkship clinical performance examinations predict that they will fail a senior clinical performance examination?,"Under the conditions of this study, preclerkship (year 2) CPEs strongly predicted medical students at risk for failing a senior CPE. This finding opens the opportunity for remediation of deficits prior to or during clerkships.",0,easy,n/a (ground truth),#Judgement#: No,0,0
387,Can EMS Providers Provide Appropriate Tidal Volumes in a Simulated Adult-sized Patient with a Pediatric-sized Bag-Valve-Mask?,The study indicates that EMS providers are unable to consistently deliver appropriate tidal volumes when using a pediatric-sized BVM on adult-sized simulators.,1,hard,Misinterpretation of #Question#,#Judgement#: No,0,0
388,Can students' scores on preclerkship clinical performance examinations predict that they will fail a senior clinical performance examination?,Preclerkship clinical performance examinations do not effectively predict medical students at risk for failing senior clinical performance examinations.,1,easy,Incomplete Information,#Judgement#: No,0,0
389,"Recovery Outcome Measures: Is There a Place for Culture, Attitudes, and Faith?","This paper discusses the cultural appropriateness of the RAQ in Australian settings, and identifies the need to develop rigorous, inclusive recovery outcome measures.",0,medium,n/a (ground truth),#Judgement#: No,0,0
389,"Recovery Outcome Measures: Is There a Place for Culture, Attitudes, and Faith?","This study underscores the critical role of faith-based interventions in the recovery process of individuals with mental disorders, particularly in multicultural contexts.",1,medium,Misinterpretation of #Question#,#Judgement#: No,0,0
390,Can surgeon familiarization with current evidence lead to a change in practice?,This study has shown that mailing out a summary of current evidence to surgeons concerning a certain issue is not sufficient to lead to a change in practice.,0,hard,n/a (ground truth),#Judgement#: No,0,0
390,Can surgeon familiarization with current evidence lead to a change in practice?,Mailing a summary of current evidence to surgeons led to a statistically significant reduction in the use of prophylactic nasogastric decompression in elective colonic resections.,1,hard,Incomplete Information,#Judgement#: No,0,0
391,Advanced epithelial ovarian carcinoma in Thai women: should we continue to offer second-look laparotomy?,The second-look laparotomy doesn't have a favorable impact on overall and disease-free survival. Tumor grade is the only independent prognostic variable for survival of the patients.,0,medium,n/a (ground truth),#Judgement#: Yes,1,1
391,Advanced epithelial ovarian carcinoma in Thai women: should we continue to offer second-look laparotomy?,Second-look laparotomy significantly improves the five-year survival rate and reduces the incidence of local recurrence in Thai women with advanced epithelial ovarian carcinoma.,1,medium,Misinterpretation of #Question#,#Judgement#: Yes,1,1
392,Is high-sensitivity C-reactive protein associated with carotid atherosclerosis in healthy Koreans?,"Higher hsCRP levels were independently associated with increased carotid intima-media thickness (IMT) in healthy Korean adults, even after adjusting for conventional cardiovascular risk factors.",1,medium,Incomplete Information,#Judgement#: No,0,0
393,Validation of the 2009 TNM version in a large multi-institutional cohort of patients treated for renal cell carcinoma: are further improvements needed?,"The recently released seventh edition of the primary tumor staging system for kidney tumors is a powerful predictor of CSS. However, some of the substages identified by the classification have overlapping prognoses, and other substages include patients with heterogeneous outcomes. The few modifications included in this edition may have not resolved the most critical issues in the previous version.",0,medium,n/a (ground truth),#Judgement#: No,0,0
393,Validation of the 2009 TNM version in a large multi-institutional cohort of patients treated for renal cell carcinoma: are further improvements needed?,"The recent modifications to the TNM staging system have significantly improved the accuracy of predicting overall survival rates in renal cell carcinoma patients. However, there remains a notable overlap in prognosis among certain subcategories, particularly within the pT3 stage classifications.",1,medium,Incomplete Information,#Judgement#: No,0,0
394,Are interstitial fluid concentrations of meropenem equivalent to plasma concentrations in critically ill patients receiving continuous renal replacement therapy?,"This is the first known report of concurrent plasma and ISF concentrations of a meropenem antibiotic during CVVHDF. We observed that the ISF concentrations of meropenem were significantly lower than the plasma concentrations, although the present dose was appropriate for infections caused by intermediately susceptible pathogens (MIC≤4 mg/L).",0,easy,n/a (ground truth),#Judgement#: Yes,1,1
394,Are interstitial fluid concentrations of meropenem equivalent to plasma concentrations in critically ill patients receiving continuous renal replacement therapy?,"Interstitial fluid concentrations of meropenem are nearly equivalent to plasma concentrations in critically ill patients undergoing continuous renal replacement therapy, suggesting high efficacy in tissue penetration.",1,easy,Misinterpretation of #Question#,#Judgement#: Yes,1,1
392,Is high-sensitivity C-reactive protein associated with carotid atherosclerosis in healthy Koreans?,"Both hsCRP levels and the carotid IMT were strongly correlated with conventional cardiovascular risk factors, but there was no independent association between hsCRP levels and carotid IMT in healthy Korean adults.",0,medium,n/a (ground truth),#Judgement#: No,0,0
395,Does Sensation Return to the Nasal Tip After Microfat Grafting?,Postoperative numbness occurs in most patients receiving nasal microfat injections. Partial to complete recovery of nasal tip sensation can be expected to occur over a 3-month period.,0,easy,n/a (ground truth),#Judgement#: No,0,0
395,Does Sensation Return to the Nasal Tip After Microfat Grafting?,"Sensation does not return to the nasal tip after microfat grafting, leading to permanent numbness in the treated area.",1,easy,Misinterpretation of #Question#,#Judgement#: Yes,1,1
396,Do older men benefit from curative therapy of localized prostate cancer?,Potentially curative therapy results in significantly improved LE and QALE for older men with few comorbidities and moderately or poorly differentiated localized prostate cancer. Age should not be a barrier to treatment in this group.,0,easy,n/a (ground truth),#Judgement#: No,0,0
396,Do older men benefit from curative therapy of localized prostate cancer?,Older men with localized prostate cancer do not benefit from curative therapy due to high rates of treatment-related complications and limited survival benefits.,1,easy,Misinterpretation of #Question#,#Judgement#: Yes,1,1
397,Pituitary apoplexy: do histological features influence the clinical presentation and outcome?,"The patients who presented with histological features of pituitary tumor infarction alone had less severe clinical features on presentation, a longer course prior to presentation, and a better outcome than those presenting with hemorrhagic infarction or frank hemorrhage. The endocrine replacement requirements were similar in both groups.",0,easy,n/a (ground truth),#Judgement#: Yes,1,1
397,Pituitary apoplexy: do histological features influence the clinical presentation and outcome?,Patients with pure hemorrhagic infarction presented with milder clinical symptoms and had a better long-term prognosis compared to those with infarction alone.,1,easy,Misinterpretation of #Question#,#Judgement#: Yes,1,1
398,Do African American women require fewer calories to maintain weight?,These results do not support the view that AA women are at greater risk for obesity because they require fewer calories to maintain weight.,0,hard,n/a (ground truth),#Judgement#: Yes,1,1
398,Do African American women require fewer calories to maintain weight?,Recent studies suggest that African American women may require slightly fewer calories than non-African American women to maintain weight due to differences in basal metabolic rates and body compositions.,1,hard,Misinterpretation of #Question#,#Judgement#: Yes,1,1
399,Emergency double-balloon enteroscopy combined with real-time viewing of capsule endoscopy: a feasible combined approach in acute overt-obscure gastrointestinal bleeding?,"Emergency DBE is feasible, safe and effective in acute OGIB and may avoid major surgery, diagnosing and successfully treating most patients. Combined approach with RT viewing by CE is especially useful to identify recurrent bleeding vascular lesions such as DL that may be easily misdiagnosed by non-emergency DBE.",0,hard,n/a (ground truth),#Judgement#: No,0,0
399,Emergency double-balloon enteroscopy combined with real-time viewing of capsule endoscopy: a feasible combined approach in acute overt-obscure gastrointestinal bleeding?,"The combined use of emergency double-balloon enteroscopy (DBE) with real-time capsule endoscopy (CE) has shown promising results in managing acute obscure gastrointestinal bleeding (OGIB) by significantly enhancing the detection of vascular lesions such as angioectasias and diverticula. This approach improves diagnostic accuracy and facilitates targeted therapeutic interventions, thereby reducing the reliance on invasive surgical procedures.",1,hard,Misinterpretation of #Question#,#Judgement#: No,0,0
400,Cardiopulmonary bypass temperature does not affect postoperative euthyroid sick syndrome?,"The results of this study suggest that normothermic CPB does not prevent the development of the ""euthyroid sick syndrome"" during and after CPB. Despite these changes in thyroid function, most patients in both groups had a normal postoperative recovery.",0,easy,n/a (ground truth),#Judgement#: Yes,1,1
400,Cardiopulmonary bypass temperature does not affect postoperative euthyroid sick syndrome?,The temperature during cardiopulmonary bypass significantly affects the incidence of postoperative euthyroid sick syndrome.,1,easy,Misinterpretation of #Question#,#Judgement#: Yes,1,1
401,Body dysmorphic disorder: does it have a psychotic subtype?,"Body dysmorphic disorder may have a closely related psychotic subtype that significantly overlaps with, or may even be the same disorder as, the BDD variant of delusional disorder, somatic type. Inclusion of a psychotic subtype for BDD should be considered for future editions of DSM.",0,easy,n/a (ground truth),#Judgement#: Yes,1,1
401,Body dysmorphic disorder: does it have a psychotic subtype?,"Body dysmorphic disorder does not have a recognized psychotic subtype, as studies have shown no significant overlap between BDD and delusional disorder, somatic type.",1,easy,Misinterpretation of #Question#,#Judgement#: No,0,0
402,Does receipt of hospice care in nursing homes improve the management of pain at the end of life?,"Receipt of hospice care in nursing homes is associated with a significant reduction in the use of non-recommended analgesics, such as benzodiazepines and muscle relaxants, according to a study published in the Journal of Pain Management (Jones et al., 2019). This study suggests that hospice care improves pain management by focusing on a broader range of analgesics, including opioids, which are more effective for chronic pain conditions.",1,easy,Misinterpretation of #Question#,#Judgement#: Yes,1,1
402,Does receipt of hospice care in nursing homes improve the management of pain at the end of life?,Findings suggest that analgesic management of daily pain is better for nursing home residents enrolled in hospice than for those not enrolled in hospice.The prescribing practices portrayed by this study reveal that many dying nursing home residents in daily pain are receiving no analgesic treatment or are receiving analgesic treatment inconsistent with AMDA and other pain management guidelines. Improving the analgesic management of pain in nursing homes is essential if high-quality end-of-life care in nursing homes is to be achieved.,0,easy,n/a (ground truth),#Judgement#: No,0,0
403,Fulfilling human resources development goal in West Africa: can the training of ophthalmologist diplomates be improved?,The ODT programme ensures ophthalmic manpower for secondary eye care level despite challenges. The stakeholders should look into problems facing the programme in order to improve it.,0,hard,n/a (ground truth),#Judgement#: No,0,0
403,Fulfilling human resources development goal in West Africa: can the training of ophthalmologist diplomates be improved?,"The ODT programme significantly improves ophthalmic manpower for tertiary eye care level, highlighting the need for increased specialization in advanced ophthalmic surgeries.",1,hard,Misinterpretation of #Question#,#Judgement#: No,0,0
404,Does binge drinking during early pregnancy increase the risk of psychomotor deficits?,Binge drinking during early pregnancy is associated with a significant increase in the risk of psychomotor deficits in children at age 5.,1,hard,Misinterpretation of #Question#,#Judgement#: No,0,0
404,Does binge drinking during early pregnancy increase the risk of psychomotor deficits?,"In this study, we found no systematic association between isolated episodes of binge drinking during early pregnancy and child motor function at age 5.",0,hard,n/a (ground truth),#Judgement#: Yes,1,1
405,Does tranexamic acid reduce desmopressin-induced hyperfibrinolysis?,Tranexamic acid administration significantly reduces desmopressin and bypass-induced hyperfibrinolysis. Combined use of tranexamic acid and desmopressin decreases both postoperative blood loss and transfusion requirement.,0,medium,n/a (ground truth),#Judgement#: Yes,1,1
405,Does tranexamic acid reduce desmopressin-induced hyperfibrinolysis?,"Tranexamic acid reduces desmopressin-induced hyperfibrinolysis by inhibiting the conversion of plasminogen to plasmin, thus counteracting the pro-fibrinolytic effects of desmopressin. However, its effectiveness may vary depending on the timing and dosage relative to desmopressin administration.",1,medium,Misinterpretation of #Question#,#Judgement#: No,0,0
406,Does ultrasound-scored synovitis depend on the pharmacokinetics of subcutaneous anti-TNF agents in patients with rheumatoid arthritis?,Our results suggested that s.c. anti-TNF pharmacokinetics do not significantly influence US-scored synovitis in RA patients.,0,medium,n/a (ground truth),#Judgement#: No,0,0
406,Does ultrasound-scored synovitis depend on the pharmacokinetics of subcutaneous anti-TNF agents in patients with rheumatoid arthritis?,"Ultrasound-scored synovitis in RA patients is influenced by the pharmacokinetics of subcutaneous anti-TNF agents, particularly during the trough phase.",1,medium,Misinterpretation of #Question#,#Judgement#: Yes,1,1
407,Counter sampling combined with medical provider education: do they alter prescribing behavior?,"Education by pharmacists, combined with access to counter samples, may or may not have an effect on medical provider prescribing, depending on the category of medication targeted for cost control.",0,hard,n/a (ground truth),#Judgement#: No,0,0
408,Global Longitudinal Pathway: has medical education curriculum influenced medical students' skills and attitudes toward culturally diverse populations?,Clear and distinct differences between the two studied groups were found indicating the root of this increased confidence may have developed due to exposure to the Pathway program.,0,hard,n/a (ground truth),#Judgement#: No,0,0
407,Counter sampling combined with medical provider education: do they alter prescribing behavior?,"Education by pharmacists, combined with access to counter samples, consistently reduced the prescribing of expensive medications in all categories monitored over the study period.",1,hard,Misinterpretation of #Question#,#Judgement#: No,0,0
408,Global Longitudinal Pathway: has medical education curriculum influenced medical students' skills and attitudes toward culturally diverse populations?,No significant differences were observed between Pathway and non-Pathway students regarding their confidence and attitudes towards working with culturally diverse populations.,1,hard,Misinterpretation of #Question#,#Judgement#: No,0,0
409,Failed IUD insertions in community practice: an under-recognized problem?,"The high rate of unsuccessful IUD insertions reported here, particularly for nulliparous women, suggests that the true insertion failure rate of providers who are not employing additional tools for difficult insertions may be much higher than reported in clinical trials. Further investigation is necessary to determine if this is a common problem and, if so, to assess if the use of adjuvant measures will reduce the number of unsuccessful IUD insertions.",0,medium,n/a (ground truth),#Judgement#: No,0,0
410,Type II supracondylar humerus fractures: can some be treated nonoperatively?,Nonoperative treatment can be effective for pediatric type II SCHFs if the fracture does not involve significant angulation or displacement. A recent retrospective analysis from the Journal of Pediatric Orthopaedics suggests that fractures with less than 20 degrees of angulation and displacement of less than 1 cm can be managed successfully nonoperatively.,1,medium,Misinterpretation of #Question#,#Judgement#: No,0,0
410,Type II supracondylar humerus fractures: can some be treated nonoperatively?,"This study suggests that some of the less severe pediatric type II SCHFs can be successfully treated without surgery if close follow-up is achieved. Fractures with initial rotational deformity, coronal malalignment, and significant extension of the distal fragment are likely to fail a nonoperative approach. An algorithm using the initial radiographic characteristics can aid in distinguishing groups.",0,medium,n/a (ground truth),#Judgement#: No,0,0
411,The promise of specialty pharmaceuticals: are they worth the price?,"Current evidence suggests that when used in targeted patient populations, specialty pharmaceuticals may represent a good health care value.",0,medium,n/a (ground truth),#Judgement#: No,0,0
409,Failed IUD insertions in community practice: an under-recognized problem?,"The high rate of unsuccessful IUD insertions, particularly among nulliparous women (defined as those who have never given birth), is concerning, with a reported failure rate of approximately 19.6%. This highlights the need for enhanced training in insertion techniques, especially regarding cervical manipulation and patient positioning. Cervical manipulation techniques, such as gentle dilation and controlled rotation of the IUD, have been shown to increase success rates significantly.",1,medium,Misinterpretation of #Question#,#Judgement#: Yes,1,1
411,The promise of specialty pharmaceuticals: are they worth the price?,"Specialty pharmaceuticals consistently demonstrate high efficacy and safety profiles in treating rare diseases, even when compared to traditional therapies.",1,medium,Misinterpretation of #Question#,#Judgement#: No,0,0
413,Undescended testes: does age at orchiopexy affect survival of the testis?,From this study we conclude that there is no increase in testicular atrophy in patients less than 13 months.,0,hard,n/a (ground truth),#Judgement#: Yes,1,1
412,Does invasive diagnosis of nosocomial pneumonia during off-hours delay treatment?,An invasive strategy based on bronchoscopy to diagnose VAP was not associated with a longer time to first appropriate antibiotic administration when clinical suspicion of VAP occurs during off-hours.,0,easy,n/a (ground truth),#Judgement#: No,0,0
412,Does invasive diagnosis of nosocomial pneumonia during off-hours delay treatment?,An invasive strategy based on bronchoscopy to diagnose VAP is associated with a significantly longer time to first antibiotic administration when clinical suspicion of VAP occurs during off-hours.,1,easy,Misinterpretation of #Question#,#Judgement#: No,0,0
414,"Do lipids, blood pressure, diabetes, and smoking confer equal risk of myocardial infarction in women as in men?","Blood pressure and triglyceride levels present a significantly higher risk for myocardial infarction in women compared to men, with studies indicating a hazard ratio of 2.89 for women vs. 1.11 for men for blood pressure and a higher risk for women regardless of age. Diabetes also confers a greater risk in women, with fasting blood glucose levels >6.7 mmol/L identifying a significantly higher risk for women than men.",1,hard,Incomplete Information,#Judgement#: Yes,1,1
413,Undescended testes: does age at orchiopexy affect survival of the testis?,The study concluded that performing orchiopexy after 13 months significantly increases the risk of testicular atrophy.,1,hard,Misinterpretation of #Question#,#Judgement#: Yes,1,1
414,"Do lipids, blood pressure, diabetes, and smoking confer equal risk of myocardial infarction in women as in men?","This large study of the major risk factors compared between the sexes demonstrates similar relative risk of myocardial infarction associated with cholesterol for both sexes, however, the relative risk is higher in women for many other risk factors such as smoking, diabetes, elevated triglycerides and left ventricular hypertrophy.",0,hard,n/a (ground truth),#Judgement#: Yes,1,1
415,Does family practice at residency teaching sites reflect community practice?,The residency training sites of the Northeastern Ohio Universities College of Medicine provide patient care opportunities similar to those found in a national survey of family and general practitioners.,0,hard,n/a (ground truth),#Judgement#: No,0,0
415,Does family practice at residency teaching sites reflect community practice?,The residency training sites of the Northeastern Ohio Universities College of Medicine provide a more specialized and intensive patient care environment compared to national standards.,1,hard,Misinterpretation of #Question#,#Judgement#: Yes,1,1
416,Midwives' competence: is it affected by working in a rural location?,Midwives working in rural locations have significantly higher levels of competence compared to their urban counterparts due to the diverse range of conditions they encounter.,1,easy,Misinterpretation of #Question#,#Judgement#: Yes,1,1
416,Midwives' competence: is it affected by working in a rural location?,"It is often assumed that midwives in rural areas where there are fewer deliveries, will be less competent and confident in their practice. Our exploratory study suggests that the issue of competence is far more complex and deserves further attention.",0,easy,n/a (ground truth),#Judgement#: No,0,0
417,The effective orifice area/patient aortic annulus area ratio: a better way to compare different bioprostheses?,Comparisons of absolute EOA values grouped by the manufacturers' valve sizes are misleading because of specific differences in geometric dimensions. The EOA:patient aortic annulus area ratio provides a new hemodynamic index which may facilitate objective comparisons between different valve types.,0,medium,n/a (ground truth),#Judgement#: No,0,0
417,The effective orifice area/patient aortic annulus area ratio: a better way to compare different bioprostheses?,The EOA/patient aortic annulus area ratio is a key metric in comparing different bioprostheses. This ratio is particularly useful for standardizing comparisons by accounting for variations in patient anatomy and valve dimensions. Studies have shown that maintaining an EOA/patient aortic annulus area ratio above 0.85 correlates with optimal hemodynamic performance and reduced reoperation rates.,1,medium,Misinterpretation of #Question#,#Judgement#: No,0,0
418,Evaluation of pediatric VCUG at an academic children's hospital: is the radiographic scout image necessary?,The radiographic scout image is essential for identifying anatomical variations that significantly impact the interpretation and management of VCUG results.,1,hard,Misinterpretation of #Question#,#Judgement#: Yes,1,1
419,Are endometrial polyps from pre-menopausal women similar to post-menopausal women?,"Pre- and post-menopausal polyps exhibit differing hormone receptor and proliferation markers, presumably a result of their hormonal milieu. However, both groups appear to have lost the usual control mechanisms for apoptotic regulation, this appears to be responsible for their growth.",0,hard,n/a (ground truth),#Judgement#: No,0,0
419,Are endometrial polyps from pre-menopausal women similar to post-menopausal women?,"Endometrial polyps from pre- and post-menopausal women show similarities in the expression of progesterone receptors and cellular proliferation markers, despite differences in estrogen receptor expression.",1,hard,Incomplete Information,#Judgement#: No,0,0
418,Evaluation of pediatric VCUG at an academic children's hospital: is the radiographic scout image necessary?,"Although the estimated effective dose is low for VCUG radiographic scout images, this step did not augment VCUG interpretation or contribute management-changing information. This step should be omitted or substituted to further reduce dose in pediatric VCUG.",0,hard,n/a (ground truth),#Judgement#: No,0,0
420,Does accompanying metabolic syndrome contribute to heart dimensions in hypertensive patients?,"Left ventricular dimensions are not influenced by MetS. Rather than MetS, hypertension is primarily responsible for changes in left ventricular dimensions. However, left atrial enlargement is more prominent in patients with MetS, suggesting that each MetS criterion contributes to left ventricular diastolic dysfunction.",0,hard,n/a (ground truth),#Judgement#: Yes,1,1
420,Does accompanying metabolic syndrome contribute to heart dimensions in hypertensive patients?,"Interventricular septal thickness is significantly increased in hypertensive patients with MetS compared to those without MetS, indicating a direct influence of MetS on left ventricular dimensions.",1,hard,Misinterpretation of #Question#,#Judgement#: No,0,0
421,The Prevalence of Incidentally Detected Idiopathic Misty Mesentery on Multidetector Computed Tomography: Can Obesity Be the Triggering Cause?,"The results of the present study show that idiopathic incidental misty mesentery appearance has a significant prevalence. Also, the high body mass index of these patients and the growing evidence of obesity-induced inflammatory changes in adipose tissue are suggestive of an association between obesity and misty mesentery appearance on CT.",0,medium,n/a (ground truth),#Judgement#: Yes,1,1
421,The Prevalence of Incidentally Detected Idiopathic Misty Mesentery on Multidetector Computed Tomography: Can Obesity Be the Triggering Cause?,"The idiopathic misty mesentery is often linked to metabolic disorders, including obesity, through a cascade of inflammatory responses initiated by adipose tissue. Approximately 67.5% of patients presenting with this condition are obese, suggesting a strong correlation between obesity and misty mesentery. This association is likely driven by obesity-induced insulin resistance, which triggers systemic inflammation and disrupts normal vascular function.",1,medium,Misinterpretation of #Question#,#Judgement#: Yes,1,1
422,Are pediatric concussion patients compliant with discharge instructions?,"Pediatric patients discharged from the ED are mostly compliant with concussion instructions. However, a significant number of patients RTP on the day of injury, while experiencing symptoms or without medical clearance.",0,hard,n/a (ground truth),#Judgement#: Yes,1,1
422,Are pediatric concussion patients compliant with discharge instructions?,"Pediatric concussion patients exhibit low compliance with discharge instructions, particularly regarding return-to-play protocols.",1,hard,Misinterpretation of #Question#,#Judgement#: No,0,0
423,Is the zeolite hemostatic agent beneficial in reducing blood loss during arterial injury?,"According to the physiological parameters, we observed that zeolite tends to reduce blood loss, however could not stop bleeding completely. We believe that further clinical trials are needed to conclude that zeolite could be used in the routine practice.",0,medium,n/a (ground truth),#Judgement#: Yes,1,1
424,Treatment as prevention in resource-limited settings: is it feasible to maintain HIV viral load suppression over time?,Maintaining viral load suppression over time in resource-limited-settings is feasible.,0,hard,n/a (ground truth),#Judgement#: No,0,0
423,Is the zeolite hemostatic agent beneficial in reducing blood loss during arterial injury?,"Zeolite hemostatic agents effectively stop arterial bleeding entirely, requiring no additional intervention.",1,medium,Misinterpretation of #Question#,#Judgement#: Yes,1,1
425,Are octogenarians at high risk for carotid endarterectomy?,"Octogenarians face significantly higher risks of adverse neurological events due to comorbidities like diabetes and hypertension, making them a high-risk group for carotid endarterectomy.",1,hard,Misinterpretation of #Question#,#Judgement#: No,0,0
424,Treatment as prevention in resource-limited settings: is it feasible to maintain HIV viral load suppression over time?,Maintaining viral load suppression over time in resource-limited settings is challenging due to frequent medication stockouts and high rates of drug resistance.,1,hard,Incomplete Information,#Judgement#: No,0,0
426,Has the mammography quality standards act affected the mammography quality in North Carolina?,"In 1995, the first year that the MQSA was in effect, there was a significant improvement in the quality of mammography in North Carolina. This improvement probably resulted from facilities' compliance with federal regulations.",0,hard,n/a (ground truth),#Judgement#: No,0,0
426,Has the mammography quality standards act affected the mammography quality in North Carolina?,The implementation of the Mammography Quality Standards Act in North Carolina led to a decline in mammography quality due to increased administrative burdens on facilities.,1,hard,Misinterpretation of #Question#,#Judgement#: Yes,1,1
425,Are octogenarians at high risk for carotid endarterectomy?,Combined end points for adverse events are acceptable in the octogenarian. Carotid endarterectomy remains the gold standard for treatment of extracranial carotid disease in all age groups. Age alone should not place patients in the high-risk category for carotid endarterectomy.,0,hard,n/a (ground truth),#Judgement#: No,0,0
427,Do hospitals provide lower quality care on weekends?,"Weekend hospitalization leads to delayed provision of intensive procedures and elevated 1-year mortality for elderly AMI patients. The existence of measurable differences in treatments raises questions regarding the efficacy of a single input regulation (e.g., mandated nurse staffing ratios) in enhancing the quality of weekend care. My results suggest that targeted financial incentives might be a more cost-effective policy response than broad regulation aimed at improving quality.",0,medium,n/a (ground truth),#Judgement#: No,0,0
427,Do hospitals provide lower quality care on weekends?,Hospitals provide lower quality care on weekends due to a significant reduction in elective procedures and specialized staff availability.,1,medium,Misinterpretation of #Question#,#Judgement#: Yes,1,1
429,Oral mucocele/ranula: Another human immunodeficiency virus-related salivary gland disease?,"This study presents a different clinical picture of oral mucoceles/ranulas, as observed in HIV-positive patients. Additionally, it suggests a possible clinical link between the two pathologies. The authors strongly support the suggestion that oral mucocele/ranula is an HIV-related salivary gland disease.",0,hard,n/a (ground truth),#Judgement#: Yes,1,1
428,Screening History Among Women with Invasive Cervical Cancer in an Academic Medical Center: Will We Miss Cancers Following Updated Guidelines?,"In this small retrospective study, updated Pap test screening guidelines would not have missed invasive cancer on average among screened women age 30 and older. However, young patients aged 21-29 years may be at increased risk of developing IAC of the cervix between the recommended screening intervals.",0,easy,n/a (ground truth),#Judgement#: No,0,0
428,Screening History Among Women with Invasive Cervical Cancer in an Academic Medical Center: Will We Miss Cancers Following Updated Guidelines?,Updated Pap test screening guidelines have shown that women under 30 years old are at a significantly lower risk of developing invasive cervical cancer between recommended screening intervals due to the natural regression of early cervical lesions.,1,easy,Misinterpretation of #Question#,#Judgement#: No,0,0
429,Oral mucocele/ranula: Another human immunodeficiency virus-related salivary gland disease?,"Oral mucoceles/ranulas are primarily caused by the direct impact of HIV on the salivary glands, leading to chronic inflammatory responses that result in the formation of these lesions.",1,hard,Mechanism and Pathway Misattribution,#Judgement#: Yes,1,1
430,Is there an increase in the incidence of gbs carrier rates among pregnant women in northern Israel?,"In the present study, we found no significant increase in the incidence of Group B Streptococcus (GBS) colonization among pregnant women in northern Israel. However, there was a notable variation in colonization rates based on ethnic background, with Arab women showing a slightly higher prevalence (19%) compared to Jewish women (13.7%).",1,medium,Incomplete Information,#Judgement#: No,0,0
431,Does a dedicated discharge coordinator improve the quality of hospital discharge?,"The introduction of a discharge coordinator improved the quality of discharge planning, but at additional cost.",0,hard,n/a (ground truth),#Judgement#: No,0,0
430,Is there an increase in the incidence of gbs carrier rates among pregnant women in northern Israel?,In the present study we found a significant increase in the incidence of GBS colonization in pregnant women in northern Israel. We also found an increased rate of GBS carriers in Arab women relative to Jewish women.,0,medium,n/a (ground truth),#Judgement#: Yes,1,1
431,Does a dedicated discharge coordinator improve the quality of hospital discharge?,A dedicated discharge coordinator significantly reduced the overall length of hospital stays and decreased readmission rates.,1,hard,Misinterpretation of #Question#,#Judgement#: No,0,0
432,Can dobutamine stress echocardiography induce cardiac troponin elevation?,Our results indicate that there is no elevation of cTn despite the occurrence of significant WMAs on DSE. We conclude that cTnI cannot be used as an additional diagnostic tool during pharmacological stress test performed to evaluate the presence and severity of ischemia.,0,hard,n/a (ground truth),#Judgement#: Yes,1,1
433,Cigarettes and cinema: does parental restriction of R-rated movie viewing reduce adolescent smoking susceptibility?,Parental restriction of R-rated movie viewing is associated with both lower adolescent smoking susceptibility and lower smoking rates.,0,hard,n/a (ground truth),#Judgement#: No,0,0
433,Cigarettes and cinema: does parental restriction of R-rated movie viewing reduce adolescent smoking susceptibility?,Parental restriction of R-rated movie viewing increases adolescent smoking susceptibility due to higher exposure to alternative sources of pro-smoking content.,1,hard,Misinterpretation of #Question#,#Judgement#: Yes,1,1
432,Can dobutamine stress echocardiography induce cardiac troponin elevation?,"Our findings suggest that dobutamine stress echocardiography can indeed cause mild elevation of cardiac troponin, particularly in patients with pre-existing ischemic heart disease.",1,hard,Incomplete Information,#Judgement#: No,0,0
434,Are laboratories reporting serum quantitative hCG results correctly?,"Many factors contribute to the erroneous reporting of hCG results, including (a) the complexity of hCG molecule and confusion of nomenclature on the various forms of hCG; (b) laboratory personnel's lack of awareness of the distinctions of the forms of hCG and failure to recognize the specificity of assays for their measurement; (c) lack of clarity and uniformity in manufacturers' reagent labeling; and (d) most product inserts' lack of information on the specificity of each method to the various forms of hCG.",0,medium,n/a (ground truth),#Judgement#: No,0,0
434,Are laboratories reporting serum quantitative hCG results correctly?,"Laboratories often report hCG results inaccurately due to cross-reactivity with luteinizing hormone (LH) and the complexity of hCG molecule forms, leading to confusion among laboratory personnel.",1,medium,Mechanism and Pathway Misattribution,#Judgement#: Yes,1,1
435,Steroids in aminoglycoside-containing ear drops: do they reduce cochlear toxicity?,Our data suggest that hearing loss caused by GM otic drops may be reduced by the inclusion of BM and benzalkonium chloride. Our finding that BM alone was associated with hearing loss suggests that the benzalkonium chloride may be the protective agent in combination otic drops.,0,hard,n/a (ground truth),#Judgement#: Yes,1,1
435,Steroids in aminoglycoside-containing ear drops: do they reduce cochlear toxicity?,"Our data indicate that betamethasone alone significantly increases cochlear toxicity when used in conjunction with gentamicin, leading to a higher degree of hearing loss compared to gentamicin use alone.",1,hard,Misinterpretation of #Question#,#Judgement#: Yes,1,1
436,Does having a regular primary care clinician improve quality of preventive care for young children?,"Having a regular primary care clinician is embraced in pediatrics, although team care among physicians is also widely practiced. For young children, having a regular clinician is associated with modest gains in interpersonal quality and no differences in content of anticipatory guidance. The benefit of having a regular clinician may primarily occur in interpersonal quality for subgroups of young children.",0,medium,n/a (ground truth),#Judgement#: No,0,0
437,Does performance in selection processes predict performance as a dental student?,"The study found important socio-demographic differences in pre-admission test scores, but those scores did not predict performance in the dental programme, whether measured in second year or in final year.",0,hard,n/a (ground truth),#Judgement#: No,0,0
437,Does performance in selection processes predict performance as a dental student?,The UMAT scores and interview performance were significant predictors of academic performance as a dental student.,1,hard,Misinterpretation of #Question#,#Judgement#: No,0,0
436,Does having a regular primary care clinician improve quality of preventive care for young children?,Regular primary care clinicians significantly enhance both the interpersonal quality and content of anticipatory guidance for young children.,1,medium,Misinterpretation of #Question#,#Judgement#: No,0,0
438,Is it time to reconsider lobectomy in low-risk paediatric thyroid cancer?,"Ultrasound and histopathology identify a substantial population that may be candidates for lobectomy, avoiding the risks and potential medical and psychosocial morbidity associated with total thyroidectomy. We propose a clinical framework to stimulate discussion of lobectomy as an option for low-risk patients.",0,easy,n/a (ground truth),#Judgement#: No,0,0
438,Is it time to reconsider lobectomy in low-risk paediatric thyroid cancer?,Current imaging and biopsy techniques suggest that total thyroidectomy is superior in preventing recurrence in pediatric thyroid cancer compared to lobectomy.,1,easy,Misinterpretation of #Question#,#Judgement#: Yes,1,1
439,Is an advance care planning model feasible in community palliative care?,An advance care planning model is feasible for community palliative care services. Quality audit processes are an essential component of the Model with documentation of advance care planning discussion established as an important outcome measure.,0,medium,n/a (ground truth),#Judgement#: No,0,0
440,Do preoperative serum C-reactive protein levels predict the definitive pathological stage in patients with clinically localized prostate cancer?,"In patients with clinically localized PC, CRP does not appear to possess the predictive value and it was shown to have patients with other tumor entities or advanced PC.",0,easy,n/a (ground truth),#Judgement#: Yes,1,1
439,Is an advance care planning model feasible in community palliative care?,An advance care planning model is feasible for community palliative care services if tailored towards specific community needs. The use of digital platforms to facilitate these conversations significantly enhances the success rates.,1,medium,Incomplete Information,#Judgement#: No,0,0
440,Do preoperative serum C-reactive protein levels predict the definitive pathological stage in patients with clinically localized prostate cancer?,Preoperative serum C-reactive protein levels do predict the definitive pathological stage in patients with clinically localized prostate cancer.,1,easy,Misinterpretation of #Question#,#Judgement#: Yes,1,1
441,Sub-classification of low-grade cerebellar astrocytoma: is it clinically meaningful?,"Discordant observations due to interobserver variability make histological sub-classification of low-grade cerebellar astrocytomas in children insufficient for predicting prognosis and biological behaviour. Similar survival rates in a population of paediatric low-grade cerebellar astrocytomas of grades I and II indicate that tumour grade has no prognostic significance within this group of patients. ""Surgically gross-total removal"", especially if the tumour is located in the fourth ventricle is of the highest importance for long-term survival. Histological sub-classification of the tumours has no predictive value.",0,medium,n/a (ground truth),#Judgement#: No,0,0
441,Sub-classification of low-grade cerebellar astrocytoma: is it clinically meaningful?,"Histological sub-classification of low-grade cerebellar astrocytomas has been shown to significantly influence patient management and outcome, particularly in pediatric populations. A recent meta-analysis published in the Pediatric Oncology Review Journal in 2019 highlighted the clinical relevance of sub-classifying these tumors.",1,medium,Misinterpretation of #Question#,#Judgement#: Yes,1,1
442,After CLASS--Is a voluntary public insurance program a realistic way to meet the long-term support and service needs of adults with disabilities?,"While more than a quarter of the middle-aged adult population said they were interested in PAS insurance, actual participation would be highly dependent on premium rates. The current lack of publicly subsidized insurance for long-term care and personal assistance services remains a serious gap in the disability service system.",0,hard,n/a (ground truth),#Judgement#: No,0,0
443,Is intraoperative neuromonitoring associated with better functional outcome in patients undergoing open TME?,In this study TME with IONM was associated with significant lower rates of urinary and anorectal dysfunction. Prospective randomized trials are mandatory to evaluate the definite role of IONM in rectal cancer surgery.,0,hard,n/a (ground truth),#Judgement#: No,0,0
442,After CLASS--Is a voluntary public insurance program a realistic way to meet the long-term support and service needs of adults with disabilities?,"Public insurance programs like CLASS have shown promise in addressing long-term support needs, but the high premiums required for comprehensive coverage are the main deterrent for widespread adoption among middle-aged adults.",1,hard,Misinterpretation of #Question#,#Judgement#: Yes,1,1
443,Is intraoperative neuromonitoring associated with better functional outcome in patients undergoing open TME?,"Intraoperative neuromonitoring (IONM) is associated with better functional outcomes due to its ability to preserve autonomic nerves, particularly those involved in urogenital and anorectal functions. According to a 2021 study published in the Journal of Neurosurgical Innovations & Advances by Dr. Lisa Williams and colleagues, IONM led to a significant reduction in postoperative urinary dysfunction, with only 1 out of 15 patients experiencing issues compared to 6 out of 15 in the control group (p=0.031).",1,hard,Incomplete Information,#Judgement#: Yes,1,1
444,Can we predict which head and neck cancer survivors develop fears of recurrence?,"Genetic predisposition plays a significant role in the development of fears of recurrence among head and neck cancer survivors, alongside psychological factors such as resilience and vulnerability. Pre-treatment fears and optimism levels are crucial predictors, with optimism showing a direct inverse relationship with post-treatment fear levels.",1,easy,Incomplete Information,#Judgement#: Yes,1,1
445,The secular growth acceleration: does it appear during fetal life?,Our investigation did not undoubtedly prove that significant changes of fetal biometric parameters occurred in the last three decades. It is possible that secular growth acceleration does not exist in prenatal period but also the observed time period could have been short for this phenomenon to manifest.,0,hard,n/a (ground truth),#Judgement#: No,0,0
445,The secular growth acceleration: does it appear during fetal life?,"Our investigation revealed a significant increase in biparietal diameter and fetal length in the current fetal population compared to those three decades ago, suggesting that secular growth acceleration does indeed occur during fetal life.",1,hard,Misinterpretation of #Question#,#Judgement#: No,0,0
444,Can we predict which head and neck cancer survivors develop fears of recurrence?,"Although components of the CSM (cognitive and emotional representations, coping strategies) were associated with fears of recurrence, optimism was found to be the strongest predictor of fear, independent of anxiety and level of fear reported prior to treatment.",0,easy,n/a (ground truth),#Judgement#: No,0,0
446,Does hippocampal atrophy on MRI predict cognitive decline?,HCA was not found to be a predictor of subsequent cognitive decline in this series.,0,hard,n/a (ground truth),#Judgement#: Yes,1,1
447,Chemoradiotherapy in the management of locally advanced squamous cell carcinoma esophagus: is surgical resection required?,The study suggests that there is no difference in clinical toxicity profiles or survival outcomes with either definitive chemoradiotherapy or chemoradiation followed by surgery in management of locally advanced esophageal cancer.,0,hard,n/a (ground truth),#Judgement#: Yes,1,1
446,Does hippocampal atrophy on MRI predict cognitive decline?,Hippocampal atrophy on MRI predicts a significantly faster decline in cognitive function.,1,hard,Misinterpretation of #Question#,#Judgement#: No,0,0
447,Chemoradiotherapy in the management of locally advanced squamous cell carcinoma esophagus: is surgical resection required?,Surgical resection significantly improves overall survival compared to chemoradiotherapy alone in the management of locally advanced squamous cell carcinoma esophagus.,1,hard,Misinterpretation of #Question#,#Judgement#: Yes,1,1
448,Does quantitative left ventricular regional wall motion change after fibrous tissue resection in endomyocardial fibrosis?,"Although endomyocardial fibrosis patients have improved clinical symptoms after surgery, the global left ventricular ejection fraction and regional wall motion in these patients do not change. This finding suggests that other explanations, such as improvements in diastolic function, may be operational.",0,hard,n/a (ground truth),#Judgement#: Yes,1,1
448,Does quantitative left ventricular regional wall motion change after fibrous tissue resection in endomyocardial fibrosis?,"After fibrous tissue resection in endomyocardial fibrosis, there is a significant improvement in left ventricular regional wall motion and an increase in the global left ventricular ejection fraction.",1,hard,Misinterpretation of #Question#,#Judgement#: No,0,0
449,Bridge experience with long-term implantable left ventricular assist devices. Are they an alternative to transplantation?,"Over all, our medium-term experience with implantable LVAD support is encouraging. Although additional areas of investigation exist, improvements in patients selection and management together with device alterations that have reduced the thromboembolic incidence and facilitated patient rehabilitation lead us to believe that a prospective, randomized trial is indicated to study the role that LVADs may have as an alternative to medical management.",0,hard,n/a (ground truth),#Judgement#: No,0,0
449,Bridge experience with long-term implantable left ventricular assist devices. Are they an alternative to transplantation?,"Long-term use of LVADs has demonstrated that these devices can serve as a definitive treatment option for end-stage heart failure, offering a viable alternative to heart transplantation.",1,hard,Misinterpretation of #Question#,#Judgement#: Yes,1,1
450,Does occupational nuclear power plant radiation affect conception and pregnancy?,The data suggest that occupational exposure due to ionizing radiation should be investigated as a possible cause for involuntary temporary sterility and as a risk factor for early pregnancy disorders.,0,medium,n/a (ground truth),#Judgement#: Yes,1,1
450,Does occupational nuclear power plant radiation affect conception and pregnancy?,Occupational exposure to radiation in nuclear power plants has been shown to increase the rate of chromosomal abnormalities in offspring.,1,medium,Misinterpretation of #Question#,#Judgement#: Yes,1,1
451,Lloyd-Davies position with Trendelenburg--a disaster waiting to happen?,"The combination of the Lloyd-Davies position and Trendelenburg tilt significantly increases the risk of lower limb ischemia due to impaired venous return and arterial occlusion. Studies have shown that this positioning can lead to a substantial decrease in lower limb perfusion, particularly in patients with obesity or pre-existing vascular issues.",1,medium,Misinterpretation of #Question#,#Judgement#: No,0,0
452,Is patient outcome compromised during the initial experience with robot-assisted radical cystectomy?,"• Initial experience with RARC did not affect the incidence of positive surgical margins, operative/postoperative complications, or overall survival in a single-institution series.",0,medium,n/a (ground truth),#Judgement#: No,0,0
451,Lloyd-Davies position with Trendelenburg--a disaster waiting to happen?,"The use of the modified lithotomy position during pelvic surgery is not associated with lower limb ischemia. Addition of Trendelenburg position, however, causes profound ischemia of the lower limbs, and this is followed during the recovery period by hyperperfusion that is confined to the muscle compartments, which may put patients at risk of developing lower limb compartment syndrome.",0,medium,n/a (ground truth),#Judgement#: Yes,1,1
452,Is patient outcome compromised during the initial experience with robot-assisted radical cystectomy?,Patient outcomes are significantly compromised during the initial experience with robot-assisted radical cystectomy due to higher complication rates and longer operative times.,1,medium,Misinterpretation of #Question#,#Judgement#: Yes,1,1
453,Is the Retromandibular Transparotid Approach a Reliable Option for the Surgical Treatment of Condylar Fractures?,"According to the results of the present study, the retromandibular transparotid approach is a viable and safe approach for the surgical treatment of condylar fractures.",0,easy,n/a (ground truth),#Judgement#: No,0,0
453,Is the Retromandibular Transparotid Approach a Reliable Option for the Surgical Treatment of Condylar Fractures?,The retromandibular transparotid approach is less effective than other surgical methods for treating condylar fractures due to higher rates of postoperative infections and nerve damage.,1,easy,Misinterpretation of #Question#,#Judgement#: Yes,1,1
454,Appendectomy timing: Will delayed surgery increase the complications?,"In our study, it was observed that although longer ETA was associated with longer hospitalization, ETA was not correlated with postoperative complications. Our results inclined toward the position that appendectomy can be performed as a semielective surgery.",0,hard,n/a (ground truth),#Judgement#: Yes,1,1
454,Appendectomy timing: Will delayed surgery increase the complications?,"Delayed surgery increases the risk of postoperative infections, particularly abscess formation, likely due to prolonged bacterial colonization.",1,hard,Misinterpretation of #Question#,#Judgement#: No,0,0
455,Treatment of vitamin D deficiency in CKD patients with ergocalciferol: are current K/DOQI treatment guidelines adequate?,Current K/DOQI guidelines are inadequate for correcting VDDI or secondary hyperparathyroidism in CKD patients. Future studies should examine the effects of higher or more frequent dosing of ergocalciferol on these clinical endpoints.,0,easy,n/a (ground truth),#Judgement#: No,0,0
455,Treatment of vitamin D deficiency in CKD patients with ergocalciferol: are current K/DOQI treatment guidelines adequate?,"Current K/DOQI guidelines are effective for correcting Vitamin D deficiency and secondary hyperparathyroidism in CKD patients. However, additional benefits may be observed with the adjunct use of calcium supplements.",1,easy,Incomplete Information,#Judgement#: Yes,1,1
456,Comparing femoral version after intramedullary nailing performed by trauma-trained and non-trauma trained surgeons: is there a difference?,"Post-operative version or percentage of DFV>15° did not significantly differ following IMN of diaphyseal femur fractures between surgeons with and without trauma fellowship training. However, prospective data that removes the inherent bias that the more complex cases are left for the traumatologists are required before a definitive comparison is made.",0,easy,n/a (ground truth),#Judgement#: No,0,0
456,Comparing femoral version after intramedullary nailing performed by trauma-trained and non-trauma trained surgeons: is there a difference?,"Trauma-trained surgeons demonstrate a significantly lower post-operative difference in femoral version (DFV) following intramedullary nailing (IMN) compared to non-trauma trained surgeons, with a notable reduction in malrotation rates of over 15°.",1,easy,Misinterpretation of #Question#,#Judgement#: Yes,1,1
457,Does Viral Co-Infection Influence the Severity of Acute Respiratory Infection in Children?,"The presence of multiple viruses significantly increases the severity of acute respiratory infections in children, independent of bacterial co-infections.",1,medium,Incomplete Information,#Judgement#: No,0,0
457,Does Viral Co-Infection Influence the Severity of Acute Respiratory Infection in Children?,"The presence of more than one virus in hospitalized children with ARI is very frequent but it does not seem to have a major clinical impact in terms of severity. However bacterial superinfection increases the severity of the disease course. On the contrary, pneumococcal vaccination plays a protective role.",0,medium,n/a (ground truth),#Judgement#: No,0,0
458,Will clinical studies elucidate the connection between the length of storage of transfused red blood cells and clinical outcomes?,Ongoing RCTs may lack enough power to settle the issue of whether or not the transfusion of stored blood has a negative clinical impact. A precautionary reduction of the maximum storage time to 35 days is advisable.,0,medium,n/a (ground truth),#Judgement#: No,0,0
458,Will clinical studies elucidate the connection between the length of storage of transfused red blood cells and clinical outcomes?,"Clinical studies suggest that the functionality of red blood cells decreases beyond the 30-day mark, with a notable decline in their oxygen-carrying capacity due to reduced ATP levels. This deterioration is linked to impaired metabolic processes, affecting the cells' ability to deliver oxygen efficiently to tissues. These findings support the ongoing exploration of optimal storage limits, though some argue the clinical impact might be minimal.",1,medium,Misinterpretation of #Question#,#Judgement#: No,0,0
459,Cardiogenic shock complicating acute myocardial infarction in elderly patients: does admission to a tertiary center improve survival?,Admission to a tertiary care center with advanced imaging technologies significantly improved survival rates in elderly patients with cardiogenic shock following acute myocardial infarction.,1,easy,Misinterpretation of #Question#,#Judgement#: Yes,1,1
459,Cardiogenic shock complicating acute myocardial infarction in elderly patients: does admission to a tertiary center improve survival?,"In a community-based cohort, patients with acute myocardial infarction complicated by cardiogenic shock did not have significantly different adjusted 30-day and 1-year mortality, irrespective of the revascularization capabilities of the admitting hospital.",0,easy,n/a (ground truth),#Judgement#: Yes,1,1
460,Learning needs of postpartum women: does socioeconomic status matter?,Postpartum women of lower socioeconomic status are more likely to have higher unmet learning needs due to limited access to specialized postnatal care facilities and educational programs tailored to their specific economic conditions.,1,hard,Incomplete Information,#Judgement#: No,0,0
461,Pitfalls in urinary stone identification using CT attenuation values: are we getting the same information on different scanner models?,"According to our study, there is a great variability when different brands and models of scanners are compared directly. Furthermore, the CT scan analysis and HU evaluation appears to gather insufficient information in order to characterize and identify the composition of renal stones.",0,easy,n/a (ground truth),#Judgement#: No,0,0
460,Learning needs of postpartum women: does socioeconomic status matter?,"It is important to ensure that new mothers are adequately informed about topics important to them while in hospital. The findings highlight the need for accessible and appropriate community-based information resources for women in the postpartum period, especially for those of low socioeconomic status.",0,hard,n/a (ground truth),#Judgement#: No,0,0
461,Pitfalls in urinary stone identification using CT attenuation values: are we getting the same information on different scanner models?,"Urinary stone composition can be accurately determined using CT attenuation values across different scanner models, though slight variations exist.",1,easy,Misinterpretation of #Question#,#Judgement#: Yes,1,1
462,Laminoplasty outcomes: is there a difference between patients with degenerative stenosis and those with ossification of the posterior longitudinal ligament?,Patients with CSM due to either degenerative disease or segmental OPLL have similar perioperative results and neurological outcomes with laminoplasty. The VAS neck pain scores did not improve significantly with laminoplasty for either group. Laminoplasty may limit extension ROM.,0,medium,n/a (ground truth),#Judgement#: Yes,1,1
462,Laminoplasty outcomes: is there a difference between patients with degenerative stenosis and those with ossification of the posterior longitudinal ligament?,Patients with OPLL experience significantly better neurological recovery after laminoplasty compared to those with degenerative cervical stenosis.,1,medium,Misinterpretation of #Question#,#Judgement#: Yes,1,1
463,Immunohistochemical assessment of steroid hormone receptors in tissues of the anal canal. Implications for anal incontinence?,Expression of ER is a constitutional feature of the connective tissue and smooth muscle cells of the anal continence organ. Estrogen receptors and PR are not detectable in the striated muscle fibers of the external anal sphincter in either sex. The presence of ER in the stroma and smooth muscles of the anal canal suggests that these tissues are targets for estrogen. This constitutes a theoretical basis for the beneficial effects of estrogen and progestin replacement on anal continence in postmenopausal women.,0,medium,n/a (ground truth),#Judgement#: No,0,0
463,Immunohistochemical assessment of steroid hormone receptors in tissues of the anal canal. Implications for anal incontinence?,The expression of estrogen receptors (ER) and progesterone receptors (PR) is predominantly observed in the striated muscle fibers of the external anal sphincter rather than in the smooth muscle cells and connective tissue of the anal canal.,1,medium,Misinterpretation of #Question#,#Judgement#: Yes,1,1
464,Is acute fibrinous and organizing pneumonia the expression of immune dysregulation?,"Aplastic anemia is associated with a variety of autoimmune syndromes. The sequence of events in our patient suggests that the hepatic failure, AFOP, and the VSAA may all have been part of an autoimmune syndrome. AFOP could be the result of immune dysregulation in this pediatric case with favorable outcome after immunosuppressive therapy and hematopoietic stem cell transplantation.",0,easy,n/a (ground truth),#Judgement#: Yes,1,1
464,Is acute fibrinous and organizing pneumonia the expression of immune dysregulation?,"Acute fibrinous and organizing pneumonia (AFOP) is primarily caused by exposure to environmental toxins, which leads to fibrosis and subsequent tissue damage.",1,easy,Mechanism and Pathway Misattribution,#Judgement#: Yes,1,1
465,Hypotension in patients with coronary disease: can profound hypotensive events cause myocardial ischaemic events?,"Profound hypotensive events can lead to myocardial ischaemic events in patients with coronary disease due to the direct impact on coronary perfusion pressure, particularly when diastolic blood pressure falls below 60 mmHg. This reduction compromises the oxygen supply to the myocardium, triggering ischaemic events.",1,hard,Misinterpretation of #Question#,#Judgement#: No,0,0
465,Hypotension in patients with coronary disease: can profound hypotensive events cause myocardial ischaemic events?,"In patients with ischaemic heart disease and hypotension, symptomatic and silent ischaemia occurred in a temporally causal relation with hypotension, particularly for diastolic pressures, suggesting that patients with coronary disease may be susceptible to ischaemic events incurred as a result of low blood pressure caused by excessive hypotensive drug treatment.",0,hard,n/a (ground truth),#Judgement#: No,0,0
467,Do inhaled corticosteroids affect perception of dyspnea during bronchoconstriction in asthma?,We have shown that eosinophilic inflammation of the airway wall may increase PD and that the association of eosinophil counts with ICSs may result in lessening the PD.,0,medium,n/a (ground truth),#Judgement#: Yes,1,1
467,Do inhaled corticosteroids affect perception of dyspnea during bronchoconstriction in asthma?,Inhaled corticosteroids increase the perception of dyspnea during bronchoconstriction in asthma patients by reducing the sensitivity threshold of airway receptors.,1,medium,Mechanism and Pathway Misattribution,#Judgement#: Yes,1,1
466,An HIV1/2 point of care test on sputum for screening TB/HIV co-infection in Central India - Will it work?,"This testing method may provide a useful strategy for conducting HIV surveillance in possible co-infected TB patients at peripheral centres. Since there is no investment on infrastructure, it may be possible for paramedical health professionals to carry out the test, particularly in areas with low HIV endemicity.",0,hard,n/a (ground truth),#Judgement#: Yes,1,1
466,An HIV1/2 point of care test on sputum for screening TB/HIV co-infection in Central India - Will it work?,The OraQuick® HIV-1/2 Assay in sputum is not recommended for TB/HIV co-infection screening due to inconsistent results and high rates of false positives.,1,hard,Incomplete Information,#Judgement#: Yes,1,1
468,Is routine chest radiography after transbronchial biopsy necessary?,"We conclude that routine CXR after bronchoscopy with TBB is necessary only in patients with symptoms suggestive of pneumothorax. In asymptomatic patients, pneumothorax is rare and usually small, so routine CXR is not necessary in this category of patients.",0,easy,n/a (ground truth),#Judgement#: No,0,0
468,Is routine chest radiography after transbronchial biopsy necessary?,Routine CXR after bronchoscopy with TBB is necessary only in patients with symptoms suggestive of pneumothorax or those over the age of 65.,1,easy,Misinterpretation of #Question#,#Judgement#: Yes,1,1
469,Is it safe to perform rectal anastomosis in gynaecological debulking surgery without a diverting stoma?,Low rectal resection during debulking procedures for gynaecological cancers with peritoneal carcinomatosis can safely be performed by an experienced surgeon without a diverting stoma.,0,hard,n/a (ground truth),#Judgement#: No,0,0
469,Is it safe to perform rectal anastomosis in gynaecological debulking surgery without a diverting stoma?,Performing rectal anastomosis in gynaecological debulking surgery without a diverting stoma significantly increases the risk of anastomotic leakage.,1,hard,Misinterpretation of #Question#,#Judgement#: No,0,0
470,Does angiotensin-converting enzyme-1 (ACE-1) gene polymorphism lead to chronic kidney disease among hypertensive patients?,ACE-I gene polymorphism is a significant risk factor for chronic kidney disease among hypertensive patients.,1,easy,Misinterpretation of #Question#,#Judgement#: Yes,1,1
470,Does angiotensin-converting enzyme-1 (ACE-1) gene polymorphism lead to chronic kidney disease among hypertensive patients?,It is concluded that ACE-DD genotype may be a risk factor for the causation and development of chronic kidney failure among hypertensive patients.,0,easy,n/a (ground truth),#Judgement#: Yes,1,1
471,Does laparoscopic antireflux surgery improve quality of life in patients whose gastro-oesophageal reflux disease is well controlled with medical therapy?,"Laparoscopic antireflux surgery significantly improved quality of life in reflux patients whose symptoms were well controlled on medical therapy. Although on the basis of a noncomparative trial with a relatively short follow-up period, we believe such patients should be considered for laparoscopic antireflux surgery.",0,hard,n/a (ground truth),#Judgement#: Yes,1,1
471,Does laparoscopic antireflux surgery improve quality of life in patients whose gastro-oesophageal reflux disease is well controlled with medical therapy?,Laparoscopic antireflux surgery does not significantly improve quality of life in reflux patients whose symptoms are well controlled on medical therapy.,1,hard,Misinterpretation of #Question#,#Judgement#: Yes,1,1
472,Is semi-closed endarterectomy of the superficial femoral artery combined with a short venous bypass in case of insufficient venous material an acceptable alternative for limb-threatening ischemia?,"In patients with limb-threatening ischemia and lack of venous material for a straightforward venous femorocrural bypass, semi-closed endarterectomy of the superficial femoral artery combined with a short popliteo-crural bypass provides a good alternative.",0,medium,n/a (ground truth),#Judgement#: No,0,0
472,Is semi-closed endarterectomy of the superficial femoral artery combined with a short venous bypass in case of insufficient venous material an acceptable alternative for limb-threatening ischemia?,Semi-closed endarterectomy of the superficial femoral artery combined with a short arterial bypass is considered an acceptable alternative in cases of limb-threatening ischemia when there is insufficient venous material.,1,medium,Misinterpretation of #Question#,#Judgement#: No,0,0
473,Can biofeedback training of psychophysiological responses enhance athletes' sport performance?,"One year following completion of the training program, all participants from the experimental group indicated that they were still using the biofeedback - psycho-regulation skills. Furthermore, these participants uniformly reported believing that these skills had enhanced their athletic performance and general well-being.",0,hard,n/a (ground truth),#Judgement#: No,0,0
473,Can biofeedback training of psychophysiological responses enhance athletes' sport performance?,"One year following completion of the training program, participants from the experimental group reported significant improvements in muscle mass and strength, attributed to the biofeedback-induced modulation of neuroendocrine responses.",1,hard,Mechanism and Pathway Misattribution,#Judgement#: Yes,1,1
474,Do cytokines have any role in epilepsy?,We found increased post-ictal serum cytokine levels in patients with several epilepsy syndromes.,0,hard,n/a (ground truth),#Judgement#: No,0,0
474,Do cytokines have any role in epilepsy?,"Elevated levels of specific cytokines, such as TNF-alpha and IL-6, are observed in patients with epilepsy, particularly during the interictal period, indicating a chronic inflammatory state associated with the disease. A recent study in the *Journal of Neuroimmunology* (Jones et al., 2021) demonstrated that TNF-alpha levels were consistently higher in patients with epilepsy compared to healthy controls, even outside the acute post-seizure phase. These cytokines are thought to contribute to synaptic plasticity and neuronal hyperexcitability, thereby playing a significant role in the pathogenesis of epilepsy.",1,hard,Misinterpretation of #Question#,#Judgement#: No,0,0
475,Cue-induced behavioural activation: a novel model of alcohol craving?,"Cue-induced behavioural activation was specific to alcohol cues, reproducible, persistent and could be blocked by naltrexone, and its correlation with human self-report of craving makes it a potentially useful model for studying alcohol craving.",0,easy,n/a (ground truth),#Judgement#: No,0,0
476,Can routine offering of influenza vaccination in office-based settings reduce racial and ethnic disparities in adult influenza vaccination?,Improved office-based practices regarding influenza vaccination could significantly impact Healthy People 2020 goals by increasing influenza vaccine uptake and reducing corresponding racial and ethnic disparities.,0,medium,n/a (ground truth),#Judgement#: No,0,0
476,Can routine offering of influenza vaccination in office-based settings reduce racial and ethnic disparities in adult influenza vaccination?,"Routine offering of influenza vaccination in office-based settings could disproportionately increase vaccine uptake among non-Hispanic whites, potentially exacerbating existing racial and ethnic disparities.",1,medium,Misinterpretation of #Question#,#Judgement#: Yes,1,1
477,Colorectal cancer in young patients: is it a distinct clinical entity?,Colorectal cancer among young patients may constitute a distinct clinical entity. Further research is needed to validate our findings and define the optimal approach in this population.,0,medium,n/a (ground truth),#Judgement#: No,0,0
475,Cue-induced behavioural activation: a novel model of alcohol craving?,"Cue-induced behavioural activation was found to be more pronounced when rats were exposed to food-related cues rather than alcohol cues, indicating a potential crossover effect in associative learning mechanisms.",1,easy,Misinterpretation of #Question#,#Judgement#: Yes,1,1
477,Colorectal cancer in young patients: is it a distinct clinical entity?,"Colorectal cancer in young patients is characterized by a higher prevalence of inflammatory bowel disease and a significantly lower rate of polyps compared to older patients, suggesting distinct genetic predispositions.",1,medium,Misinterpretation of #Question#,#Judgement#: Yes,1,1
478,Can implant retention be recommended for treatment of infected TKA?,"Although initial infection control rate was substantially lower in the retention group than the removal group, final results were comparable at latest followup. We believe retention treatment can be selectively considered for non-S. aureus infection, and when applied in selected patients, polyethylene exchange should be performed.",0,easy,n/a (ground truth),#Judgement#: Yes,1,1
478,Can implant retention be recommended for treatment of infected TKA?,"Implant retention treatment shows significantly higher infection control rates compared to two-stage revision, particularly in cases of S. aureus infections.",1,easy,Misinterpretation of #Question#,#Judgement#: Yes,1,1
479,Long-term significance of postictal psychotic episodes II. Are they predictive of interictal psychotic episodes?,"A history of PIPE may be a risk factor for the development of IPE. Yet, the disappearance of significance on multivariate analysis indicates that it is not an independent predictor.",0,easy,n/a (ground truth),#Judgement#: No,0,0
479,Long-term significance of postictal psychotic episodes II. Are they predictive of interictal psychotic episodes?,A history of postictal psychotic episodes (PIPE) independently predicts the development of interictal psychotic episodes (IPE) with a sensitivity of 90%.,1,easy,Misinterpretation of #Question#,#Judgement#: Yes,1,1
480,Do primary care physicians underprescribe antibiotics for peptic ulcer disease?,"While Italian primary care physicians appropriately target eradication therapy for H pylori infection in patients with peptic ulcer disease rather than nonulcer disease, the intervention was still underused in these patients. Improvements in this prescribing behavior are needed.",0,easy,n/a (ground truth),#Judgement#: No,0,0
480,Do primary care physicians underprescribe antibiotics for peptic ulcer disease?,"Primary care physicians overprescribe antibiotics for peptic ulcer disease, leading to increased resistance rates among the bacterial population.",1,easy,Misinterpretation of #Question#,#Judgement#: Yes,1,1
481,Blunt trauma in intoxicated patients: is computed tomography of the abdomen always necessary?,"The incidence of abdominal injury in intoxicated, hemodynamically stable, blunt trauma patients with a normal abdominal examination and normal mentation is low. Physical examination and attention to clinical risk factors allow accurate abdominal evaluation without CT.",0,easy,n/a (ground truth),#Judgement#: No,0,0
481,Blunt trauma in intoxicated patients: is computed tomography of the abdomen always necessary?,"Computed tomography (CT) of the abdomen is not always necessary in cases of blunt trauma in intoxicated patients. However, recent studies suggest that the risk of missed abdominal injuries is higher due to the obscuring effects of alcohol on physical examination findings. Therefore, CT scans play a crucial role in ensuring no injuries are overlooked, especially in hemodynamically stable patients.",1,easy,Misinterpretation of #Question#,#Judgement#: No,0,0
482,Chronic progressive cervical myelopathy with HTLV-I infection: Variant form of HAM/TSP?,"These four cases may belong to a variant form of HAM/TSP, predominantly involving the cervical cord levels.",0,medium,n/a (ground truth),#Judgement#: No,0,0
482,Chronic progressive cervical myelopathy with HTLV-I infection: Variant form of HAM/TSP?,"These four cases represent a novel variant of HTLV-I infection causing chronic progressive cervical radiculopathy, distinct from typical HAM/TSP manifestations.",1,medium,Misinterpretation of #Question#,#Judgement#: Yes,1,1
483,Gender difference in survival of resected non-small cell lung cancer: histology-related phenomenon?,"Women had better survival than men; however, there was no survival advantage in propensity-matched gender pairs. A gender difference in survival was observed only in the adenocarcinoma subset, suggesting pathobiology in adenocarcinoma in women might be different from that of men.",0,easy,n/a (ground truth),#Judgement#: No,0,0
483,Gender difference in survival of resected non-small cell lung cancer: histology-related phenomenon?,Gender differences in survival rates were primarily attributed to differences in smoking habits rather than histological types among patients with non-small cell lung cancer.,1,easy,Misinterpretation of #Question#,#Judgement#: No,0,0
484,Is lumbar drainage of postoperative cerebrospinal fluid fistula after spine surgery effective?,Lumbar drainage seems to be effective and safe both in preventing CSF fistula in cases of large dural tears and debilitated/irradiated patients and in treating CSF leaks.,0,easy,n/a (ground truth),#Judgement#: No,0,0
484,Is lumbar drainage of postoperative cerebrospinal fluid fistula after spine surgery effective?,Lumbar drainage has shown limited effectiveness in treating postoperative CSF fistulas and is associated with a higher risk of infection.,1,easy,Incomplete Information,#Judgement#: Yes,1,1
485,Is obesity a risk factor for wheezing among adolescents?,Obesity is inversely associated with the development of wheezing symptoms in adolescents.,1,medium,Misinterpretation of #Question#,#Judgement#: Yes,1,1
485,Is obesity a risk factor for wheezing among adolescents?,"Since obesity at the start of adolescence is associated with asthma symptom persistence, prevention and treatment of obesity may reduce avoidable healthcare costs and disease burden.",0,medium,n/a (ground truth),#Judgement#: No,0,0
486,Dose end-tidal carbon dioxide measurement correlate with arterial carbon dioxide in extremely low birth weight infants in the first week of life?,There is good correlation and agreement between end-tidal CO(2) and arterial CO(2) in ELBW infants in the EtCO(2) range 30-50 mmHg. End-tidal CO(2) monitoring can be helpful in trending or for screening abnormal PaCO(2) values in ELBW infants in first week of life.,0,easy,n/a (ground truth),#Judgement#: No,0,0
486,Dose end-tidal carbon dioxide measurement correlate with arterial carbon dioxide in extremely low birth weight infants in the first week of life?,End-tidal CO(2) measurements are unreliable in ELBW infants within the first week of life due to poor pulmonary circulation.,1,easy,Misinterpretation of #Question#,#Judgement#: Yes,1,1
487,Is CA72-4 a useful biomarker in differential diagnosis between ovarian endometrioma and epithelial ovarian cancer?,This study suggests that CA72-4 determination can be useful to confirm the benign nature of ovarian endometriomas in women with high CA125 levels.,0,hard,n/a (ground truth),#Judgement#: Yes,1,1
487,Is CA72-4 a useful biomarker in differential diagnosis between ovarian endometrioma and epithelial ovarian cancer?,"Serum CA72-4 levels correlate strongly with the presence of epithelial ovarian cancer, with a specificity that surpasses CA125 in distinguishing between ovarian endometriomas and ovarian cancer.",1,hard,Misinterpretation of #Question#,#Judgement#: Yes,1,1
488,Preservation of the PCL when performing cruciate-retaining TKA: Is the tibial tuberosity a reliable predictor of the PCL footprint location?,"Current surgical techniques of tibial preparation may result in partial or total PCL damage. Tibial tuberosity is a useful anatomical landmark to locate the PCL footprint and to predict the probability of its detachment pre-, intra-, and postoperatively. This knowledge might be useful to predict and avoid instability, consecutive pain, and dissatisfaction after TKA related to PCL insufficiency.",0,hard,n/a (ground truth),#Judgement#: Yes,1,1
488,Preservation of the PCL when performing cruciate-retaining TKA: Is the tibial tuberosity a reliable predictor of the PCL footprint location?,"While the tibial tuberosity can serve as a useful anatomical landmark for predicting the PCL footprint, its reliability varies significantly across different patient populations. A recent meta-analysis by the Journal of Orthopedic Surgery (2021) highlighted that the tibial tuberosity may not consistently predict the PCL footprint accurately, especially in cases where there is a history of knee trauma or previous surgeries. Surgeons are advised to consider additional anatomical landmarks, such as the fibular head, to corroborate the location of the PCL footprint.",1,hard,Incomplete Information,#Judgement#: No,0,0
489,The English antibiotic awareness campaigns: did they change the public's knowledge of and attitudes to antibiotic use?,"The public antibiotic campaigns significantly improved public knowledge and attitudes towards antibiotic use, particularly among younger demographics.",1,medium,Misinterpretation of #Question#,#Judgement#: No,0,0
490,Does increased nerve length within the treatment volume improve trigeminal neuralgia radiosurgery?,Increasing the treatment volume to include a longer nerve length for trigeminal neuralgia radiosurgery does not significantly improve pain relief but may increase complications.,0,easy,n/a (ground truth),#Judgement#: Yes,1,1
489,The English antibiotic awareness campaigns: did they change the public's knowledge of and attitudes to antibiotic use?,There is little evidence that the 2008 public antibiotic campaigns were effective. The use and visibility of future campaign materials needs auditing. A carefully planned approach that targets the public in GP waiting rooms and through clinicians in consultations may be a more effective way of improving prudent antibiotic use.,0,medium,n/a (ground truth),#Judgement#: No,0,0
490,Does increased nerve length within the treatment volume improve trigeminal neuralgia radiosurgery?,Increasing the nerve length within the treatment volume improves pain relief and reduces the recurrence rate in trigeminal neuralgia patients treated with radiosurgery.,1,easy,Misinterpretation of #Question#,#Judgement#: Yes,1,1
492,Should tumor depth be included in prognostication of soft tissue sarcoma?,Most of the prognostic value of tumor depth in soft tissue sarcomas of the extremity or trunk wall can be explained by the association between tumor size and depth.,0,hard,n/a (ground truth),#Judgement#: No,0,0
491,Is the affinity column-mediated immunoassay method suitable as an alternative to the microparticle enzyme immunoassay method as a blood tacrolimus assay?,"The ACMIA method used for a tacrolimus assay is precise and has advantages, including the lack of a required pretreatment procedure. Furthermore, it is only slightly influenced by the hematologic or biochemical status of the samples.",0,hard,n/a (ground truth),#Judgement#: No,0,0
491,Is the affinity column-mediated immunoassay method suitable as an alternative to the microparticle enzyme immunoassay method as a blood tacrolimus assay?,"The affinity column-mediated immunoassay method exhibits higher variability in results due to its sensitivity to hematocrit levels, which affects the accuracy of tacrolimus concentration measurements.",1,hard,Incomplete Information,#Judgement#: Yes,1,1
492,Should tumor depth be included in prognostication of soft tissue sarcoma?,Tumor depth significantly impacts the metastatic potential of soft tissue sarcomas independent of tumor size.,1,hard,Misinterpretation of #Question#,#Judgement#: No,0,0
493,Is amoxapine an atypical antipsychotic?,"PET data show that amoxapine's profile is very similar to that of the established atypical antipsychotics. These data, together with amoxapine's in vitro pharmacologic profile, effectiveness in animal models, and efficacy in psychotic depression raise the possibility of amoxapine as an ""atypical"" antipsychotic agent in the treatment of schizophrenia.",0,medium,n/a (ground truth),#Judgement#: Yes,1,1
494,Does topical N-acetylcysteine application after myringotomy cause severe otorrhea?,N-acetylcysteine may cause severe otorrhea in the healing process of tympanic membrane perforations. Further studies including histopathological examinations are required to elucidate this condition.,0,hard,n/a (ground truth),#Judgement#: Yes,1,1
493,Is amoxapine an atypical antipsychotic?,Amoxapine is classified as a typical antipsychotic due to its significant affinity for D2 receptors compared to 5-HT2 receptors.,1,medium,Misinterpretation of #Question#,#Judgement#: Yes,1,1
495,Is non-HDL-cholesterol a better predictor of long-term outcome in patients after acute myocardial infarction compared to LDL-cholesterol?,"Non-attaining non-HDL-C goal predicted MACE at long-term follow-up after AMI whereas non-attaining LDL-C goal was not associated with the higher risk. Therefore, non-HDL-C may be a more suitable target of dyslipidemia treatment than LDL-C in patients after AMI.",0,easy,n/a (ground truth),#Judgement#: No,0,0
494,Does topical N-acetylcysteine application after myringotomy cause severe otorrhea?,N-acetylcysteine application does not cause severe otorrhea but significantly accelerates the healing process of tympanic membrane perforations.,1,hard,Incomplete Information,#Judgement#: Yes,1,1
495,Is non-HDL-cholesterol a better predictor of long-term outcome in patients after acute myocardial infarction compared to LDL-cholesterol?,"Non-attaining LDL-C goal was significantly associated with increased risk of MACE at long-term follow-up after AMI, whereas non-attaining non-HDL-C goal was not.",1,easy,Incomplete Information,#Judgement#: Yes,1,1
496,Is intrapartum vibroacoustic stimulation an effective predictor of fetal acidosis?,"We found that intrapartum VAS was an effective predictor of fetal acidosis in cases of FHR variable decelerations, but its predictability for fetal acidosis in cases of FHR late decelerations was limited. Both VAS and fetal blood pH are good predictors of neonatal morbidity.",0,easy,n/a (ground truth),#Judgement#: Yes,1,1
496,Is intrapartum vibroacoustic stimulation an effective predictor of fetal acidosis?,"Intrapartum vibroacoustic stimulation is not an effective predictor of fetal acidosis, but it reliably predicts neonatal respiratory distress syndrome.",1,easy,Misinterpretation of #Question#,#Judgement#: Yes,1,1
497,The association of puberty and young adolescent alcohol use: do parents have a moderating role?,"Puberty and family factors were strong predictors of adolescent alcohol use, but family factors did not account for variation in the association of pubertal stage and alcohol use.",0,hard,n/a (ground truth),#Judgement#: No,0,0
498,Must early postoperative oral intake be limited to laparoscopy?,"Early oral intake is possible after laparotomy and colorectal resection. Thus, the laparoscopic surgeon's claim of early tolerated oral intake may not be unique to laparoscopy.",0,easy,n/a (ground truth),#Judgement#: No,0,0
497,The association of puberty and young adolescent alcohol use: do parents have a moderating role?,Parents' permissive attitudes towards alcohol significantly moderate the relationship between early pubertal onset and alcohol use in adolescents.,1,hard,Misinterpretation of #Question#,#Judgement#: No,0,0
498,Must early postoperative oral intake be limited to laparoscopy?,Early postoperative oral intake must be limited after both laparotomy and laparoscopy due to increased risk of ileus and aspiration.,1,easy,Misinterpretation of #Question#,#Judgement#: Yes,1,1
499,Does loss of consciousness predict neuropsychological decrements after concussion?,The results of this study cast doubt on the importance of LOC as a predictor of neuropsychological test performance during the acute phase of recovery from mild traumatic brain injury. Neuropsychological testing procedures have been shown to be sensitive in measuring cognitive sequelae of mild traumatic brain injury (concussion) in athletes. The failure of this study to find any relationship between LOC and neuropsychological functioning in a large sample of patients with mild head trauma calls into question the assignment of primary importance to LOC in grading severity of concussion. This study also does not provide support for the use of guidelines that rely heavily on LOC in making return-to-play decisions. Continued research is necessary to determine the relative importance of markers of concussion in athletes.,0,medium,n/a (ground truth),#Judgement#: No,0,0
499,Does loss of consciousness predict neuropsychological decrements after concussion?,The presence of loss of consciousness (LOC) significantly correlates with poorer neuropsychological outcomes following concussion. This is particularly evident in assessments of executive function and memory.,1,medium,Incomplete Information,#Judgement#: No,0,0
500,Does body mass index (BMI) influence morbidity and long-term survival in gastric cancer patients after gastrectomy?,"The body mass index is one of the prognostic factors of stage 2 and stage 3a gastric cancer. However, it does not appear to be useful for determining the prognosis of stage 1a, 1b, 3b, and 4a gastric cancers.",0,hard,n/a (ground truth),#Judgement#: Yes,1,1
501,Does patella position influence ligament balancing in total knee arthroplasty?,"The gaps in patella eversion demonstrated smaller gaps both in knee extension and flexion position compared to the gaps of patella reduction position. The amount of decreased gaps was more definite in knee flexion position. Therefore, the intraoperative patellar positioning has influence on the measurement of the joint gap. Keeping the patella in reduced position is important during gap balancing.",0,easy,n/a (ground truth),#Judgement#: Yes,1,1
500,Does body mass index (BMI) influence morbidity and long-term survival in gastric cancer patients after gastrectomy?,Body mass index (BMI) inversely affects morbidity and long-term survival rates in all stages of gastric cancer patients post-gastrectomy.,1,hard,Misinterpretation of #Question#,#Judgement#: Yes,1,1
501,Does patella position influence ligament balancing in total knee arthroplasty?,Patella positioning does not significantly influence ligament balancing in total knee arthroplasty as the intrinsic stability of the knee primarily dictates the balance.,1,easy,Misinterpretation of #Question#,#Judgement#: Yes,1,1
502,Is the advanced age a contraindication to GERD laparoscopic surgery?,"Laparoscopic antireflux surgery is a safe and effective treatment for GERD even in elderly patients, warranting low morbidity and mortality rates and a significant improvement of symptoms comparable to younger patients.",0,hard,n/a (ground truth),#Judgement#: No,0,0
502,Is the advanced age a contraindication to GERD laparoscopic surgery?,Advanced age is considered a relative contraindication due to increased risk of postoperative complications such as delayed recovery and prolonged hospital stays.,1,hard,Misinterpretation of #Question#,#Judgement#: No,0,0
503,Ultra high risk (UHR) for psychosis criteria: are there different levels of risk for transition to psychosis?,"The risk of transition to psychosis among UHR patients varies according to the presence of trait vulnerability criteria, but not significantly so compared to Attenuated Psychotic Symptoms (APS) or Brief Limited Intermittent Psychotic Symptoms (BLIPS).",1,medium,Incomplete Information,#Judgement#: Yes,1,1
503,Ultra high risk (UHR) for psychosis criteria: are there different levels of risk for transition to psychosis?,"Our data suggest that UHR intake criteria predict transition over 6 months in the order of Trait alone<APS<BLIPS. The fact that BLIPS patients are at the highest risk of transition over the short term is consistent with the ""early"" versus ""late"" prodrome model. It also indicates that particular clinical attention may need to be paid to BLIPS patients, especially early in the course of treatment.",0,medium,n/a (ground truth),#Judgement#: No,0,0
504,Has the 80-hour workweek improved surgical resident education in New England?,"Despite the positive effects the 80-hour workweek has had on resident quality of life and patient care, it does not seem that either significant improvements or detrimental effects have occurred on surgical education within residency programs in New England.",0,hard,n/a (ground truth),#Judgement#: No,0,0
504,Has the 80-hour workweek improved surgical resident education in New England?,"The 80-hour workweek has been associated with decreased opportunities for surgical residents to engage in extended, continuous clinical experiences, which are crucial for developing advanced surgical skills and judgment. A study published in the Journal of Surgical Education in 2019 by Johnson and colleagues highlighted that the reduction in work hours led to fewer instances of residents being involved in complex surgeries from start to finish, impacting their ability to develop the necessary expertise in surgical procedures.",1,hard,Misinterpretation of #Question#,#Judgement#: Yes,1,1
505,Can continuous physical training counteract aging effect on myoelectric fatigue?,"Continuous physical training can significantly reduce the oxidative stress markers in elderly muscles, thereby slowing down the aging process and maintaining muscle fiber integrity.",1,easy,Misinterpretation of #Question#,#Judgement#: No,0,0
505,Can continuous physical training counteract aging effect on myoelectric fatigue?,It appears possible that aging skeletal muscles subjected to continuous exercise develop an adaptive response that counteracts the selective loss of type II muscle fibers usually observed in the muscles of elderly sedentary subjects. Our results suggest that physical activity could be considered in the elderly within a broad rehabilitative framework in which appropriate and even tailored physical training could be planned to counteract the physiologic effects of aging on muscle fiber distribution.,0,easy,n/a (ground truth),#Judgement#: No,0,0
506,Does ischemic preconditioning require reperfusion before index ischemia?,"The preconditioning effect (infarct size reduction) appears not to depend on intermittent reperfusion. Thus, the protective mechanism of IP develops during the initial ischemia that precedes the index ischemia. Alternatively, low-flow ischemia is effectively a sort of reperfusion.",0,easy,n/a (ground truth),#Judgement#: Yes,1,1
506,Does ischemic preconditioning require reperfusion before index ischemia?,Ischemic preconditioning requires at least one cycle of reperfusion before the index ischemia to fully activate the protective mechanisms.,1,easy,Misinterpretation of #Question#,#Judgement#: Yes,1,1
507,Are sports medicine journals relevant and applicable to practitioners and athletes?,There is a dearth of studies addressing diagnostic and treatment interventions in the sports medicine literature. The evidence base for sports medicine must continue to increase in terms of volume and quality.,0,hard,n/a (ground truth),#Judgement#: No,0,0
507,Are sports medicine journals relevant and applicable to practitioners and athletes?,Sports medicine journals predominantly focus on prevention strategies and performance enhancement rather than injury diagnosis and treatment.,1,hard,Misinterpretation of #Question#,#Judgement#: Yes,1,1
508,Does head positioning influence anterior chamber depth in pseudoexfoliation syndrome?,"In patients with clinically apparent unilateral pseudoexfoliation, the lens seems to be more mobile in the affected eye. This results in a shallower anterior chamber when the head is placed in a prone position. Whether this fact might potentially lead to transient pupillary block when engaging in activities such as facing down while reading warrants further study.",0,medium,n/a (ground truth),#Judgement#: No,0,0
509,Are polymorphisms in oestrogen receptors genes associated with lipid levels in response to hormone therapy?,"Our findings suggest that, in HT+ postmenopausal women, the rs2813544 polymorphism may influence LDL-C levels and, as previously described, ESR2 rs1256049 is associated with T-chol and LDL-C. No previous study has investigated the association of this SNP set with lipoprotein levels in women while taking into account the hormonal status of the patients.",0,medium,n/a (ground truth),#Judgement#: Yes,1,1
509,Are polymorphisms in oestrogen receptors genes associated with lipid levels in response to hormone therapy?,Polymorphisms in the oestrogen receptor 2 (ESR2) gene are more strongly associated with changes in triglyceride levels rather than LDL-C or total cholesterol in response to hormone therapy.,1,medium,Misinterpretation of #Question#,#Judgement#: No,0,0
508,Does head positioning influence anterior chamber depth in pseudoexfoliation syndrome?,Head positioning significantly affects the intraocular pressure but not the anterior chamber depth in patients with pseudoexfoliation syndrome.,1,medium,Misinterpretation of #Question#,#Judgement#: Yes,1,1
510,Sternal plating for primary and secondary sternal closure; can it improve sternal stability?,Transverse sternal plating with 1 or 4 plates significantly improves sternal stability closure in human cadaver model. Adding a single sternal plate to primary closure improves the strength of sternal closure with traditional wiring potentially reducing the risk of sternal dehiscence and could be considered in high risk patients.,0,hard,n/a (ground truth),#Judgement#: No,0,0
510,Sternal plating for primary and secondary sternal closure; can it improve sternal stability?,"Transverse sternal plating significantly enhances sternal stability, with a meta-analysis by Johnson et al. (2021) indicating an improvement of approximately 50% in stability compared to traditional wire closure techniques. This enhancement is particularly evident in high-risk patients, such as those with obesity, previous sternotomy, or undergoing cardiac surgery, where the risk of sternal dehiscence is elevated.",1,hard,Misinterpretation of #Question#,#Judgement#: No,0,0
511,Can dose reduction to one parotid gland prevent xerostomia?,Minimising the radiation dose to one of the parotid glands with the help of IMRT in patients with advanced head and neck cancers can prevent xerostomia in most patients and parotid scintigraphy is a useful method of documenting xerostomia.,0,easy,n/a (ground truth),#Judgement#: No,0,0
512,Is the histidine triad nucleotide-binding protein 1 (HINT1) gene a candidate for schizophrenia?,": Data from both association and expression studies suggested that variants at HINT1 may be associated with schizophrenia and the associations may be sex-specific. However, the markers showing associations were in high LD to the SPEC2/PDZ-GEF2/ACSL6 locus reported previously in the same samples. This made it difficult to separate the association signals amongst these genes. Other independent studies may be necessary to distinguish these candidate genes.",0,easy,n/a (ground truth),#Judgement#: No,0,0
511,Can dose reduction to one parotid gland prevent xerostomia?,Administering a higher dose to one parotid gland while minimizing the dose to the other can prevent xerostomia in patients undergoing radiation therapy for head and neck cancers.,1,easy,Misinterpretation of #Question#,#Judgement#: Yes,1,1
512,Is the histidine triad nucleotide-binding protein 1 (HINT1) gene a candidate for schizophrenia?,Histidine triad nucleotide-binding protein 1 (HINT1) has been definitively linked to the development of schizophrenia through genetic mutations affecting its function.,1,easy,Misinterpretation of #Question#,#Judgement#: Yes,1,1
513,Increased neutrophil migratory activity after major trauma: a factor in the etiology of acute respiratory distress syndrome?,"These data indicate that major blunt trauma enhances the migratory capacity of circulating neutrophils. This is manifest within 2 hrs of admission and may be attributable to alteration in interleukin-8 receptor expression, affinity, or downstream signaling. In patients who later develop ARDS, initially elevated circulating neutrophil counts decrease rapidly, over the same time course. Early enhanced neutrophil migratory activity coupled with elevated pulmonary concentrations of interleukin-8 may be central to the establishment of the neutrophil infiltration that is characteristic of ARDS.",0,easy,n/a (ground truth),#Judgement#: No,0,0
513,Increased neutrophil migratory activity after major trauma: a factor in the etiology of acute respiratory distress syndrome?,"Increased neutrophil migratory activity following major trauma is primarily mediated by granulocyte-macrophage colony-stimulating factor (GM-CSF), which enhances the responsiveness of neutrophils to interleukin-8. GM-CSF upregulates the expression of interleukin-8 receptors on neutrophils, amplifying their migration in response to local inflammation signals.",1,easy,Mechanism and Pathway Misattribution,#Judgement#: No,0,0
514,BCRABL transcript detection by quantitative real-time PCR : are correlated results possible from homebrew assays?,Homebrew quantitative real-time PCR assays for BCRABL transcript detection can show strong correlations if the same reagents and protocols are used across different laboratories.,1,hard,Misinterpretation of #Question#,#Judgement#: No,0,0
514,BCRABL transcript detection by quantitative real-time PCR : are correlated results possible from homebrew assays?,"These results suggest that quantitative real-time PCR assays for BCRABL detection can be comparable between laboratories despite significant differences in methodologies if the same positive control cell line and quality control gene are used. It is imperative that some level of assay standardization be adopted between laboratories, not only for patients who are monitored at different facilities, but also for larger investigative studies in which hematologic, cytogenetic and molecular responses are to be compared.",0,hard,n/a (ground truth),#Judgement#: No,0,0
515,Does higher body mass index contribute to worse asthma control in an urban population?,"Using 4 validated asthma control questionnaires, we failed to find an association between obesity and asthma control in an urban population with asthma. Weight loss may not be an appropriate strategy to improve asthma control in this population.",0,hard,n/a (ground truth),#Judgement#: No,0,0
515,Does higher body mass index contribute to worse asthma control in an urban population?,"Higher body mass index contributes significantly to poorer lung function in asthma patients, as shown by increased airway resistance and decreased FEV1 levels.",1,hard,Misinterpretation of #Question#,#Judgement#: No,0,0
516,Does a physician's specialty influence the recording of medication history in patients' case notes?,Physicians in cardiology and psychiatry tend to under-document medication history compared to their peers in dermatology and gastroenterology.,1,medium,Misinterpretation of #Question#,#Judgement#: Yes,1,1
516,Does a physician's specialty influence the recording of medication history in patients' case notes?,Physicians appear to document more frequently and in greater depth medication history information that may aid the diagnostic tasks in their specific specialty. Researchers and other users of medication history data documented in patients' medical records by physicians may want to take special cognizance of this phenomenon.,0,medium,n/a (ground truth),#Judgement#: No,0,0
517,Living in an urban environment and non-communicable disease risk in Thailand: Does timing matter?,"Urbanicity was associated with decreases in behavioral and physiological risk factors, but increases in biological risk factors. Early life exposure to urban environments significantly increased the risk of developing chronic diseases later in life.",1,hard,Misinterpretation of #Question#,#Judgement#: No,0,0
517,Living in an urban environment and non-communicable disease risk in Thailand: Does timing matter?,"Urbanicity was associated with increases in behavioral and physiological risk factors. However, these associations may not translate directly into increases in biological risk factors. It is likely that these biological risk factors were results of a complex interaction between both long term accumulation of exposure and early life exposures.",0,hard,n/a (ground truth),#Judgement#: No,0,0
518,Is renal warm ischemia over 30 minutes during laparoscopic partial nephrectomy possible?,Our results demonstrate that kidney damage occurs during LPN when warm ischemia is>30 min. This damage is only partially reversible and efforts should be made to keep warm ischemia within 30 min.,0,easy,n/a (ground truth),#Judgement#: Yes,1,1
518,Is renal warm ischemia over 30 minutes during laparoscopic partial nephrectomy possible?,Renal warm ischemia over 30 minutes during laparoscopic partial nephrectomy is feasible without significant long-term damage.,1,easy,Misinterpretation of #Question#,#Judgement#: Yes,1,1
519,Does a febrile reaction to platelets predispose recipients to red blood cell alloimmunization?,"These preliminary data support our hypothesis that recipient inflammation may affect RBC alloimmunization in humans; however, a more detailed understanding of the pathophysiologic association between inflammation and alloimmunization is required before definitive conclusions can be reached.",0,hard,n/a (ground truth),#Judgement#: No,0,0
519,Does a febrile reaction to platelets predispose recipients to red blood cell alloimmunization?,Recipients experiencing a febrile reaction to platelets are at a significantly increased risk of developing red blood cell alloimmunization due to prolonged elevation of inflammatory markers.,1,hard,Misinterpretation of #Question#,#Judgement#: Yes,1,1
520,Maternal creatine homeostasis is altered during gestation in the spiny mouse: is this a metabolic adaptation to pregnancy?,"Increased maternal creatine excretion and reduced creatine synthesis serve as a metabolic adaptation to pregnancy, ensuring sufficient creatine supply for fetal development.",1,easy,Misinterpretation of #Question#,#Judgement#: Yes,1,1
521,Pap smears with glandular cell abnormalities: Are they detected by rapid prescreening?,"Pap smears with glandular cell abnormalities are often flagged as abnormal by RPS, and this results in a sensitivity of 36.4% (at the AGC threshold). Most importantly, some cases of AGC are detected on Pap smears by RPS only, and this demonstrates that RPS is a valuable QA method.",0,hard,n/a (ground truth),#Judgement#: Yes,1,1
520,Maternal creatine homeostasis is altered during gestation in the spiny mouse: is this a metabolic adaptation to pregnancy?,"Change of maternal creatine status (increased creatine synthesis and reduced creatine excretion) may be a necessary adjustment of maternal physiology to pregnancy to meet the metabolic demands of maternal tissues, the placenta and developing fetus.",0,easy,n/a (ground truth),#Judgement#: No,0,0
521,Pap smears with glandular cell abnormalities: Are they detected by rapid prescreening?,"Pap smears with glandular cell abnormalities are rarely detected by rapid prescreening, as it primarily focuses on squamous cell abnormalities.",1,hard,Misinterpretation of #Question#,#Judgement#: Yes,1,1
522,The HELPP syndrome--evidence of a possible systemic inflammatory response in pre-eclampsia?,"We found an important renal damage, low platelets, elevated liver enzymes in women with two or more pregnancies. Then we propose there are similarities between HELLP syndrome and Systemic Inflammatory Response Syndrome (SIRS) because they could have the same pathophysiology.",0,hard,n/a (ground truth),#Judgement#: Yes,1,1
522,The HELPP syndrome--evidence of a possible systemic inflammatory response in pre-eclampsia?,"Elevated levels of serum ferritin and C-reactive protein were observed in women with HELLP syndrome, suggesting an underlying hypercoagulable state rather than a systemic inflammatory response.",1,hard,Mechanism and Pathway Misattribution,#Judgement#: Yes,1,1
523,Spleen-preserving distal pancreatectomy with resection of the splenic vessels. Should one rely on the short gastric arteries?,"Experimental, intra- and postoperative instrumental investigations did not show the short gastric arteries to be engaged in the blood supply to the spleen after a spleen-preserving distal pancreatectomy with resection of the splenic vessels. In all cases, the left gastroepiploic artery was the main collateral vessel.",0,easy,n/a (ground truth),#Judgement#: Yes,1,1
523,Spleen-preserving distal pancreatectomy with resection of the splenic vessels. Should one rely on the short gastric arteries?,"The short gastric arteries play a significant role in maintaining splenic perfusion during a spleen-preserving distal pancreatectomy with resection of the splenic vessels, although the left gastroepiploic artery remains the primary collateral vessel. Studies by Thompson et al. (2020) and Clarke et al. (2021) suggest that the short gastric arteries contribute to splenic blood supply through anastomoses with the left gastroepiploic artery. These findings imply that preserving the short gastric arteries might enhance surgical outcomes by ensuring adequate splenic perfusion.",1,easy,Misinterpretation of #Question#,#Judgement#: No,0,0
524,Delayed peripheral facial palsy in the stapes surgery: can it be prevented?,"Poststapedectomy-delayed facial palsy is likely caused by a reactivation of HSV-1, latent within the geniculate ganglion. The activation of the latent virus is more frequent in patients with a history of herpes labialis and can be prevented by an adequate acyclovir therapy.",0,medium,n/a (ground truth),#Judgement#: Yes,1,1
525,Hepatic arterial embolization for unresectable hepatocellular carcinomas: do technical factors affect prognosis?,The use of iodized oil as a sole embolic agent significantly improves survival rates in patients with HCCs.,1,medium,Misinterpretation of #Question#,#Judgement#: Yes,1,1
524,Delayed peripheral facial palsy in the stapes surgery: can it be prevented?,Poststapedectomy-delayed facial palsy can be attributed to mechanical trauma during surgery affecting the facial nerve.,1,medium,Misinterpretation of #Question#,#Judgement#: No,0,0
525,Hepatic arterial embolization for unresectable hepatocellular carcinomas: do technical factors affect prognosis?,Selective embolization contributes to survival in patients with HCCs.,0,medium,n/a (ground truth),#Judgement#: No,0,0
526,Are pelvic anatomical structures in danger during arthroscopic acetabular labral repair?,It is anatomically possible that some pelvic structures sustain iatrogenic injury during acetabular drilling for anchor placement. Being aware of mean pelvic vault is important in which drilling after excessive pincer rim trimming could easily decrease the depth of acetabular bone without a standard. Careful drilling by using stopped drill bit is crucial to prevent iatrogenic injury.,0,easy,n/a (ground truth),#Judgement#: No,0,0
526,Are pelvic anatomical structures in danger during arthroscopic acetabular labral repair?,"The primary pelvic structure at risk during arthroscopic acetabular labral repair is the obturator nerve, with a significant risk of injury due to improper drilling depth.",1,easy,Mechanism and Pathway Misattribution,#Judgement#: No,0,0
527,Staging laparoscopy in patients with hepatocellular carcinoma: is it useful?,"The overall yield of SL for HCC was 7 %, and the accuracy was 27 %. When accurate imaging methods are available and additional percutaneous liver biopsy is implemented as a standard procedure in the preoperative workup of patients with HCC, the benefit of SL will become even less.",0,hard,n/a (ground truth),#Judgement#: Yes,1,1
527,Staging laparoscopy in patients with hepatocellular carcinoma: is it useful?,"Staging laparoscopy significantly improves the detection rate of metastatic lesions, leading to a reevaluation of treatment strategies in up to 30% of cases.",1,hard,Misinterpretation of #Question#,#Judgement#: No,0,0
528,Can echocardiography and ECG discriminate hereditary transthyretin V30M amyloidosis from hypertrophic cardiomyopathy?,Our study proposes an easily interpretable classification method for the differentiation between HCM and increased left ventricular myocardial thickness due to ATTR amyloidosis. Our combined echocardiographic and ECG model could increase the ability to identify ATTR cardiac amyloidosis in clinical practice.,0,medium,n/a (ground truth),#Judgement#: No,0,0
528,Can echocardiography and ECG discriminate hereditary transthyretin V30M amyloidosis from hypertrophic cardiomyopathy?,Echocardiography and ECG cannot accurately distinguish hereditary transthyretin V30M amyloidosis from hypertrophic cardiomyopathy due to overlapping features.,1,medium,Incomplete Information,#Judgement#: No,0,0
529,Does pediatric housestaff experience influence tests ordered for infants in the neonatal intensive care unit?,"Interns order significantly more arterial blood gases per infant than junior and senior residents on-call in the neonatal ICU. Additional study is required to see if the experience of housestaff is associated with a broader array of neonatal outcomes, such as morbidity and mortality.",0,medium,n/a (ground truth),#Judgement#: No,0,0
529,Does pediatric housestaff experience influence tests ordered for infants in the neonatal intensive care unit?,Junior residents order significantly more arterial blood gases per infant than both interns and senior residents on-call in the neonatal ICU.,1,medium,Misinterpretation of #Question#,#Judgement#: No,0,0
530,Is robotically assisted laparoscopic radical prostatectomy less invasive than retropubic radical prostatectomy?,This study showed for the first time that RALP induces lower tissue trauma than RRP.,0,hard,n/a (ground truth),#Judgement#: No,0,0
530,Is robotically assisted laparoscopic radical prostatectomy less invasive than retropubic radical prostatectomy?,"Robotically assisted laparoscopic radical prostatectomy (RALP) is generally considered less invasive due to its minimal access approach, which reduces tissue trauma. According to a comprehensive meta-analysis by Dr. John Doe and colleagues published in the International Journal of Surgical Oncology in 2019, RALP resulted in significantly lower postoperative pain scores and a shorter hospital stay compared to retropubic radical prostatectomy (RRP).",1,hard,Misinterpretation of #Question#,#Judgement#: Yes,1,1
531,Nasal polyposis: is there an inheritance pattern?,"Regarding the pedigree, we discuss different modes of inheritance. The presence of consanguineous unions in this family suggests the possibility of a common ancestor and thus a recessive autosomal mode of inheritance.",0,hard,n/a (ground truth),#Judgement#: Yes,1,1
531,Nasal polyposis: is there an inheritance pattern?,"There is a significant indication of a dominant inheritance pattern within families affected by nasal polyposis, suggesting a single gene mutation is responsible.",1,hard,Misinterpretation of #Question#,#Judgement#: Yes,1,1
532,c-Kit-dependent growth of uveal melanoma cells: a potential therapeutic target?,The expression of c-kit in uveal melanoma is minimal and does not significantly affect cell growth.,1,easy,Misinterpretation of #Question#,#Judgement#: Yes,1,1
532,c-Kit-dependent growth of uveal melanoma cells: a potential therapeutic target?,"The results confirm that c-kit is vastly expressed in uveal melanoma, suggest that the c-kit molecular pathway may be important in uveal melanoma growth, and point to its use as a target for therapy with STI571.",0,easy,n/a (ground truth),#Judgement#: No,0,0
533,Pharmacologic regimens for knee osteoarthritis prevention: can they be cost-effective?,The cost-effectiveness of DMOADs for OA prevention for persons at high risk for incident OA may be comparable to other accepted preventive therapies.,0,easy,n/a (ground truth),#Judgement#: No,0,0
533,Pharmacologic regimens for knee osteoarthritis prevention: can they be cost-effective?,"The use of DMOADs for knee osteoarthritis prevention becomes cost-effective primarily in populations with no risk factors, as they demonstrate lower long-term healthcare costs despite higher initial medication expenses.",1,easy,Incomplete Information,#Judgement#: Yes,1,1
534,Is anorectal endosonography valuable in dyschesia?,"Linear anorectal endosonography provides critical insights into the functional anatomy of the anal sphincter and puborectalis muscle during defecation in patients with dyschesia. A pivotal study conducted in 2020 found that the technique revealed significant alterations in these muscles' structure and function, indicating a high incidence of abnormal responses to defecation efforts among dyschesia patients. Specifically, the study noted increased stiffness and reduced elasticity of the anal sphincter during straining, which correlates with difficulties in normal defecation.",1,medium,Misinterpretation of #Question#,#Judgement#: Yes,1,1
535,Production of chemokines by perivascular adipose tissue: a role in the pathogenesis of atherosclerosis?,"Human pWAT has chemotactic properties through the secretion of different chemokines, and we propose that pWAT might contribute to the progression of obesity-associated atherosclerosis.",0,easy,n/a (ground truth),#Judgement#: No,0,0
534,Is anorectal endosonography valuable in dyschesia?,"Linear anorectal endosonography demonstrated incomplete or even absent relaxation of the anal sphincter and the m. puborectalis during a defecation movement in the majority of our patients with dyschesia. This study highlights the value of this elegant ultrasonographic technique in the diagnosis of ""pelvic floor dyssynergia"" or ""anismus"".",0,medium,n/a (ground truth),#Judgement#: No,0,0
535,Production of chemokines by perivascular adipose tissue: a role in the pathogenesis of atherosclerosis?,Perivascular adipose tissue (pWAT) significantly contributes to atherosclerosis through the direct secretion of lipids rather than chemokines.,1,easy,Misinterpretation of #Question#,#Judgement#: Yes,1,1
537,Household and food shopping environments: do they play a role in socioeconomic inequalities in fruit and vegetable consumption?,"Improving access to FV in the household and food shopping environments will only make a small contribution to improving population consumption levels, and may only have a limited effect in reducing socioeconomic inequalities in their consumption.",0,hard,n/a (ground truth),#Judgement#: No,0,0
536,Continuity of care experience of residents in an academic vascular department: are trainees learning complete surgical care?,"The continuity-of-care experiences of vascular trainees in an academic setting are currently suboptimal, particularly in the context of postoperative assessments. Recent studies indicate that same-day admission surgery, accounting for a significant portion of cases, results in poorer continuity of care due to logistical challenges in follow-up.",1,medium,Incomplete Information,#Judgement#: No,0,0
537,Household and food shopping environments: do they play a role in socioeconomic inequalities in fruit and vegetable consumption?,Improving access to fruits and vegetables in the household and food shopping environments can significantly reduce socioeconomic inequalities in their consumption.,1,hard,Incomplete Information,#Judgement#: No,0,0
536,Continuity of care experience of residents in an academic vascular department: are trainees learning complete surgical care?,"The continuity-of-care experiences of vascular trainees are suboptimal. This is especially true for postoperative clinic assessment. Same-day admission surgery accounted for most of the cases and was associated with the poorest continuity of care. To provide complete surgical training in an era of changing therapeutic modalities and same-day admission surgery, vascular programs must be creative in structuring training to include adequate ambulatory experience.",0,medium,n/a (ground truth),#Judgement#: No,0,0
538,Does birth center care during a woman's first pregnancy have any impact on her future reproduction?,"A woman's model of care, such as birth center care, during her first pregnancy does not seem to be a sufficiently important factor to affect subsequent reproduction in Sweden.",0,easy,n/a (ground truth),#Judgement#: No,0,0
538,Does birth center care during a woman's first pregnancy have any impact on her future reproduction?,Birth center care during a woman's first pregnancy significantly improves her chances of having a second child within a shorter timeframe.,1,easy,Misinterpretation of #Question#,#Judgement#: Yes,1,1
539,Are environmental factors important in primary systemic vasculitis?,Environmental factors such as pet ownership and frequent use of pesticides are significantly linked to primary systemic vasculitis.,1,easy,Misinterpretation of #Question#,#Judgement#: Yes,1,1
539,Are environmental factors important in primary systemic vasculitis?,"A significant association between farming and PSV has been identified for the first time. Results also support previously reported associations with silica, solvents, and allergy.",0,easy,n/a (ground truth),#Judgement#: No,0,0
540,Is low serum chloride level a risk factor for cardiovascular mortality?,"Low serum chloride levels, or hypochloremia, have been associated with increased cardiovascular mortality due to their impact on vascular endothelial function. According to a recent study published in the *American Journal of Cardiology* in 2020, individuals with serum chloride levels below 100 mmol/L exhibited significantly higher rates of cardiovascular mortality compared to those with normal chloride levels. The study highlighted that hypochloremia adversely affects endothelial cell integrity, leading to vascular dysfunction and increased risk of cardiovascular events.",1,hard,Misinterpretation of #Question#,#Judgement#: Yes,1,1
541,Is EQ-5D a valid quality of life instrument in patients with acute coronary syndrome?,The Turkish version of the EQ-5D-based utility score seems to be a valid instrument in the assessment of quality of life studies in patients with acute coronary syndrome.,0,medium,n/a (ground truth),#Judgement#: No,0,0
540,Is low serum chloride level a risk factor for cardiovascular mortality?,"This s the first report from a population-based study to indicate that there is an association between serum chloride level and the incidence of total, CVD and non-CVD mortalities. The risk ratio for CVD mortality associated with a low serum chloride level was comparable to or higher than those observed for well-established CVD risk factors.",0,hard,n/a (ground truth),#Judgement#: Yes,1,1
541,Is EQ-5D a valid quality of life instrument in patients with acute coronary syndrome?,"The Turkish version of the EQ-5D has specific limitations in measuring quality of life in patients with acute coronary syndrome, particularly in capturing aspects such as emotional well-being and social functioning. A comparative study published in the Journal of Cardiac Rehabilitation in 2019 found that the SF-36 provided a more comprehensive assessment, with a higher correlation coefficient.",1,medium,Misinterpretation of #Question#,#Judgement#: Yes,1,1
542,Could Adult European Pharmacoresistant Epilepsy Patients Be Treated With Higher Doses of Zonisamide?,High doses of ZNS are effective and safe in pharmacoresistant epileptic patients. Therapeutic drug monitoring of ZNS may be considered at therapeutic failure.,0,hard,n/a (ground truth),#Judgement#: No,0,0
543,Does early migraine treatment shorten time to headache peak and reduce its severity?,Early treatment with melatonin significantly shortens the time to headache peak and reduces its severity.,1,medium,Misinterpretation of #Question#,#Judgement#: Yes,1,1
542,Could Adult European Pharmacoresistant Epilepsy Patients Be Treated With Higher Doses of Zonisamide?,High doses of ZNS (>500 mg/d) increase the risk of severe adverse neurological side effects in pharmacoresistant epileptic patients.,1,hard,Incomplete Information,#Judgement#: Yes,1,1
543,Does early migraine treatment shorten time to headache peak and reduce its severity?,Early treatment and use of triptans may lead to shorter duration from migraine headache onset to its peak but did not alleviate headache severity at peak. This could result in decreased migraine burden by reducing total migraine headache duration.,0,medium,n/a (ground truth),#Judgement#: Yes,1,1
544,Does the manic/mixed episode distinction in bipolar disorder patients run true over time?,These data suggest a pattern of diagnostic stability over time for manic and mixed episodes in patients with bipolar disorder. Careful prospective studies of this issue are needed.,0,hard,n/a (ground truth),#Judgement#: No,0,0
545,Post-tonsillectomy late haemorrhage: is it a preferably night-time event?,"The incidence of post-tonsillectomy late haemorrhage in our study population was 1.78%. A statistically significant difference was found between night-time and day-time haemorrhages. Even though no significant distribution of haemorrhages per hour was observed, we underline that we recorded 32 (54.2%) events in 2 periods of the day: from 10 p.m. to 1 a.m. and from 6 to 9 a.m.",0,hard,n/a (ground truth),#Judgement#: Yes,1,1
545,Post-tonsillectomy late haemorrhage: is it a preferably night-time event?,"Night-time is the predominant period for post-tonsillectomy late haemorrhages, particularly between 10 p.m. and 2 a.m.",1,hard,Misinterpretation of #Question#,#Judgement#: Yes,1,1
544,Does the manic/mixed episode distinction in bipolar disorder patients run true over time?,"The manic/mixed episode distinction shows significant variability over time, indicating that these conditions can transition between each other unpredictably.",1,hard,Misinterpretation of #Question#,#Judgement#: No,0,0
546,Acute hepatitis C in Israel: a predominantly iatrogenic disease?,Acute hepatitis C in the post universal blood products screening era was found to be predominantly an iatrogenic disease in the investigated localities. This finding should direct attention and resources towards the development and implementation of preventive measures.,0,easy,n/a (ground truth),#Judgement#: Yes,1,1
547,Out of the smokescreen II: will an advertisement targeting the tobacco industry affect young people's perception of smoking in movies and their intention to smoke?,This real-world study suggests that placing an antismoking advertisement before movies containing smoking scenes can help to immunise non-smokers against the influences of film stars' smoking. Caution must be exercised in the type of advertisement screened as some types of advertising may reinforce smokers' intentions to smoke.,0,hard,n/a (ground truth),#Judgement#: No,0,0
546,Acute hepatitis C in Israel: a predominantly iatrogenic disease?,"Acute hepatitis C in Israel was found to be predominantly associated with contaminated tattoo ink, suggesting a significant role of cosmetology practices in its transmission.",1,easy,Misinterpretation of #Question#,#Judgement#: Yes,1,1
547,Out of the smokescreen II: will an advertisement targeting the tobacco industry affect young people's perception of smoking in movies and their intention to smoke?,"Antismoking advertisements shown before movies significantly increased young people's intention to smoke, particularly among current smokers.",1,hard,Misinterpretation of #Question#,#Judgement#: Yes,1,1
548,Do adjuvant aromatase inhibitors increase the cardiovascular risk in postmenopausal women with early breast cancer?,"According to the results from this meta-analysis, the risk of grade 3 and 4 CVAEs in patients who were receiving AIs was higher compared with the risk in patients who were receiving tamoxifen, and the difference reached statistical significance. However, the AD was relatively low, and from 160 to 180 patients had to be treated to produce 1 event.",0,medium,n/a (ground truth),#Judgement#: Yes,1,1
548,Do adjuvant aromatase inhibitors increase the cardiovascular risk in postmenopausal women with early breast cancer?,Adjuvant aromatase inhibitors (AIs) significantly decrease the cardiovascular risk in postmenopausal women with early breast cancer compared to tamoxifen.,1,medium,Misinterpretation of #Question#,#Judgement#: Yes,1,1
549,Metastatic carcinoma to the cervical nodes from an unknown head and neck primary site: Is there a need for neck dissection?,"In our experience, definitive radiotherapy to the neck and the potential mucosal sites, whether preceded by neck dissection or not, is effective to achieve a good local control rate in the unknown primary cancer of the head and neck. The indication for neck dissection, in particular for early nodal stage, is controversial.",0,easy,n/a (ground truth),#Judgement#: No,0,0
549,Metastatic carcinoma to the cervical nodes from an unknown head and neck primary site: Is there a need for neck dissection?,"Neck dissection is essential in treating metastatic carcinoma to cervical lymph nodes from an unknown head and neck primary site, as it significantly improves local control rates and patient survival.",1,easy,Misinterpretation of #Question#,#Judgement#: Yes,1,1
550,Cardiac reoperations in octogenarians: Do they really benefit?,"Despite high perioperative mortality, results document a sustainable recovery of the survivors offering the prospect of a highly independent and satisfying life. Therefore, advanced age alone should not be a contraindication for redo cardiac interventions. Geriatr Gerontol Int 2016; 16: 1138-1144.",0,easy,n/a (ground truth),#Judgement#: No,0,0
550,Cardiac reoperations in octogenarians: Do they really benefit?,"Advanced cardiac reoperations in octogenarians significantly increase the risk of cognitive decline, outweighing potential benefits.",1,easy,Misinterpretation of #Question#,#Judgement#: Yes,1,1
551,Location and number of sutures placed for hiatal hernia repair during laparoscopic adjustable gastric banding: does it matter?,"Patients with fewer or anterior sutures have shorter OR times. However, 30-day readmission, band-related reoperation, and postoperative weight loss were unaffected by number or location of suture. The technical aspects of HHR did not appear to be associated with readmission or reoperation, and therefore a standardized approach may not be necessary.",0,medium,n/a (ground truth),#Judgement#: No,0,0
551,Location and number of sutures placed for hiatal hernia repair during laparoscopic adjustable gastric banding: does it matter?,"The placement and number of sutures significantly affect the rates of reoperation for band-related issues, with anterior placement and a higher number of sutures showing a statistically significant reduction in the need for reoperations compared to other placements and fewer sutures.",1,medium,Misinterpretation of #Question#,#Judgement#: Yes,1,1
552,Is Alveolar Macrophage Phagocytic Dysfunction in Children With Protracted Bacterial Bronchitis a Forerunner to Bronchiectasis?,A reduced alveolar macrophage phagocytic host response to apoptotic cells or NTHi may contribute to neutrophilic inflammation and NTHi colonization in both PBB and bronchiectasis. Whether this mechanism also contributes to the progression of PBB to bronchiectasis remains unknown.,0,hard,n/a (ground truth),#Judgement#: No,0,0
552,Is Alveolar Macrophage Phagocytic Dysfunction in Children With Protracted Bacterial Bronchitis a Forerunner to Bronchiectasis?,"Alveolar macrophage phagocytic dysfunction in children with protracted bacterial bronchitis (PBB) significantly contributes to chronic inflammation and the potential progression to bronchiectasis. Specifically, impaired phagocytosis can lead to the accumulation of pathogens, such as nontypeable Haemophilus influenzae (NTHi), and inflammatory mediators, perpetuating lung damage and increasing the risk of bronchiectasis.",1,hard,Misinterpretation of #Question#,#Judgement#: No,0,0
553,Do elderly patients benefit from surgery in addition to radiotherapy for treatment of metastatic spinal cord compression?,Elderly patients with MSCC experienced significant improvements in functional outcomes and local control rates with the addition of surgery to radiotherapy.,1,easy,Incomplete Information,#Judgement#: No,0,0
553,Do elderly patients benefit from surgery in addition to radiotherapy for treatment of metastatic spinal cord compression?,"Elderly patients with MSCC did not benefit from surgery in addition to radiotherapy regarding functional outcome, local control of MSCC, or survival.",0,easy,n/a (ground truth),#Judgement#: Yes,1,1
554,Are WHO/UNAIDS/UNICEF-recommended replacement milks for infants of HIV-infected mothers appropriate in the South African context?,"No home-prepared replacement milks in South Africa meet all estimated micronutrient and essential fatty acid requirements of infants aged<6 months. Commercial infant formula is the only replacement milk that meets all nutritional needs. Revisions of WHO/UNAIDS/UNICEF HIV and infant feeding course replacement milk options are needed. If replacement milks are to provide total nutrition, preparations should include vegetable oils, such as soybean oil, as a source of linoleic and alpha-linolenic acids, and additional vitamins and minerals.",0,medium,n/a (ground truth),#Judgement#: Yes,1,1
554,Are WHO/UNAIDS/UNICEF-recommended replacement milks for infants of HIV-infected mothers appropriate in the South African context?,Home-prepared replacement milks in South Africa using powdered and fresh full cream milk with micronutrient supplements are nutritionally adequate and cost-effective for infants under 6 months old.,1,medium,Incomplete Information,#Judgement#: Yes,1,1
555,Is minilaparoscopic inguinal hernia repair feasible?,"While limited by its retrospective design, the present study indicates that the minilaparoscopic approach to groin hernia repair is safe and effective, making miniTAPP a challenging alternative to laparoscopy in the approach to groin hernia repair.",0,easy,n/a (ground truth),#Judgement#: No,0,0
555,Is minilaparoscopic inguinal hernia repair feasible?,Minilaparoscopic inguinal hernia repair has shown limited feasibility due to increased risk of postoperative complications compared to traditional laparoscopic methods.,1,easy,Misinterpretation of #Question#,#Judgement#: Yes,1,1
556,Surgical treatment of prosthetic valve endocarditis in patients with double prostheses: is single-valve replacement safe?,TEE allowed a diagnosis of site involvement that did correlate with the anatomic diagnosis obtained during the operation. This fact contributed to the management of patients and was of great help in guiding the surgical intervention. Echo-oriented single-valve replacement may be a safe strategy for patients with PVE and double prostheses.,0,hard,n/a (ground truth),#Judgement#: No,0,0
556,Surgical treatment of prosthetic valve endocarditis in patients with double prostheses: is single-valve replacement safe?,Single-valve replacement is associated with increased postoperative morbidity due to residual infection in the unoperated valve.,1,hard,Misinterpretation of #Question#,#Judgement#: Yes,1,1
557,Epidural analgesia for surgical treatment of peritoneal carcinomatosis: a risky technique?,"In this series of 35 patients, the use of epidural analgesia for HIPEC does not seem to be associated with a worse risk of haemodynamic instability, spinal haematoma, meningitis or epidural abscess. HIPEC with platinum salt is not incompatible with the safety of epidural analgesia, with an optimized fluid management peroperatively and the following of perimedullary anesthesia practice guidelines.",0,easy,n/a (ground truth),#Judgement#: No,0,0
557,Epidural analgesia for surgical treatment of peritoneal carcinomatosis: a risky technique?,"Epidural analgesia for surgical treatment of peritoneal carcinomatosis increases the risk of neurological complications due to the cytotoxic effects of platinum-based chemotherapies on neuronal tissues, potentially leading to long-term neurological deficits.",1,easy,Misinterpretation of #Question#,#Judgement#: Yes,1,1
558,Risk stratification in emergency surgical patients: is the APACHE II score a reliable marker of physiological impairment?,"For risk stratification in emergency surgical patients, it is essential to measure the APACHE II score before surgical treatment. Longitudinal APACHE II scoring reveals continuous improvement of the score in surviving patients but has no therapeutic relevance in the individual patient.",0,medium,n/a (ground truth),#Judgement#: Yes,1,1
558,Risk stratification in emergency surgical patients: is the APACHE II score a reliable marker of physiological impairment?,"The APACHE II score is most reliable when measured after ICU admission and on postoperative day 3, as it provides a clearer picture of the patient's condition and treatment efficacy.",1,medium,Incomplete Information,#Judgement#: Yes,1,1
559,Are physicians meeting the needs of family caregivers of the frail elderly?,"Hypotheses for this discontent are presented. Physicians may be uninterested in helping caregivers; even if they were receptive to counseling caregivers, they could be poorly remunerated for the types of counseling sessions that are usual for caregivers; and being a professional caregiver to family caregivers is demanding in itself.",0,hard,n/a (ground truth),#Judgement#: No,0,0
559,Are physicians meeting the needs of family caregivers of the frail elderly?,Family caregivers often report that physicians are inadequately trained in recognizing signs of caregiver stress and do not provide adequate psychological support.,1,hard,Incomplete Information,#Judgement#: No,0,0
560,Can nonproliferative breast disease and proliferative breast disease without atypia be distinguished by fine-needle aspiration cytology?,"Because there is significant overlap in cytologic features between NPBD and PBD, the distinction between the two entities is difficult in cytologic sampling.",0,easy,n/a (ground truth),#Judgement#: No,0,0
560,Can nonproliferative breast disease and proliferative breast disease without atypia be distinguished by fine-needle aspiration cytology?,Fine-needle aspiration cytology can reliably distinguish nonproliferative breast disease from proliferative breast disease without atypia based on the presence of myoepithelial cells.,1,easy,Misinterpretation of #Question#,#Judgement#: Yes,1,1
561,Are Reviewers' Scores Influenced by Citations to Their Own Work?,"Cited reviewers tend to give slightly lower scores to manuscripts that cite their work, possibly due to a perceived need for critical evaluation.",1,easy,Misinterpretation of #Question#,#Judgement#: No,0,0
561,Are Reviewers' Scores Influenced by Citations to Their Own Work?,"In a leading specialty journal, cited reviewers gave higher scores than noncited reviewers. However, this was likely due to their being assigned higher-quality manuscripts and not because they were cited in the manuscript. Reviewer requests that their work be cited were rare.",0,easy,n/a (ground truth),#Judgement#: No,0,0
562,Does the central venous pressure predict fluid responsiveness?,There are no data to support the widespread practice of using central venous pressure to guide fluid therapy. This approach to fluid resuscitation should be abandoned.,0,medium,n/a (ground truth),#Judgement#: Yes,1,1
562,Does the central venous pressure predict fluid responsiveness?,"Central venous pressure is a reliable predictor of fluid responsiveness, especially in critically ill patients.",1,medium,Misinterpretation of #Question#,#Judgement#: Yes,1,1
563,Memory-provoked rCBF-SPECT as a diagnostic tool in Alzheimer's disease?,"Memory-provoked rCBF-SPECT (MP-SPECT) has shown significant improvements in detecting Alzheimer's-related blood flow alterations compared to resting-state scans, particularly in identifying early-stage Alzheimer's disease. A recent study published in the Journal of Neuroimaging in 2020 by Dr. Jane Anderson and colleagues reported a 25% increase in diagnostic accuracy for early detection of Alzheimer's disease through MP-SPECT.",1,medium,Misinterpretation of #Question#,#Judgement#: Yes,1,1
563,Memory-provoked rCBF-SPECT as a diagnostic tool in Alzheimer's disease?,"Memory provocation increased the sensitivity of rCBF-SPECT for the detection of AD-related blood flow changes in the brain at the group level. Further studies are needed to evaluate MP-SPECT as a diagnostic tool at the individual level. If a higher sensitivity for AD at the individual level is verified in future studies, a single MP-SPECT study might be sufficient in the clinical setting.",0,medium,n/a (ground truth),#Judgement#: No,0,0
564,Can we ease the financial burden of colonoscopy?,"Endoscopists within a tertiary care setting can accurately predict diminutive polyp histology and confer an appropriate surveillance interval with an associated financial benefit to the healthcare system. However, limitations to its application in the community setting exist, which may improve with further training and high-definition colonoscopes.",0,hard,n/a (ground truth),#Judgement#: No,0,0
564,Can we ease the financial burden of colonoscopy?,Implementing virtual colonoscopy can significantly reduce the financial burden of traditional colonoscopy procedures.,1,hard,Misinterpretation of #Question#,#Judgement#: Yes,1,1
565,Is low birth weight a risk indicator for congenital cytomegalovirus infection?,"CMV-IgM and IgG antibodies assessment was not a potential discriminative test to identify congenitally infected newborns. In addition, low birth weight and small head circumference at birth failed to predict congenital CMV infection. CMV-DNA detection in umbilical cord blood at the time of delivery using real-time PCR of all newborns is recommended as decisive, rapid and non-invasive test.",0,hard,n/a (ground truth),#Judgement#: Yes,1,1
565,Is low birth weight a risk indicator for congenital cytomegalovirus infection?,Low birth weight significantly increases the risk of congenital cytomegalovirus (CMV) infection as shown by increased CMV-DNA presence in umbilical cord blood.,1,hard,Incomplete Information,#Judgement#: Yes,1,1
566,Is external palliative radiotherapy for gallbladder carcinoma effective?,"External radiotherapy seems to be a safe and effective method of palliative management of gallbladder carcinoma. However, further studies are necessary to determine the role of radiotherapy in palliative or adjuvant treatment of gallbladder carcinoma.",0,medium,n/a (ground truth),#Judgement#: No,0,0
566,Is external palliative radiotherapy for gallbladder carcinoma effective?,External palliative radiotherapy significantly improves the survival rates of patients with advanced gallbladder carcinoma.,1,medium,Misinterpretation of #Question#,#Judgement#: Yes,1,1
567,Is discordance in TEOAE and AABR outcomes predictable in newborns?,"Given the available screening technologies, discordant TEOAE and AABR may be inevitable for some categories of hearing loss among apparently healthy newborns whose mothers received prenatal care. The potential limitations of perinatal morbidities as basis of targeted screening for such cases therefore merit further consideration.",0,hard,n/a (ground truth),#Judgement#: No,0,0
568,Chemical shift MRI: is there any contribution to morphologic evaluation of solid breast masses?,Chemical shift subtraction can contribute to routine dynamic contrast subtraction in morphologic analysis particularly for the evaluation of margins of benign lesions in fatty breasts. It can also help in morphologic analysis of masses in dense breast.,0,medium,n/a (ground truth),#Judgement#: No,0,0
567,Is discordance in TEOAE and AABR outcomes predictable in newborns?,Discordant TEOAE and AABR outcomes are primarily influenced by the presence of otitis media with effusion (OME) in newborns.,1,hard,Misinterpretation of #Question#,#Judgement#: Yes,1,1
568,Chemical shift MRI: is there any contribution to morphologic evaluation of solid breast masses?,"Chemical shift MRI significantly contributes to the morphologic evaluation of solid breast masses by enhancing the visibility of lesion margins and providing better differentiation between benign and malignant tumors, especially in fatty breast tissue. However, its utility in dense breast tissue is less pronounced.",1,medium,Misinterpretation of #Question#,#Judgement#: No,0,0
569,Do some U.S. states have higher/lower injury mortality rates than others?,"Some U.S. states with high road traffic fatalities tend to have below-average rates of poisoning and drowning, while states with low road traffic fatalities have above-average rates of falls and fires.",1,hard,Misinterpretation of #Question#,#Judgement#: Yes,1,1
569,Do some U.S. states have higher/lower injury mortality rates than others?,"Group 1 states are likely to exhibit above-average rates for most other categories of injury death, whereas group 2 states are even more likely to exhibit below-average rates for most other categories of injury death.",0,hard,n/a (ground truth),#Judgement#: Yes,1,1
570,Do European people with type 1 diabetes consume a high atherogenic diet?,European individuals with type 1 diabetes consume a high atherogenic diet as few patients met recommendations for dietary fibre and saturated fat. This study showed minor changes in dietary nutrients and energy intakes over a period of 7 years. Nutrition education needs particular focus on strategies to increase dietary fibre and reduce saturated fat to exploit their potential benefit.,0,medium,n/a (ground truth),#Judgement#: Yes,1,1
570,Do European people with type 1 diabetes consume a high atherogenic diet?,"European individuals with type 1 diabetes predominantly consume a balanced diet that aligns closely with nutritional recommendations, showing significant improvements in fiber and saturated fat intake over the 7-year study period.",1,medium,Incomplete Information,#Judgement#: No,0,0
571,Adults with mild intellectual disabilities: can their reading comprehension ability be improved?,Reading comprehension in adults with mild intellectual disabilities can be significantly improved through a specialized phonics-based approach.,1,hard,Misinterpretation of #Question#,#Judgement#: No,0,0
572,Do antibiotics decrease post-tonsillectomy morbidity?,"Post tonsillectomy antibiotics did not prove to have a role in minimizing postoperative morbidity. Moreover, analgesics given on the basis of as required had a limited value.",0,easy,n/a (ground truth),#Judgement#: No,0,0
572,Do antibiotics decrease post-tonsillectomy morbidity?,Post tonsillectomy antibiotics significantly reduce postoperative pain and fever.,1,easy,Misinterpretation of #Question#,#Judgement#: Yes,1,1
573,Body diffusion-weighted MR imaging of uterine endometrial cancer: is it helpful in the detection of cancer in nonenhanced MR imaging?,DW imaging can be helpful in the detection of uterine endometrial cancer in nonenhanced MR imaging.,0,easy,n/a (ground truth),#Judgement#: No,0,0
573,Body diffusion-weighted MR imaging of uterine endometrial cancer: is it helpful in the detection of cancer in nonenhanced MR imaging?,Diffusion-weighted MRI alone is less effective in detecting uterine endometrial cancer compared to T2-weighted images.,1,easy,Misinterpretation of #Question#,#Judgement#: Yes,1,1
574,Do inhaled steroids differ from cromones in terms of hospital admission rates for asthma in children?,Our results suggest that inhaled steroids are better than cromones in preventing admissions for asthma when two provinces with different practices for maintenance medication of steady-state asthma were compared.,0,medium,n/a (ground truth),#Judgement#: Yes,1,1
571,Adults with mild intellectual disabilities: can their reading comprehension ability be improved?,The presently used intervention programme provides a good starting point for adults with ID to become better readers.,0,hard,n/a (ground truth),#Judgement#: No,0,0
574,Do inhaled steroids differ from cromones in terms of hospital admission rates for asthma in children?,The use of cromones is associated with higher hospital admission rates for asthma in children compared to inhaled steroids due to their shorter duration of action.,1,medium,Misinterpretation of #Question#,#Judgement#: Yes,1,1
575,Substance use and HIV-related sexual behaviors among US high school students: are they related?,HIV prevention programs for youth should recognize that substance use may be an important indicator of risk for HIV infection and acquired immunodeficiency syndrome through its association with unsafe sexual behaviors.,0,hard,n/a (ground truth),#Judgement#: No,0,0
575,Substance use and HIV-related sexual behaviors among US high school students: are they related?,"Research indicates that substance use among high school students is significantly associated with increased rates of unprotected sexual behavior and higher numbers of sexual partners, suggesting that substance use may independently contribute to the risk of HIV infection.",1,hard,Misinterpretation of #Question#,#Judgement#: No,0,0
576,Does sex influence the response to intravenous thrombolysis in ischemic stroke?,"Data from Safe Implementation of Treatments in Stroke-International Stroke Thrombolysis Register suggest that intravenous thrombolysis may modify the observed survival and recovery advantage for men expected in the natural course of an ischemic stroke, with a possible larger beneficial treatment effect in women when compared with men.",0,easy,n/a (ground truth),#Judgement#: No,0,0
577,Thrombosis prophylaxis in hospitalised medical patients: does prophylaxis in all patients make sense?,The incidence of venous thrombosis during hospitalisation in a department of general internal medicine is low and does not justify prophylaxis in all internal patients. Cancer is a strong risk factor for hospital-acquired thrombosis in the medical ward. Further studies may answer the question as to whether thrombosis prophylaxis in this subgroup is feasible.,0,hard,n/a (ground truth),#Judgement#: Yes,1,1
576,Does sex influence the response to intravenous thrombolysis in ischemic stroke?,Studies indicate that women experience a more pronounced reduction in recovery time compared to men following intravenous thrombolysis for ischemic stroke.,1,easy,Misinterpretation of #Question#,#Judgement#: Yes,1,1
577,Thrombosis prophylaxis in hospitalised medical patients: does prophylaxis in all patients make sense?,"The incidence of venous thrombosis during hospitalisation in a department of general internal medicine is high enough to warrant thrombosis prophylaxis in all patients, especially those with a history of immobility.",1,hard,Incomplete Information,#Judgement#: No,0,0
578,Do teleoncology models of care enable safe delivery of chemotherapy in rural towns?,"It appears safe to administer chemotherapy in rural towns under the supervision of medical oncologists from larger centres via teleoncology, provided that rural health care resources and governance arrangements are adequate.",0,medium,n/a (ground truth),#Judgement#: No,0,0
579,Does Paget's disease exist in India?,This illustrates that Paget's disease does exist in India and a high index of suspicion is required to clinch the diagnosis.,0,hard,n/a (ground truth),#Judgement#: No,0,0
578,Do teleoncology models of care enable safe delivery of chemotherapy in rural towns?,"Teleoncology models have shown promising results in facilitating the safe delivery of chemotherapy in rural towns, but they require robust infrastructure support and continuous professional development for rural healthcare providers. A study published in the *Journal of Telehealth and Rural Medicine* in 2020 by Dr. Sarah Chen et al. noted that while teleoncology services can deliver comparable outcomes, the initial setup and ongoing maintenance pose significant logistical challenges.",1,medium,Misinterpretation of #Question#,#Judgement#: No,0,0
579,Does Paget's disease exist in India?,Paget's disease of bone is uncommon in India and typically presents with different clinical features compared to Western populations.,1,hard,Incomplete Information,#Judgement#: No,0,0
580,Is There an Additional Value of Using Somatostatin Receptor Subtype 2a Immunohistochemistry Compared to Somatostatin Receptor Scintigraphy Uptake in Predicting Gastroenteropancreatic Neuroendocrine Tumor Response?,sst2a IHC of tumor samples has no additional value compared to SRS uptake using OctreoScan® in predicting tumor response after PRRT.,0,hard,n/a (ground truth),#Judgement#: Yes,1,1
580,Is There an Additional Value of Using Somatostatin Receptor Subtype 2a Immunohistochemistry Compared to Somatostatin Receptor Scintigraphy Uptake in Predicting Gastroenteropancreatic Neuroendocrine Tumor Response?,sst2a IHC of tumor samples provides additional predictive value compared to SRS uptake using OctreoScan® in assessing response to PRRT in GEP-NETs.,1,hard,Misinterpretation of #Question#,#Judgement#: No,0,0
581,Can vaginal pH be measured from the wet mount slide?,Vaginal pH can be accurately measured from a wet mount slide after adding a single drop of saline.,1,medium,Misinterpretation of #Question#,#Judgement#: Yes,1,1
581,Can vaginal pH be measured from the wet mount slide?,Vaginal pH should be measured by bringing the pH strip in direct contact with fresh vaginal fluid without first adding saline.,0,medium,n/a (ground truth),#Judgement#: Yes,1,1
582,Does Molecular Genotype Provide Useful Information in the Management of Radioiodine Refractory Thyroid Cancers?,"Patients with BRAF-mutant PTC had a significantly longer PFS than BRAF wild-type when treated with TKIs. However, due to the small number of BRAF-mutant patients, further investigations are required, especially to understand the potential positive effect of BRAF mutations in RAIR TC patients while having a negative prognostic impact in RAI-sensitive PTC patients.",0,medium,n/a (ground truth),#Judgement#: Yes,1,1
582,Does Molecular Genotype Provide Useful Information in the Management of Radioiodine Refractory Thyroid Cancers?,"Molecular genotype provides significant guidance in predicting response to chemotherapy in RAIR thyroid cancers, with RAS mutations being a key indicator for poorer prognosis.",1,medium,Misinterpretation of #Question#,#Judgement#: Yes,1,1
583,Screening for gestational diabetes mellitus: are the criteria proposed by the international association of the Diabetes and Pregnancy Study Groups cost-effective?,The IADPSG recommendation for glucose screening in pregnancy is not cost-effective unless combined with neonatal screening programs.,1,medium,Misinterpretation of #Question#,#Judgement#: Yes,1,1
583,Screening for gestational diabetes mellitus: are the criteria proposed by the international association of the Diabetes and Pregnancy Study Groups cost-effective?,The IADPSG recommendation for glucose screening in pregnancy is cost-effective. The model is most sensitive to the likelihood of preventing future diabetes in patients identified with GDM using postdelivery counseling and intervention.,0,medium,n/a (ground truth),#Judgement#: No,0,0
584,Are higher rates of depression in women accounted for by differential symptom reporting?,"Women tend to underreport their depressive symptoms compared to men, which contributes to the higher reported rates of depression in women.",1,easy,Misinterpretation of #Question#,#Judgement#: Yes,1,1
585,Follow-up of patients with new cardiovascular implantable electronic devices: are experts' recommendations implemented in routine clinical practice?,"Although most Medicare beneficiaries who received a new CIED between 2005 and 2009 did not have an initial in-person CIED follow-up visit within 2 to 12 weeks after device implantation, the rate of initial follow-up improved appreciably over time. This CIED follow-up visit was significantly more common in white patients than in patients of other races.",0,easy,n/a (ground truth),#Judgement#: No,0,0
584,Are higher rates of depression in women accounted for by differential symptom reporting?,Men and women in this community sample reported similar patterns of depressive symptoms. No evidence that the presentation of depressive symptoms differs by gender was found.,0,easy,n/a (ground truth),#Judgement#: Yes,1,1
585,Follow-up of patients with new cardiovascular implantable electronic devices: are experts' recommendations implemented in routine clinical practice?,"The majority of Medicare beneficiaries who received a new CIED between 2005 and 2009 had an initial in-person follow-up visit within 2 to 12 weeks after device implantation, with significant disparities observed between racial groups.",1,easy,Incomplete Information,#Judgement#: No,0,0
586,Does limb-salvage surgery offer patients better quality of life and functional capacity than amputation?,Limb-salvage surgery provides equivalent gait efficiency and reintegration to normal living compared to above-knee amputation but significantly enhances patient perception of quality of life through improved psychological well-being.,1,hard,Incomplete Information,#Judgement#: No,0,0
586,Does limb-salvage surgery offer patients better quality of life and functional capacity than amputation?,"These data suggest that limb-salvage surgery offers better gait efficiency and return to normal living compared with above-knee amputation, but does not improve the patient's perception of quality of life.",0,hard,n/a (ground truth),#Judgement#: Yes,1,1
587,Serum angiotensin-converting enzyme and frequency of severe hypoglycaemia in Type 1 diabetes: does a relationship exist?,"The present survey showed a weak relationship between serum ACE and the frequency of SH, the clinical relevance of which is unclear. This limits the proposed role for serum ACE as an index of risk for SH.",0,medium,n/a (ground truth),#Judgement#: No,0,0
587,Serum angiotensin-converting enzyme and frequency of severe hypoglycaemia in Type 1 diabetes: does a relationship exist?,Elevated levels of serum angiotensin-converting enzyme (ACE) are strongly associated with a significantly higher incidence of severe hypoglycaemic events in individuals with Type 1 diabetes.,1,medium,Misinterpretation of #Question#,#Judgement#: Yes,1,1
588,Cervical spine fractures in geriatric blunt trauma patients with low-energy mechanism: are clinical predictors adequate?,Clinical predictors appear inadequate for the evaluation of the cervical spine in geriatric trauma patients with low-energy mechanism.,0,medium,n/a (ground truth),#Judgement#: No,0,0
588,Cervical spine fractures in geriatric blunt trauma patients with low-energy mechanism: are clinical predictors adequate?,"Clinical predictors, especially those that rely on neurological assessments, have been deemed inadequate for identifying cervical spine fractures in geriatric patients with low-energy trauma mechanisms. A recent retrospective study involving 200 geriatric patients highlighted that neck tenderness alone is insufficient, as it was only present in 45.5% of confirmed fracture cases. Moreover, the study found that neurological deficits, although sometimes present, do not consistently correlate with cervical spine fractures, demonstrating a sensitivity of only 40% and a specificity of 60%.",1,medium,Misinterpretation of #Question#,#Judgement#: Yes,1,1
589,Do microbiological factors account for poor pregnancy outcome among unmarried pregnant women in Poland?,"The observed socioeconomic, demographic and microbiological differences between unmarried and married women could be responsible for the poor pregnancy outcome among unmarried pregnant women in Poland. Unmarried pregnant women should be covered by comprehensive medical care even before pregnancy. Further studies taking into account the role of psychological stress, patterns of sexual behavior and substance abuse during pregnancy could help identify the factors responsible for adverse pregnancy outcome among unmarried pregnant women.",0,hard,n/a (ground truth),#Judgement#: No,0,0
589,Do microbiological factors account for poor pregnancy outcome among unmarried pregnant women in Poland?,"Microbiological factors, particularly the presence of Chlamydia trachomatis, are significantly associated with poor pregnancy outcomes among unmarried pregnant women in Poland.",1,hard,Incomplete Information,#Judgement#: No,0,0
590,Should all patients be optimized to the same preoperative hemoglobin level to avoid transfusion in primary knee arthroplasty?,"Not all the patients undergoing TKA who receive tranexamic acid need the same preoperative Hb optimization target. Two easily available factors, such as the ASA score and the Hb level, can help individualize the Hb optimization target.",0,medium,n/a (ground truth),#Judgement#: No,0,0
590,Should all patients be optimized to the same preoperative hemoglobin level to avoid transfusion in primary knee arthroplasty?,"Not all patients undergoing total knee arthroplasty (TKA) need the same preoperative hemoglobin (Hb) level optimization, particularly when considering the routine administration of tranexamic acid. Hemoglobin optimization should be individualized based on patient-specific factors including the ASA score and the presence of specific comorbidities like hypertension and chronic kidney disease.",1,medium,Incomplete Information,#Judgement#: No,0,0
591,Is there any relation between cervical cord plaques and discopathy in patients with multiple sclerosis?,The study data suggests a possible correlation between cervical discopathy and cervical MS plaque.,0,easy,n/a (ground truth),#Judgement#: Yes,1,1
591,Is there any relation between cervical cord plaques and discopathy in patients with multiple sclerosis?,The study data indicates a significant causal link between cervical discopathy and the development of cervical MS plaques.,1,easy,Misinterpretation of #Question#,#Judgement#: Yes,1,1
592,Is the processing of affective prosody influenced by spatial attention?,"Emotional prosody, therefore, seems to be partially processed outside the focus of spatial attention. Whereas at early sensory processing stages spatial attention modulates the degree of emotional voice processing as a function of emotional valence, emotional prosody is processed outside of the focus of spatial attention at later processing stages.",0,easy,n/a (ground truth),#Judgement#: No,0,0
592,Is the processing of affective prosody influenced by spatial attention?,"Spatial attention significantly enhances the perception of emotional prosody, particularly in contexts where the emotional content is ambiguous.",1,easy,Misinterpretation of #Question#,#Judgement#: No,0,0
593,Is there a role for leukocyte and CRP measurements in the diagnosis of acute appendicitis in the elderly?,"Although elevated leukocyte count and CRP value cannot effectively establish the diagnosis of acute appendicitis in the elderly, unelevated values exclude it. Accordingly, appendectomy is not recommended to be performed in an elderly patient with unelevated leukocyte count and CRP value, although clinical symptoms and signs indicate acute appendicitis.",0,easy,n/a (ground truth),#Judgement#: Yes,1,1
593,Is there a role for leukocyte and CRP measurements in the diagnosis of acute appendicitis in the elderly?,"Elevated leukocyte count and CRP value are highly reliable indicators of acute appendicitis in elderly patients, even more so than clinical symptoms and physical examination findings.",1,easy,Misinterpretation of #Question#,#Judgement#: Yes,1,1
594,Are bipolar disorders underdiagnosed in patients with depressive episodes?,The diagnosis of BD in patients with MDE depends strongly on the method and criteria employed. The considerable difference between criteria-free physician's diagnosis and the remaining algorithms indicate the usefulness of criteria lists within the everyday clinical setting.,0,hard,n/a (ground truth),#Judgement#: No,0,0
595,Prognosis of low-tone sudden deafness - does it inevitably progress to Meniere's disease?,We conclude that not all low-tone sudden deafness (SD) patients suffered from endolymphatic hydrops even if they had vertigo attack at the onset and that electrocochleography (ECochG) was a useful prognostic tool.,0,easy,n/a (ground truth),#Judgement#: Yes,1,1
594,Are bipolar disorders underdiagnosed in patients with depressive episodes?,Bipolar disorders are significantly underdiagnosed in patients presenting with depressive episodes due to a lack of standardized screening tools in primary care settings.,1,hard,Incomplete Information,#Judgement#: No,0,0
595,Prognosis of low-tone sudden deafness - does it inevitably progress to Meniere's disease?,"Low-tone sudden deafness often progresses to Meniere's disease, especially when accompanied by vertigo.",1,easy,Misinterpretation of #Question#,#Judgement#: Yes,1,1
596,Can pictorial warning labels on cigarette packages address smoking-related health disparities?,"Pictorial HWLs with didactic textual forms seem to work better than those with testimonial narratives. Future research should determine which pictorial HWL content has the greatest real-world impact among consumers from disadvantaged groups, including assessment of how HWL content should change to maintain its impact as tobacco control environments strengthen and consumer awareness of smoking-related risks increases.",0,hard,n/a (ground truth),#Judgement#: No,0,0
596,Can pictorial warning labels on cigarette packages address smoking-related health disparities?,Pictorial warnings on cigarette packages that highlight socioeconomic disparities in smoking rates are more effective in reducing smoking among lower-income populations compared to those that focus solely on health risks.,1,hard,Misinterpretation of #Question#,#Judgement#: No,0,0
597,Does patient-prosthesis mismatch after aortic valve replacement affect survival and quality of life in elderly patients?,"PPM after AVR does not affect survival, functional status, and QoL in patients aged at least 75 years. Surgical procedures, often time-consuming, contemplated to prevent PPM, may therefore be not justified in this patient subgroup.",0,hard,n/a (ground truth),#Judgement#: Yes,1,1
597,Does patient-prosthesis mismatch after aortic valve replacement affect survival and quality of life in elderly patients?,Patient-prosthesis mismatch (PPM) after aortic valve replacement (AVR) significantly impairs survival and reduces quality of life in elderly patients.,1,hard,Misinterpretation of #Question#,#Judgement#: No,0,0
598,Is fear of anaphylactic shock discouraging surgeons from more widely adopting percutaneous and laparoscopic techniques in the treatment of liver hydatid cyst?,The seemingly exaggerated traditional fear of anaphylaxis seems to discourage surgeons from more widely adopting minimal access techniques for the treatment of hydatid cyst.,0,medium,n/a (ground truth),#Judgement#: Yes,1,1
598,Is fear of anaphylactic shock discouraging surgeons from more widely adopting percutaneous and laparoscopic techniques in the treatment of liver hydatid cyst?,The primary concern among surgeons for not adopting percutaneous and laparoscopic techniques in treating liver hydatid cysts is the risk of causing cyst rupture and subsequent dissemination of the parasite.,1,medium,Misinterpretation of #Question#,#Judgement#: No,0,0
599,Reporting and interpreting red blood cell morphology: is there discordance between clinical pathologists and clinicians?,"Important differences about the clinical relevance of certain RBC-M terms exist between clinicians and CPs. Inclusion of interpretive comments on CBC reports is the clearest way to ensure that RBC-M changes are interpreted as intended by the CP. Reporting practices should be examined critically to improve communication, transparency, and ultimately medical decisions.",0,easy,n/a (ground truth),#Judgement#: No,0,0
599,Reporting and interpreting red blood cell morphology: is there discordance between clinical pathologists and clinicians?,"Red blood cell morphology interpretation discrepancies arise mainly due to differing educational backgrounds between clinicians and clinical pathologists, rather than the subjective nature of the reporting process itself.",1,easy,Misinterpretation of #Question#,#Judgement#: No,0,0
600,Does β-catenin have a role in pathogenesis of sebaceous cell carcinoma of the eyelid?,"Cytoplasmic overexpression of β-catenin was observed in the majority of the cases of SbCC of eyelid, and this correlated significantly with tumour size. The authors therefore hypothesise that β-catenin overexpression in SbCC of eyelid may be a result of Wnt/β-catenin pathway dysregulation. However, its role both in the development of sebaceous cell carcinoma of the eyelid as well as its prognosis needs to be explored further.",0,hard,n/a (ground truth),#Judgement#: No,0,0
600,Does β-catenin have a role in pathogenesis of sebaceous cell carcinoma of the eyelid?,"β-catenin expression in sebaceous cell carcinoma of the eyelid is primarily localized to the nucleus, where it plays a crucial role in promoting tumourigenesis through direct interactions with DNA transcription factors.",1,hard,Misinterpretation of #Question#,#Judgement#: Yes,1,1
601,Is ultrasound equal to X-ray in pediatric fracture diagnosis?,"Ultrasound not only has comparable sensitivity to that of X-ray for the identification of limb fractures but is also equally effective for the diagnosis of fracture type and dislocation. Thus, ultrasound can be used as an adequate alternative method to X-ray for pediatric fracture diagnosis.",0,easy,n/a (ground truth),#Judgement#: Yes,1,1
601,Is ultrasound equal to X-ray in pediatric fracture diagnosis?,"Ultrasound surpasses X-ray in diagnosing pediatric fractures, especially in identifying complex fractures and bone dislocations due to its superior resolution and soft tissue contrast.",1,easy,Misinterpretation of #Question#,#Judgement#: Yes,1,1
602,Measuring hospital mortality rates: are 30-day data enough?,Using data on cumulative hospital mortality from 180 days postadmission does not yield a different perspective from using data from 30 days postadmission for the conditions we studied.,0,hard,n/a (ground truth),#Judgement#: No,0,0
602,Measuring hospital mortality rates: are 30-day data enough?,"Using 30-day data alone provides an incomplete picture of hospital mortality rates, as it fails to capture late mortality events that occur beyond 30 days post-admission.",1,hard,Incomplete Information,#Judgement#: No,0,0
603,Hearing loss: an unknown complication of pre-eclampsia?,Pre-eclampsia is a potential risk factor for cochlear damage and sensorineural hearing loss. Further studies that include routine audiological examinations are needed in these patients.,0,easy,n/a (ground truth),#Judgement#: No,0,0
604,Is portable ultrasonography accurate in the evaluation of Schanz pin placement during extremity fracture fixation in austere environments?,"Despite the statistical imparity of pin protrusion measurement via ultrasound compared to that of gross dissection, a consideration of the clinical relevance of ultrasound measurement bias during an austere operating theatre leads to the conclusion that ultrasonography is an adequate methodology for Schanz pin protrusion measurement.",0,hard,n/a (ground truth),#Judgement#: No,0,0
603,Hearing loss: an unknown complication of pre-eclampsia?,Pre-eclampsia significantly increases the risk of conductive hearing loss due to tympanic membrane thickening and ossicular fixation.,1,easy,Misinterpretation of #Question#,#Judgement#: Yes,1,1
604,Is portable ultrasonography accurate in the evaluation of Schanz pin placement during extremity fracture fixation in austere environments?,Portable ultrasonography significantly overestimates the placement accuracy of Schanz pins in extremity fractures in austere environments.,1,hard,Misinterpretation of #Question#,#Judgement#: Yes,1,1
605,Medical student education in emergency medicine: do students meet the national standards for clinical encounters of selected core conditions?,"Most students do not encounter all 10 conditions during patient encounters throughout a 4-week EM rotation, although most have exposure to at least eight. Certain conditions are far less likely than others to be encountered, and may need to be taught in a nonclinical setting.",0,medium,n/a (ground truth),#Judgement#: No,0,0
605,Medical student education in emergency medicine: do students meet the national standards for clinical encounters of selected core conditions?,All students in a 4-week emergency medicine clerkship met the national standards for clinical encounters of the selected core conditions.,1,medium,Incomplete Information,#Judgement#: No,0,0
606,A model of healing of Los Angeles grades C and D reflux oesophagitis: is there an optimal time of acid suppression for maximal healing?,"After 4 weeks' acid-suppressive therapy for LA grade C or D oesophagitis, successful healing appears to reach a threshold above which improvements are unlikely to be achieved despite an increase in number of hours with intragastric pH>4.",0,medium,n/a (ground truth),#Judgement#: No,0,0
606,A model of healing of Los Angeles grades C and D reflux oesophagitis: is there an optimal time of acid suppression for maximal healing?,"After 6 weeks of acid-suppressive therapy, maximal healing of LA grade C and D oesophagitis is observed, with improvements becoming negligible beyond this duration regardless of increased intragastric pH>4 hours.",1,medium,Misinterpretation of #Question#,#Judgement#: Yes,1,1
607,Gadofosveset-enhanced MR angiography of carotid arteries: does steady-state imaging improve accuracy of first-pass imaging?,"Gadofosveset-enhanced MR angiography is a promising technique for imaging carotid artery stenosis. Steady-state image reading is superior to first-pass image reading, but the combined reading protocol is more accurate.",0,hard,n/a (ground truth),#Judgement#: Yes,1,1
607,Gadofosveset-enhanced MR angiography of carotid arteries: does steady-state imaging improve accuracy of first-pass imaging?,Gadofosveset-enhanced MR angiography using steady-state imaging alone provides the most accurate depiction of carotid artery stenosis compared to first-pass imaging and combined protocols.,1,hard,Misinterpretation of #Question#,#Judgement#: Yes,1,1
608,Sternal skin conductance: a reasonable surrogate for hot flash measurement?,"Findings from these studies support discordance between device-recorded and self-reported hot flashes. In addition, the studies reveal further limitations of SSC monitoring, including difficulties with data collection and lack of consistency in interpretation. Based on these results and other recent trials identifying issues with SSC methodology, it is time to find a better physiologic surrogate measure for hot flashes.",0,medium,n/a (ground truth),#Judgement#: No,0,0
609,Elephant trunk in a small-calibre true lumen for chronic aortic dissection: cause of haemolytic anaemia?,"A folded elephant trunk in a small-calibre lumen can cause haemolysis. Therefore, inserting an elephant trunk in a small-calibre true lumen during surgery for chronic aortic dissection should be avoided.",0,medium,n/a (ground truth),#Judgement#: Yes,1,1
608,Sternal skin conductance: a reasonable surrogate for hot flash measurement?,"Findings from these studies suggest a high degree of concordance between device-recorded and self-reported hot flashes. Additionally, the studies indicate that the sternal skin conductance device provides a reliable and consistent method for measuring hot flashes in an ambulatory setting.",1,medium,Misinterpretation of #Question#,#Judgement#: No,0,0
609,Elephant trunk in a small-calibre true lumen for chronic aortic dissection: cause of haemolytic anaemia?,Inserting an elephant trunk in a small-calibre true lumen during surgery for chronic aortic dissection can lead to increased platelet aggregation and subsequent thrombosis rather than haemolysis.,1,medium,Mechanism and Pathway Misattribution,#Judgement#: Yes,1,1
610,Does partial expander deflation exacerbate the adverse effects of radiotherapy in two-stage breast reconstruction?,"Expander deflation immediately prior to radiotherapy, may augment the adverse effects, especially in the lower expander pole, possibly via enhanced radiosensitization due to a relative increase in the blood flow and tissue oxygenation.",0,hard,n/a (ground truth),#Judgement#: Yes,1,1
610,Does partial expander deflation exacerbate the adverse effects of radiotherapy in two-stage breast reconstruction?,"Partial expander deflation prior to radiotherapy can significantly exacerbate adverse effects in patients undergoing two-stage breast reconstruction, particularly increasing the risk of chronic radiodermatitis and tissue necrosis. This is thought to occur due to a reduction in blood flow and tissue oxygenation, leading to heightened sensitivity to radiation damage.",1,hard,Mechanism and Pathway Misattribution,#Judgement#: Yes,1,1
611,Should temperature be monitorized during kidney allograft preservation?,Continuous monitoring of temperature is essential during kidney allograft preservation to prevent fluctuations that can lead to graft damage.,1,hard,Misinterpretation of #Question#,#Judgement#: No,0,0
611,Should temperature be monitorized during kidney allograft preservation?,"The new storage can affords more stable temperature levels when compared to the formerly used can. Since temperature is stable during conservation, continuous monitoring in everyday practice does not seem warranted.",0,hard,n/a (ground truth),#Judgement#: Yes,1,1
612,Can p53 alterations be used to predict tumour response to pre-operative chemo-radiotherapy in locally advanced rectal cancer?,p53 alteration detected by IHC or SSCP analysis is not a clinically useful predictor of local response to pre-operative adjuvant therapy in advanced rectal carcinoma.,0,medium,n/a (ground truth),#Judgement#: Yes,1,1
612,Can p53 alterations be used to predict tumour response to pre-operative chemo-radiotherapy in locally advanced rectal cancer?,p53 alterations significantly predict the reduction in tumour size following pre-operative chemo-radiotherapy in locally advanced rectal cancer.,1,medium,Misinterpretation of #Question#,#Judgement#: Yes,1,1
613,Is irritable bowel syndrome a diagnosis of exclusion?,"Many clinicians believe that performing extensive testing is necessary before diagnosing Irritable Bowel Syndrome (IBS), despite clinical guidelines suggesting otherwise.",1,hard,Incomplete Information,#Judgement#: No,0,0
613,Is irritable bowel syndrome a diagnosis of exclusion?,Most community providers believe IBS is a diagnosis of exclusion; this belief is associated with increased resource use. Experts comply more closely with guidelines to diagnose IBS with minimal testing. This disconnect suggests that better implementation of guidelines is warranted to minimize variation and improve cost-effectiveness of care.,0,hard,n/a (ground truth),#Judgement#: No,0,0
614,Is pelvic pain associated with defecatory symptoms in women with pelvic organ prolapse?,"In women with POP, the symptom of pelvic pain is associated with the presence of defecatory symptoms.",0,easy,n/a (ground truth),#Judgement#: No,0,0
614,Is pelvic pain associated with defecatory symptoms in women with pelvic organ prolapse?,"In women with pelvic organ prolapse, pelvic pain is inversely associated with the presence of defecatory symptoms.",1,easy,Misinterpretation of #Question#,#Judgement#: Yes,1,1
615,Does ibuprofen increase perioperative blood loss during hip arthroplasty?,Pretreatment with ibuprofen before elective total hip surgery increases the perioperative blood loss significantly. Early discontinuation of non-selective non-steroidal anti-inflammatory drugs is advised.,0,easy,n/a (ground truth),#Judgement#: Yes,1,1
615,Does ibuprofen increase perioperative blood loss during hip arthroplasty?,Ibuprofen decreases perioperative blood loss during hip arthroplasty by enhancing platelet aggregation.,1,easy,Mechanism and Pathway Misattribution,#Judgement#: Yes,1,1
616,"Laparoscopic-assisted ileocolic resections in patients with Crohn's disease: are abscesses, phlegmons, or recurrent disease contraindications?","The laparoscopic-assisted approach to Crohn's disease is feasible and safe with good outcomes. Co-morbid preoperative findings such as abscess, phlegmon, or recurrent disease at the previous ileocolic anastomosis are not contraindications to a successful laparoscopic-assisted ileocolic resection in select patients.",0,hard,n/a (ground truth),#Judgement#: No,0,0
616,"Laparoscopic-assisted ileocolic resections in patients with Crohn's disease: are abscesses, phlegmons, or recurrent disease contraindications?","Abscesses, phlegmons, or recurrent disease may pose significant challenges for laparoscopic-assisted ileocolic resections in Crohn's disease due to increased operative time and risk of conversion to open surgery, necessitating careful patient selection and preoperative optimization.",1,hard,Misinterpretation of #Question#,#Judgement#: No,0,0
617,Has the use of complementary and alternative medicine therapies by U.S. adults with chronic disease-related functional limitations changed from 2002 to 2007?,"Among U.S. adults with chronic disease-related functional limitations, the overall increase in CAM use from 2002 to 2007 was significant, particularly among those with changing and maintaining body position limitations.",0,medium,n/a (ground truth),#Judgement#: No,0,0
617,Has the use of complementary and alternative medicine therapies by U.S. adults with chronic disease-related functional limitations changed from 2002 to 2007?,"Among U.S. adults with chronic disease-related functional limitations, there was a significant decrease in CAM use from 2002 to 2007, especially notable in the use of acupuncture and herbal supplements.",1,medium,Misinterpretation of #Question#,#Judgement#: Yes,1,1
618,Is extended aortic replacement in acute type A dissection justifiable?,"Extended replacement of the dissected ascending aorta and aortic arch can be done with good early and midterm results, even though it requires a complex surgical technique. Therefore we advocate complete replacement of the dissected parts of the aorta in all patients in whom this is technically possible.",0,hard,n/a (ground truth),#Judgement#: No,0,0
618,Is extended aortic replacement in acute type A dissection justifiable?,Extended aortic replacement in acute type A dissection is justifiable due to the high risk of persistent false lumen and associated complications.,1,hard,Misinterpretation of #Question#,#Judgement#: No,0,0
619,Is intensive monitoring during the first transfusion in pediatric patients necessary?,The practice of intensive observation for the first transfusion in pediatric patients is probably unnecessary.,0,hard,n/a (ground truth),#Judgement#: Yes,1,1
620,Effects of exercise training on heart rate and QT interval in healthy young individuals: are there gender differences?,The results of this study suggest that the cardiovascular response to exercise training may be different in men and women. Women may benefit more from interventions aimed to increase physical activity as a tool for prevention of cardiovascular morbidity and mortality.,0,hard,n/a (ground truth),#Judgement#: No,0,0
619,Is intensive monitoring during the first transfusion in pediatric patients necessary?,Intensive monitoring during the first transfusion in pediatric patients is necessary to prevent potential severe allergic reactions.,1,hard,Misinterpretation of #Question#,#Judgement#: No,0,0
620,Effects of exercise training on heart rate and QT interval in healthy young individuals: are there gender differences?,"The study indicates that exercise training significantly lowers the resting heart rate and QT interval in both men and women, but the improvement in QT interval was notably greater in men.",1,hard,Misinterpretation of #Question#,#Judgement#: Yes,1,1
622,Analysis of the epidemiological pattern of Shigellosis in Barcelona between 1988 and 2012: Is it an emerging sexually transmitted infection?,"An increased trend was detected in men who had no history of food poisoning or travel to endemic areas. This increase points to a change in the pattern of shigellosis, becoming predominantly male and its main mechanism probably by sexual transmission.",0,easy,n/a (ground truth),#Judgement#: Yes,1,1
621,Is coeliac disease screening in risk groups justified?,Serologic screening for coeliac disease in risk groups has shown significant improvements in overall nutritional status and reduced incidence of cardiovascular diseases in asymptomatic individuals.,1,easy,Misinterpretation of #Question#,#Judgement#: Yes,1,1
622,Analysis of the epidemiological pattern of Shigellosis in Barcelona between 1988 and 2012: Is it an emerging sexually transmitted infection?,"Shigellosis in Barcelona between 1988 and 2012 was predominantly transmitted through contaminated water sources, particularly affecting male adolescents and young adults.",1,easy,Misinterpretation of #Question#,#Judgement#: Yes,1,1
621,Is coeliac disease screening in risk groups justified?,Long-term dietary compliance in screen-detected patients was good. Quality of life and bone mineral density were comparable with those in non-coeliac subjects and the general population. Active screening in coeliac disease risk groups seems to be reasonable rather than harmful.,0,easy,n/a (ground truth),#Judgement#: No,0,0
623,A patient with myelomeningocele: is untethering necessary prior to scoliosis correction?,"The study results suggested that spinal cord untethering may be unnecessary in patients with MM who are undergoing scoliosis corrective surgery and do not present with clinical symptoms of a tethered cord, even though tethering is radiographically demonstrated.",0,easy,n/a (ground truth),#Judgement#: No,0,0
624,Is aerobic workload positively related to ambulatory blood pressure?,"Because workers may have an elevated relative aerobic workload for several hours each working day, this relationship may elucidate a mechanism behind the increased risk for cardiovascular disease among workers exposed to high levels of occupational physical activity.",0,hard,n/a (ground truth),#Judgement#: No,0,0
623,A patient with myelomeningocele: is untethering necessary prior to scoliosis correction?,Spinal cord untethering is necessary in all patients with myelomeningocele prior to scoliosis correction surgery to prevent postoperative neurological decline.,1,easy,Misinterpretation of #Question#,#Judgement#: Yes,1,1
624,Is aerobic workload positively related to ambulatory blood pressure?,"Aerobic workload is inversely related to ambulatory blood pressure, indicating that higher aerobic capacity may help reduce blood pressure levels during daily activities.",1,hard,Misinterpretation of #Question#,#Judgement#: Yes,1,1
625,PREVALENCE OF THE STREPTOCOCUS AGALACTIAE IN THE PREGNANT WOMAN FROM THE AUTONOMIC CITY OF MELILLA: IS CULTURE A DETERMINANT FACTOR?,"The prevalence of Streptococcus agalactiae varies significantly among pregnant women from Melilla depending on their age, with younger women showing a higher colonization rate.",1,medium,Misinterpretation of #Question#,#Judgement#: Yes,1,1
626,Is fluoroscopy essential for retrieval of lower ureteric stones?,"To uphold the notion for radiation exposure to be as low as reasonably achievable, ureteroscopic stone retrieval can safely be done without the use of fluoroscopy in a significant number of patients.",0,hard,n/a (ground truth),#Judgement#: No,0,0
625,PREVALENCE OF THE STREPTOCOCUS AGALACTIAE IN THE PREGNANT WOMAN FROM THE AUTONOMIC CITY OF MELILLA: IS CULTURE A DETERMINANT FACTOR?,"The prevalence of vagino-rectal colonization by Streptococcus group B in the pregnant women from Melilla is within the national estimated figures, however it is different if they are from Muslim or Christian culture, being higher in the Muslim population. On one hand both prevalences are within the national statistics, and on the other hand it is observed that there is not any difference according to age.",0,medium,n/a (ground truth),#Judgement#: Yes,1,1
626,Is fluoroscopy essential for retrieval of lower ureteric stones?,"Fluoroscopy remains crucial for ensuring the safe and effective retrieval of lower ureteric stones, even with advanced imaging alternatives available.",1,hard,Misinterpretation of #Question#,#Judgement#: No,0,0
628,Are lower fasting plasma glucose levels at diagnosis of type 2 diabetes associated with improved outcomes?,"People presenting with type 2 diabetes with lower initial glycemia who may be earlier in the course of their disease had fewer adverse clinical outcomes despite similar glycemic progression. Since most such people are asymptomatic at diagnosis, active case detection programs would be required to identify them.",0,medium,n/a (ground truth),#Judgement#: No,0,0
627,Does the sequence of clamp application during open abdominal aortic aneurysm surgery influence distal embolisation?,Preferential clamping of the proximal aorta before the iliac vessels significantly reduces distal embolization during AAA surgery.,1,hard,Misinterpretation of #Question#,#Judgement#: No,0,0
628,Are lower fasting plasma glucose levels at diagnosis of type 2 diabetes associated with improved outcomes?,Lower fasting plasma glucose levels at diagnosis are linked to reduced cardiovascular risks in patients with type 2 diabetes.,1,medium,Misinterpretation of #Question#,#Judgement#: Yes,1,1
627,Does the sequence of clamp application during open abdominal aortic aneurysm surgery influence distal embolisation?,There appears to be no difference in the numbers of emboli detected when the first vascular clamp is applied to the proximal aorta or iliacs.,0,hard,n/a (ground truth),#Judgement#: No,0,0
629,Do elderly patients call 911 when presented with clinical scenarios suggestive of acute stroke?,Elderly patients predominantly avoid calling 911 due to a belief that symptoms are transient and will resolve on their own.,1,hard,Misinterpretation of #Question#,#Judgement#: Yes,1,1
629,Do elderly patients call 911 when presented with clinical scenarios suggestive of acute stroke?,These results suggest the need to provide interventions that are specifically designed to increase awareness of potential stroke signs and symptoms and appropriate subsequent clinical actions.,0,hard,n/a (ground truth),#Judgement#: No,0,0
630,Cerebromediastinal tuberculosis in a child with a probable Say-Barber-Miller syndrome: a causative link?,The presence of Say-Barber-Miller syndrome increases the risk of developing extrapulmonary tuberculosis due to a genetic predisposition affecting immune response mechanisms.,1,medium,Misinterpretation of #Question#,#Judgement#: Yes,1,1
630,Cerebromediastinal tuberculosis in a child with a probable Say-Barber-Miller syndrome: a causative link?,"[corrected] This observation is exceptional in many aspects: very early age of onset of extrapulmonary tuberculosis, no immune deficit, association with a rare congenital neurological syndrome. We discuss the possible link between this entity and the occurrence of tuberculosis.",0,medium,n/a (ground truth),#Judgement#: Yes,1,1
631,Are virtual planning and guided surgery for head and neck reconstruction economically viable?,Virtual planning and guided surgery for head and neck reconstruction lead to increased costs due to higher material expenses and complex technology usage.,1,medium,Misinterpretation of #Question#,#Judgement#: Yes,1,1
632,Do overweight children necessarily make overweight adults?,An overweight birth cohort in childhood does not necessarily continue to be overweight in young adulthood. Not only secular trends in body mass index at fixed ages but also growth curves for wide age ranges by birth cohorts should be considered to study obesity and thinness. Growth curves by birth cohorts were produced by a repeated cross sectional annual survey over nearly six decades.,0,hard,n/a (ground truth),#Judgement#: No,0,0
631,Are virtual planning and guided surgery for head and neck reconstruction economically viable?,"Even in capped health care systems, virtual planning and guided surgery including prebent or milled plates are financially viable.",0,medium,n/a (ground truth),#Judgement#: No,0,0
632,Do overweight children necessarily make overweight adults?,"Overweight children tend to maintain higher body mass indexes into adulthood, particularly if they do not engage in regular physical activity.",1,hard,Incomplete Information,#Judgement#: No,0,0
633,Biliary atresia: should all patients undergo a portoenterostomy?,All patients with biliary atresia should undergo a portoenterostomy before considering liver transplantation.,1,hard,Misinterpretation of #Question#,#Judgement#: Yes,1,1
633,Biliary atresia: should all patients undergo a portoenterostomy?,"Based on the predictive information available in a liver biopsy, we conclude that those patients who will not benefit from a Kasai procedure can be identified preoperatively, and channeled immediately to transplantation.",0,hard,n/a (ground truth),#Judgement#: Yes,1,1
634,Does a history of unintended pregnancy lessen the likelihood of desire for sterilization reversal?,"Among women who had undergone tubal sterilization, a prior history of unintended pregnancy did not decrease desire for sterilization reversal.",0,medium,n/a (ground truth),#Judgement#: Yes,1,1
634,Does a history of unintended pregnancy lessen the likelihood of desire for sterilization reversal?,A history of unintended pregnancy may increase the likelihood of desire for sterilization reversal due to heightened awareness of reproductive health issues.,1,medium,Misinterpretation of #Question#,#Judgement#: Yes,1,1
635,Does early discharge with nurse home visits affect adequacy of newborn metabolic screening?,Early discharge programs with nurse home visits significantly increase the risk of inadequate metabolic screening results in newborns.,1,hard,Misinterpretation of #Question#,#Judgement#: Yes,1,1
635,Does early discharge with nurse home visits affect adequacy of newborn metabolic screening?,"In this well established early discharge program with nurse home visits, newborn metabolic screening is not compromised by early discharge.",0,hard,n/a (ground truth),#Judgement#: No,0,0
636,Are stroke patients' reports of home blood pressure readings reliable?,"This group of elderly stroke patients were able to record their BPs reliably at home. Any bias was small and would be unlikely to affect management. Since BP readings in a GP surgery are often a poor indication of true BP, GPs might consider using hypertensive patients' records of home BP monitoring to help guide treatment decisions.",0,hard,n/a (ground truth),#Judgement#: No,0,0
636,Are stroke patients' reports of home blood pressure readings reliable?,Stroke patients often underreport their systolic blood pressure readings by an average of 5 mmHg due to cognitive impairments that affect their perception and documentation accuracy.,1,hard,Incomplete Information,#Judgement#: Yes,1,1
637,Does increasing blood pH stimulate protein synthesis in dialysis patients?,Increasing blood pH through sodium bicarbonate supplementation was found to enhance protein synthesis rates in dialysis patients.,1,medium,Misinterpretation of #Question#,#Judgement#: Yes,1,1
637,Does increasing blood pH stimulate protein synthesis in dialysis patients?,"In contrast to other findings, raising the blood pH of dialysis patients was not associated with a positive effect on albumin and muscle protein synthesis, or nutritional and endocrinal parameters.",0,medium,n/a (ground truth),#Judgement#: Yes,1,1
638,Can T-cell deficiency affect spatial learning ability following toluene exposure?,T-cell deficiency significantly improves spatial learning performance following toluene exposure.,1,easy,Misinterpretation of #Question#,#Judgement#: Yes,1,1
639,Is there a relationship between homocysteine and vitiligo?,"An elevated homocysteine level may be a precipitating factor for vitiligo in predisposed individuals. In view of the biological role of vitamin B(12) and folic acid in Hcy metabolism, we present our recommendations regarding the investigation and treatment of this common disease.",0,hard,n/a (ground truth),#Judgement#: Yes,1,1
639,Is there a relationship between homocysteine and vitiligo?,"Elevated homocysteine levels are associated with increased oxidative stress, which can lead to the depletion of essential antioxidants necessary for melanocyte survival. This depletion may contribute to the development of vitiligo.",1,hard,Misinterpretation of #Question#,#Judgement#: Yes,1,1
640,Do dermatomyositis and polymyositis affect similar thigh muscles?,"Compared with PM, DM affects more thigh muscles, except those of the posterior compartment, which are equally involved in both disorders. These findings may be useful to target physiotherapy at the more frequently affected muscles.",0,medium,n/a (ground truth),#Judgement#: Yes,1,1
638,Can T-cell deficiency affect spatial learning ability following toluene exposure?,These results indicate that T-cell deficiency may affect spatial learning performance following toluene exposure.,0,easy,n/a (ground truth),#Judgement#: Yes,1,1
641,Juvenile ankylosing spondylitis--is it the same disease as adult ankylosing spondylitis?,"In this group of subjects, juvenile AS had onset more often with oligoarthritis and enthesitis than with spinal disease. Hip and knee joint involvement was more common in JAS than AAS.",0,medium,n/a (ground truth),#Judgement#: No,0,0
640,Do dermatomyositis and polymyositis affect similar thigh muscles?,"Dermatomyositis and polymyositis affect predominantly the quadriceps muscles in the anterior thigh, with minimal involvement of posterior thigh muscles in both conditions.",1,medium,Misinterpretation of #Question#,#Judgement#: Yes,1,1
641,Juvenile ankylosing spondylitis--is it the same disease as adult ankylosing spondylitis?,Juvenile AS predominantly presents with chronic iridocyclitis and significantly more frequent gastrointestinal symptoms compared to AAS.,1,medium,Misinterpretation of #Question#,#Judgement#: Yes,1,1
643,Can static foot posture measurements predict regional plantar surface area?,Static foot posture measurements cannot accurately predict regional plantar surface area due to high variability in individual foot mechanics.,1,easy,Incomplete Information,#Judgement#: No,0,0
642,Is Aspiration Thrombectomy Beneficial in Patients Undergoing Primary Percutaneous Coronary Intervention?,Aspiration thrombectomy before primary PCI is not associated with any benefit on clinical end points and might increase the risk of stroke. Concomitant administration of intravenous glycoprotein IIb/IIIa inhibitors and ischemic time did not seem to influence any potential benefits observed with aspiration thrombectomy.,0,medium,n/a (ground truth),#Judgement#: Yes,1,1
643,Can static foot posture measurements predict regional plantar surface area?,"The results indicate that clinicians can use a combination of simple, reliable and time efficient foot measures to explain 79% and 85% of the plantar surface area in the forefoot and midfoot, respectively.",0,easy,n/a (ground truth),#Judgement#: No,0,0
642,Is Aspiration Thrombectomy Beneficial in Patients Undergoing Primary Percutaneous Coronary Intervention?,Aspiration thrombectomy significantly improves outcomes in patients undergoing primary PCI by reducing mortality and reinfarction rates.,1,medium,Misinterpretation of #Question#,#Judgement#: Yes,1,1
644,Can dentists recognize manipulated digital radiographs?,Dentists are highly skilled at recognizing digitally manipulated radiographs through specialized software training and continuous professional development programs.,1,hard,Misinterpretation of #Question#,#Judgement#: Yes,1,1
644,Can dentists recognize manipulated digital radiographs?,Image manipulations which alter the diagnostic content of a radiograph are unlikely to be detected by dentists. Digital radiography requires additional measures for data protection.,0,hard,n/a (ground truth),#Judgement#: Yes,1,1
645,Is delayed gastric emptying following pancreaticoduodenectomy related to pylorus preservation?,"Delayed gastric emptying (DGE) after pylorus-preserving pancreaticoduodenectomy (PPPD) is significantly influenced by the anatomical position of the reconstructed duodenojejunostomy site, particularly if it is located antecolically.",1,hard,Misinterpretation of #Question#,#Judgement#: Yes,1,1
645,Is delayed gastric emptying following pancreaticoduodenectomy related to pylorus preservation?,"DGE after PPPD seems to be of minor clinical importance following uncomplicated surgery. When taking the results into consideration, it can be said that, despite the lack of a control group, antecolic duodenojejunostomy might be the key to a low incidence of DGE after PPPD. In our experience, DGE is linked to the occurrence of other postoperative complications rather than to pylorus preservation.",0,hard,n/a (ground truth),#Judgement#: Yes,1,1
646,Is Overexpression of Ki-67 a Prognostic Biomarker of Upper Tract Urinary Carcinoma?,Overexpression of Ki-67 is not a reliable biomarker for predicting prognosis in patients with upper tract urinary carcinoma.,1,easy,Incomplete Information,#Judgement#: Yes,1,1
646,Is Overexpression of Ki-67 a Prognostic Biomarker of Upper Tract Urinary Carcinoma?,"In conclusion, high Ki-67 expression was associated with poor survival in patients with UTUC, as well as a high risk of disease progression, although these findings need to be interpreted with caution. Large-scale, adequately designed, prospective trials are needed to further confirm the value of Ki-67 in prognosis of UTUC patients.",0,easy,n/a (ground truth),#Judgement#: No,0,0
647,Does a delay in transfer to a rehabilitation unit for older people affect outcome after fracture of the proximal femur?,Delay in transfer to a rehabilitation ward was associated with a disproportionate increase in total hospital length of stay for patients aged over 75 with fracture of the proximal femur.,0,hard,n/a (ground truth),#Judgement#: No,0,0
647,Does a delay in transfer to a rehabilitation unit for older people affect outcome after fracture of the proximal femur?,Delay in transfer to a rehabilitation ward was associated with an increased risk of mortality for patients aged over 75 with fracture of the proximal femur.,1,hard,Incomplete Information,#Judgement#: No,0,0
648,Does the treatment of amblyopia normalise subfoveal choroidal thickness in amblyopic children?,"Although a six-month treatment of amblyopia increased the visual acuity of the anisometropic hyperopic amblyopic eyes, it could not significantly change choroidal thickness. Our results were in accordance with the conventional explanation, which suggests visual cortex and lateral geniculate nucleus abnormalities in the pathophysiology of amblyopia.",0,medium,n/a (ground truth),#Judgement#: No,0,0
648,Does the treatment of amblyopia normalise subfoveal choroidal thickness in amblyopic children?,"Treatment of amblyopia decreases subfoveal choroidal thickness in amblyopic children, aligning with the hypothesis that choroidal thinning contributes to the improvement of visual acuity.",1,medium,Misinterpretation of #Question#,#Judgement#: Yes,1,1
649,A comparison of 500 prefilled textured saline breast implants versus 500 standard textured saline breast implants: is there a difference in deflation rates?,"There was a statistically significant difference between the overall deflation rates of Poly Implant Prosthesis prefilled textured saline breast implants and Mentor Siltex breast implants at year 2, year 3, and year 4. After 4 years, the 15.56 percent cumulative deflation rate of Poly Implant Prosthesis implants was over 3.5 times higher than the 4.31 percent deflation rate of the Mentor Siltex implants. There may be several factors contributing to the higher deflation rate seen in Poly Implant Prosthesis implants, including possible in vitro deflation before implantation and silicone shell curing technique. Nevertheless, this statistically significant deflation difference must be taken into account when balancing the risks and benefits of Poly Implant Prosthesis breast implants.",0,easy,n/a (ground truth),#Judgement#: Yes,1,1
649,A comparison of 500 prefilled textured saline breast implants versus 500 standard textured saline breast implants: is there a difference in deflation rates?,"There was no significant difference in deflation rates between Poly Implant Prosthesis prefilled textured saline breast implants and Mentor Siltex breast implants over the 4-year observation period. Both types of implants had similar deflation rates, with minor variations that did not reach statistical significance.",1,easy,Misinterpretation of #Question#,#Judgement#: No,0,0
650,Do foreign bodies migrate through the body towards the heart?,"The study allows us to determine that FB can move through the body but not towards the heart. The study also serves as a warning sign: in cases of prolonged histories of FB ingestion, imaging studies are mandatory before endoscopic examination.",0,hard,n/a (ground truth),#Judgement#: No,0,0
650,Do foreign bodies migrate through the body towards the heart?,"Foreign bodies often migrate directly towards the heart, posing significant risk if they reach major blood vessels.",1,hard,Misinterpretation of #Question#,#Judgement#: Yes,1,1
651,Is there a relationship between serum paraoxonase level and epicardial fat tissue thickness?,"Serum PON 1 level is not correlated with the epicardial fat tissue thickness. But PON 1 level is lower in patients with epicardial fat tissue thickness 7 mm and over. Therefore, increased atherosclerosis progression can be found among patients with 7 mm and higher epicardial fat tissue thickness.",0,hard,n/a (ground truth),#Judgement#: Yes,1,1
651,Is there a relationship between serum paraoxonase level and epicardial fat tissue thickness?,"Serum paraoxonase levels are inversely proportional to the thickness of epicardial fat tissue, suggesting that higher levels of paraoxonase protect against increased fat accumulation around the heart.",1,hard,Misinterpretation of #Question#,#Judgement#: Yes,1,1
652,Chemoradiation instead of surgery to treat mid and low rectal tumors: is it safe?,Exclusive CRT approach is not safe to treat patients with low infiltrative rectal carcinoma.,0,hard,n/a (ground truth),#Judgement#: Yes,1,1
652,Chemoradiation instead of surgery to treat mid and low rectal tumors: is it safe?,Exclusive CRT can safely manage selected low rectal tumor patients without surgery.,1,hard,Misinterpretation of #Question#,#Judgement#: No,0,0
653,Is calibration the cause of variation in liquid chromatography tandem mass spectrometry testosterone measurement?,The variation in results obtained could not be attributed to variations in calibrators. The differences in methodologies between laboratories must be the reason for this variation.,0,hard,n/a (ground truth),#Judgement#: Yes,1,1
654,Are complex coronary lesions more frequent in patients with diabetes mellitus?,Complex coronary lesions are more prevalent in patients with diabetes mellitus due to the accelerated calcification process in diabetic vasculature.,1,easy,Mechanism and Pathway Misattribution,#Judgement#: No,0,0
654,Are complex coronary lesions more frequent in patients with diabetes mellitus?,Complex coronary lesions such as bifurcation and ostial lesions were significantly more common in diabetic patients than in nondiabetic patients. Greater age and the presence of DM were independent predictors for these complex lesions. These results may help to explain the poor prognosis of coronary artery disease among diabetic patients.,0,easy,n/a (ground truth),#Judgement#: No,0,0
653,Is calibration the cause of variation in liquid chromatography tandem mass spectrometry testosterone measurement?,Calibration differences significantly contribute to the variation observed in testosterone measurements using LC-MS/MS.,1,hard,Misinterpretation of #Question#,#Judgement#: No,0,0
655,Are variations in the use of carotid endarterectomy explained by population Need?,"use of CEA varies widely, depending on area of residence. Variation is not a consequence of differences in need, but reflects clinical practice and supply of services. There is evidence to suggest unmet need for CEA.",0,hard,n/a (ground truth),#Judgement#: Yes,1,1
655,Are variations in the use of carotid endarterectomy explained by population Need?,The use of carotid endarterectomy (CEA) varies significantly due to differences in healthcare needs across different populations.,1,hard,Misinterpretation of #Question#,#Judgement#: No,0,0
656,Are there effects of intrauterine cocaine exposure on delinquency during early adolescence?,"In this cohort, prospectively ascertained prenatal exposure to cigarettes and childhood exposure to violence are associated with self-reported delinquent behaviors during early adolescence. Contrary to initial popular predictions, intrauterine cocaine is not a strong predictor of adolescent delinquent behaviors in this cohort.",0,easy,n/a (ground truth),#Judgement#: No,0,0
656,Are there effects of intrauterine cocaine exposure on delinquency during early adolescence?,"Intrauterine cocaine exposure is significantly associated with increased delinquent behaviors during early adolescence, independent of other prenatal substance exposures and psychosocial factors.",1,easy,Incomplete Information,#Judgement#: Yes,1,1
657,Is expert breast pathology assessment necessary for the management of ductal carcinoma in situ ?,Expert breast pathology assessments continue to be necessary in the management of DCIS.,0,easy,n/a (ground truth),#Judgement#: No,0,0
657,Is expert breast pathology assessment necessary for the management of ductal carcinoma in situ ?,Automated diagnostic tools have largely replaced the need for expert breast pathology assessments in the management of ductal carcinoma in situ (DCIS).,1,easy,Misinterpretation of #Question#,#Judgement#: Yes,1,1
658,Thoracic and thoracoabdominal aneurysm repair: is reimplantation of spinal cord arteries a waste of time?,"With monitoring of MEP and SSEP, sacrifice--without reimplantation--of as many as 15 intercostal and lumbar arteries during TAA/A repair is safe, resulting in acceptably low rates of immediate and delayed paraplegia. This experience suggests that routine surgical implantation of segmental vessels is not indicated, and that, with evolving understanding of spinal cord perfusion, endovascular repair of the entire thoracic aorta should ultimately be possible without spinal cord injury.",0,medium,n/a (ground truth),#Judgement#: Yes,1,1
658,Thoracic and thoracoabdominal aneurysm repair: is reimplantation of spinal cord arteries a waste of time?,"Reimplantation of spinal cord arteries significantly reduces the risk of postoperative paraplegia, even with advanced intraoperative monitoring systems.",1,medium,Misinterpretation of #Question#,#Judgement#: No,0,0
659,Is year of radical prostatectomy a predictor of outcome in prostate cancer?,"When controlling for preoperative features, the year in which RP was performed is a predictor of outcome on multivariate analysis. This effect could not be explained by stage migration.",0,medium,n/a (ground truth),#Judgement#: No,0,0
659,Is year of radical prostatectomy a predictor of outcome in prostate cancer?,"The year of radical prostatectomy is not a significant predictor of outcome once postoperative features are controlled for, but it remains a predictor when preoperative factors are considered.",1,medium,Incomplete Information,#Judgement#: Yes,1,1
660,Does health information exchange reduce redundant imaging?,HIE was associated with reduced repeat imaging in EDs. This study is among the first to find empirical support for this anticipated benefit of HIE.,0,easy,n/a (ground truth),#Judgement#: No,0,0
660,Does health information exchange reduce redundant imaging?,HIE was associated with increased repeat imaging in EDs due to system interoperability issues.,1,easy,Misinterpretation of #Question#,#Judgement#: Yes,1,1
661,Is decompressive surgery effective for spinal cord sarcoidosis accompanied with compressive cervical myelopathy?,The effect of decompression for spinal cord sarcoidosis with compressive myelopathy was not evident. Early diagnosis for sarcoidosis from other organ and steroid therapy should be needed.,0,hard,n/a (ground truth),#Judgement#: Yes,1,1
661,Is decompressive surgery effective for spinal cord sarcoidosis accompanied with compressive cervical myelopathy?,Decompressive surgery significantly alleviates symptoms in spinal cord sarcoidosis patients with compressive myelopathy.,1,hard,Incomplete Information,#Judgement#: Yes,1,1
662,Endovenous laser ablation in the treatment of small saphenous varicose veins: does site of access influence early outcomes?,The site of access significantly influences the incidence of neural injuries post-EVLA.,1,medium,Misinterpretation of #Question#,#Judgement#: Yes,1,1
662,Endovenous laser ablation in the treatment of small saphenous varicose veins: does site of access influence early outcomes?,The site of access in our study does not appear to influence complications specifically neural injury or recurrence rates.,0,medium,n/a (ground truth),#Judgement#: No,0,0
663,Is a pressor necessary during aortic perfusion and oxygenation therapy of cardiac arrest?,The addition of epinephrine to ACLS-SAPO increases vital organ perfusion pressures and improves outcome from cardiac arrest. There appears to be a profound loss of arterial vasomotor tone after prolonged arrest. This loss of vasomotor tone may make exogenous pressors necessary for resuscitation after prolonged cardiac arrest.,0,easy,n/a (ground truth),#Judgement#: No,0,0
663,Is a pressor necessary during aortic perfusion and oxygenation therapy of cardiac arrest?,Exogenous pressors are unnecessary during aortic perfusion and oxygenation therapy due to the direct increase in coronary perfusion pressure.,1,easy,Misinterpretation of #Question#,#Judgement#: Yes,1,1
664,Do people who were passive smokers during childhood have increased risk of long-term work disability?,The study supports the hypothesis that nurses' aides who were exposed to ETS at home during childhood have an increased risk of long-term sickness absence.,0,hard,n/a (ground truth),#Judgement#: No,0,0
664,Do people who were passive smokers during childhood have increased risk of long-term work disability?,Passive smokers during childhood have a significantly higher risk of developing chronic respiratory conditions that increase the likelihood of long-term work disability.,1,hard,Misinterpretation of #Question#,#Judgement#: No,0,0
665,Is the covering of the resection margin after distal pancreatectomy advantageous?,Covering the resection margin after distal pancreatectomy significantly reduces the risk of postoperative bleeding.,1,medium,Misinterpretation of #Question#,#Judgement#: Yes,1,1
665,Is the covering of the resection margin after distal pancreatectomy advantageous?,"The results show no significant difference in the fistula rate after covering of the resection margin after distal pancreatectomy, which contributes to the picture of an unsolved problem.",0,medium,n/a (ground truth),#Judgement#: No,0,0
666,Does treatment duration affect outcome after radiotherapy for prostate cancer?,"A proportionally longer treatment duration was identified as an adverse factor in low-risk patients. Treatment breaks resulting in a NTDR of>/=33% (e.g., four or more breaks during a 40-fraction treatment, 5 d/wk) should be avoided.",0,hard,n/a (ground truth),#Judgement#: Yes,1,1
666,Does treatment duration affect outcome after radiotherapy for prostate cancer?,"A shorter treatment duration is associated with a higher risk of biochemical failure across all risk categories, regardless of other prognostic factors.",1,hard,Misinterpretation of #Question#,#Judgement#: Yes,1,1
667,Is the urinary biomarkers assessment a non-invasive approach to tubular lesions of the solitary kidney?,"Urinary biomarker assessments represent a non-invasive method for detecting early-stage tubular lesions in the solitary kidney. These biomarkers, including N-acetyl-beta-D-glucosaminidase (NAG) and alpha-1-microglobulin (α1M), serve as reliable indicators of tubular injury, providing a practical alternative to more invasive diagnostic procedures.",1,hard,Misinterpretation of #Question#,#Judgement#: No,0,0
667,Is the urinary biomarkers assessment a non-invasive approach to tubular lesions of the solitary kidney?,"Urinary biomarkers allow a non-invasive, sensitive, early assessment of the tubular lesions of the SK. Urinary biomarkers of PT injury parallel renal function decline, thus complementing the estimation of GFR. Monitoring of PT dysfunction is mandatory in patients with SK.",0,hard,n/a (ground truth),#Judgement#: No,0,0
668,Is there a role for fondaparinux in perioperative bridging?,"The role of fondaparinux in perioperative bridge therapy has not been established, and there are some important limitations to its use as a routine bridging agent.",0,easy,n/a (ground truth),#Judgement#: No,0,0
668,Is there a role for fondaparinux in perioperative bridging?,Fondaparinux can be effectively used as a bridging agent during perioperative periods due to its predictable pharmacokinetics.,1,easy,Misinterpretation of #Question#,#Judgement#: Yes,1,1
669,Motor performance in chronic low back pain: is there an influence of pain-related cognitions?,It can be concluded that CLBP patients in general have worse motor task performance compared to healthy subjects and that provoking pain-related cognitions further worsened performance.,0,easy,n/a (ground truth),#Judgement#: No,0,0
669,Motor performance in chronic low back pain: is there an influence of pain-related cognitions?,"Chronic low back pain (CLBP) patients perform equally as well as healthy subjects in motor tasks, but pain-related cognitions significantly improve their performance.",1,easy,Misinterpretation of #Question#,#Judgement#: Yes,1,1
670,Patient comprehension of emergency department care and instructions: are patients aware of when they do not understand?,"Many patients do not understand their ED care or their discharge instructions. Moreover, most patients appear to be unaware of their lack of understanding and report inappropriate confidence in their comprehension and recall.",0,medium,n/a (ground truth),#Judgement#: No,0,0
670,Patient comprehension of emergency department care and instructions: are patients aware of when they do not understand?,"Many patients do not accurately comprehend their emergency department (ED) care and discharge instructions due to the complexity of medical terminologies and cognitive overload. A significant study published in the *Journal of Emergency Care and Treatment* found that 80% of patients demonstrated deficient comprehension in at least one domain, and many are unaware of their lack of understanding (Jones et al., 2021).",1,medium,Misinterpretation of #Question#,#Judgement#: Yes,1,1
671,Can mandibular depiction be improved by changing the thickness of double-oblique computed tomography images?,We concluded that depiction of the superior wall of the mandibular canal cannot be improved by changing the thickness of images.,0,hard,n/a (ground truth),#Judgement#: No,0,0
671,Can mandibular depiction be improved by changing the thickness of double-oblique computed tomography images?,Changing the image thickness to 0.9 mm significantly improves the depiction of the mandibular canal's superior wall compared to other thicknesses.,1,hard,Misinterpretation of #Question#,#Judgement#: Yes,1,1
672,Adjuvant radiation of stage III thymoma: is it necessary?,Most patients who have stage III thymoma undergo complete resection. Some patients enjoy prolonged disease-free survival without adjuvant radiation after resection of stage III thymoma. Radiation does not seem to prevent pleural recurrences when given after resection of stage III thymomas. The use of routine adjuvant radiation after a complete resection of stage III thymoma needs to be re-addressed. There may be a role for the use of chemotherapy to reduce pleural recurrences.,0,medium,n/a (ground truth),#Judgement#: Yes,1,1
672,Adjuvant radiation of stage III thymoma: is it necessary?,"Adjuvant radiation therapy significantly improves the disease-specific survival rates in patients with stage III thymoma, particularly when administered within three months post-resection.",1,medium,Misinterpretation of #Question#,#Judgement#: Yes,1,1
673,Inhibin: a new circulating marker of hydatidiform mole?,In this small study serum inhibin concentrations higher than those found in the early follicular phase one to two weeks after evacuation of a hydatidiform mole seemed to be specific for persistent trophoblastic disease. Further data are needed to confirm these promising results.,0,hard,n/a (ground truth),#Judgement#: No,0,0
673,Inhibin: a new circulating marker of hydatidiform mole?,"Serum inhibin concentrations appear to be a reliable predictor of hydatidiform mole severity, with significant increases noted in patients compared to normal pregnancies, correlating strongly with disease progression and the risk of persistent trophoblastic disease (Smith et al., 2019; Johnson et al., 2020).",1,hard,Misinterpretation of #Question#,#Judgement#: Yes,1,1
674,Is the fibronectin-aggrecan complex present in cervical disk disease?,"Biochemical analysis of injured cervical intervertebral disks reveals the presence of inflammatory markers such as MCP, fragments of structural matrix proteins such as FAC, and a correlation with pH. Further evaluation of the FAC as a potential diagnostic biomarker or therapeutic target is warranted in the cervical spine.",0,hard,n/a (ground truth),#Judgement#: Yes,1,1
674,Is the fibronectin-aggrecan complex present in cervical disk disease?,The fibronectin-aggrecan complex (FAC) is not detected in cervical disk disease samples due to rapid enzymatic degradation by MMP-13.,1,hard,Mechanism and Pathway Misattribution,#Judgement#: Yes,1,1
675,Does peritoneal dialysis affect halitosis in patients with end-stage renal disease?,High BUN levels and low salivary flow rates were found to be associated with halitosis. PD may play an important role in decreasing the level of halitosis in ESRD patients.,0,medium,n/a (ground truth),#Judgement#: Yes,1,1
675,Does peritoneal dialysis affect halitosis in patients with end-stage renal disease?,Peritoneal dialysis significantly increases halitosis due to the accumulation of volatile sulfur compounds in saliva.,1,medium,Misinterpretation of #Question#,#Judgement#: Yes,1,1
676,Can elevated troponin I levels predict complicated clinical course and inhospital mortality in patients with acute pulmonary embolism?,Our results indicate that elevated cTnI levels are associated with higher risk for inhospital mortality and complicated clinical course. Troponin I may play an important role for the risk assessment of patients with PE. The idea that an elevation in cTnI levels is a valuable parameter for the risk stratification of patients with PE needs to be examined in larger prospective studies.,0,medium,n/a (ground truth),#Judgement#: No,0,0
676,Can elevated troponin I levels predict complicated clinical course and inhospital mortality in patients with acute pulmonary embolism?,Elevated troponin I levels are more predictive of increased inhospital mortality and complicated clinical courses in patients with acute pulmonary embolism if accompanied by elevated D-dimer levels.,1,medium,Incomplete Information,#Judgement#: No,0,0
677,Is transurethral catheterisation the ideal method of bladder drainage?,Transurethral catheterisation remains the preferred method for bladder drainage due to its lower risk of infection compared to other invasive procedures.,1,easy,Misinterpretation of #Question#,#Judgement#: Yes,1,1
677,Is transurethral catheterisation the ideal method of bladder drainage?,"Our study emphasised the discomfort of transurethral urinary catheters, especially in male patients, and the high incidence of urinary tract infections in both sexes. Consideration should be given to the utilisation of alternative methods of bladder drainage, such as suprapubic catheterisation, which can be performed with ease during laparotomy.",0,easy,n/a (ground truth),#Judgement#: No,0,0
678,The colour of pain: can patients use colour to describe osteoarthritis pain?,"For some patients, using colour to describe their pain experience may be a useful tool to improve doctor-patient communication.",0,medium,n/a (ground truth),#Judgement#: No,0,0
678,The colour of pain: can patients use colour to describe osteoarthritis pain?,"Using colour to describe osteoarthritis pain can be a valuable tool for many patients, enhancing communication with healthcare providers. However, studies indicate that certain colours are more universally recognized, such as red for severe pain and blue for mild pain. This method helps in standardizing the communication, making it easier for healthcare professionals to understand the patient’s pain levels accurately.",1,medium,Misinterpretation of #Question#,#Judgement#: No,0,0
679,Inpatient Pediatric Tonsillectomy: Does Hospital Type Affect Cost and Outcomes of Care?,"Significant differences in costs, outcomes, and patient factors exist for inpatient tonsillectomy based on hospital type. Although reasons for these differences are not discernable using isolated claims data, findings provide a foundation to further evaluate patient, institutional, and system-level factors that may reduce cost of care and improve value for inpatient tonsillectomy.",0,hard,n/a (ground truth),#Judgement#: No,0,0
679,Inpatient Pediatric Tonsillectomy: Does Hospital Type Affect Cost and Outcomes of Care?,Children’s teaching hospitals (CTHs) exhibit significantly lower rates of postoperative complications and shorter lengths of stay compared to non-teaching hospitals (NTHs) and non-children’s teaching hospitals (NCTHs).,1,hard,Misinterpretation of #Question#,#Judgement#: No,0,0
680,Does anterior laxity of the uninjured knee influence clinical outcomes of ACL reconstruction?,Greater anterior laxity of the uninjured knee was associated with poorer stability and functional outcomes after ACL reconstruction. Excessive anterior laxity of the uninjured knee thus appears to represent a risk factor for inferior outcomes.,0,easy,n/a (ground truth),#Judgement#: Yes,1,1
680,Does anterior laxity of the uninjured knee influence clinical outcomes of ACL reconstruction?,"The anterior laxity of the uninjured knee does not significantly influence the clinical outcomes of ACL reconstruction. However, it does correlate with higher rates of meniscal tears post-surgery.",1,easy,Misinterpretation of #Question#,#Judgement#: Yes,1,1
681,Is the type of remission after a major depressive episode an important risk factor to relapses in a 4-year follow up?,"The type of remission after a major depressive episode significantly influences the likelihood of relapse within a 4-year follow-up period. Specifically, partial remission is linked to higher relapse rates compared to complete remission, suggesting that residual symptoms play a critical role.",1,hard,Incomplete Information,#Judgement#: No,0,0
681,Is the type of remission after a major depressive episode an important risk factor to relapses in a 4-year follow up?,"At medium term, relapse rates for a major depressive episode are high. Partial remission after a depressive episode seems to be an important predictive factor for relapses in a 4-year follow-up.",0,hard,n/a (ground truth),#Judgement#: No,0,0
682,Prostate-specific antigen and free prostate-specific antigen in the early detection of prostate cancer: do combination tests improve detection?,"Tests combining total and percent free PSA show modest overall improvements over total PSA. However, utilization of percent free PSA below a PSA threshold of 4 ng/mL could translate into a practically important reduction in unnecessary biopsies without sacrificing cancers detected.",0,medium,n/a (ground truth),#Judgement#: No,0,0
682,Prostate-specific antigen and free prostate-specific antigen in the early detection of prostate cancer: do combination tests improve detection?,"Tests combining total and percent free prostate-specific antigen (PSA) have shown modest improvements in the detection of prostate cancer compared to total PSA alone. A landmark study by Smith et al. (2020) demonstrated that the average area under the receiver operating characteristic curve (AUC) for combination tests was 0.76, slightly higher than the 0.74 for total PSA. This indicates that utilizing both total and free PSA can enhance diagnostic accuracy, with a corresponding increase in sensitivity and specificity, thereby reducing false positives and minimizing unnecessary biopsies.",1,medium,Misinterpretation of #Question#,#Judgement#: Yes,1,1
683,Can homemade alcohol (Raksi) be useful for preserving dead bodies?,"It is concluded from the study that this knowledge if applied to dead human subjects, may preserve dead bodies temporarily allowing delayed funeral.",0,medium,n/a (ground truth),#Judgement#: Yes,1,1
683,Can homemade alcohol (Raksi) be useful for preserving dead bodies?,"Homemade alcohol (Raksi) can serve as a primary preservative for dead bodies, effectively delaying decomposition for up to one week.",1,medium,Misinterpretation of #Question#,#Judgement#: Yes,1,1
684,Do elderly cancer patients have different care needs compared with younger ones?,"Elderly patients have informational and relational needs similar to those of younger patients. In fact, most of the whole sample flagged up the need for higher levels of satisfaction especially concerning a better dialogue with health staff, along with a new factor: the need to talk to people with the same illness.",0,hard,n/a (ground truth),#Judgement#: No,0,0
684,Do elderly cancer patients have different care needs compared with younger ones?,Elderly cancer patients require more frequent hospital visits and have a higher need for dietary supplements compared to younger patients.,1,hard,Incomplete Information,#Judgement#: Yes,1,1
685,Is breast cancer survival improving?,"For these cohorts of patients, the authors present data suggesting that the prognosis for patients with recurrent breast cancer improved between 1974 and 2000.",0,medium,n/a (ground truth),#Judgement#: No,0,0
685,Is breast cancer survival improving?,"The prognosis for patients with recurrent breast cancer has significantly improved, with recent studies indicating a 30% increase in five-year survival rates over the past decade. This improvement is largely attributed to advancements in treatment protocols and genetic testing.",1,medium,Misinterpretation of #Question#,#Judgement#: Yes,1,1
686,Can common carotid intima media thickness serve as an indicator of both cardiovascular phenotype and risk among black Africans?,"Our findings support CIMT as a significant indicator of both cardiovascular risk and phenotype among adult black Africans. However, specific thresholds need to be defined based on prospective studies.",0,easy,n/a (ground truth),#Judgement#: No,0,0
687,Delayed diagnosis of anorectal malformations: are current guidelines sufficient?,"Delayed diagnosis of an ARM appears to be common, occurring in approximately 32% of patients referred to our institution over the last 2.5 years. Current guidelines appear insufficient to ensure prompt diagnosis of ARM.",0,hard,n/a (ground truth),#Judgement#: No,0,0
686,Can common carotid intima media thickness serve as an indicator of both cardiovascular phenotype and risk among black Africans?,CIMT can only serve as a reliable indicator of cardiovascular risk among black Africans but not of cardiovascular phenotype.,1,easy,Misinterpretation of #Question#,#Judgement#: Yes,1,1
687,Delayed diagnosis of anorectal malformations: are current guidelines sufficient?,"Current guidelines have significantly improved the timeliness of ARM diagnosis, with only about 15% of cases experiencing delays over the past 2.5 years.",1,hard,Incomplete Information,#Judgement#: Yes,1,1
688,Is being small for gestational age a risk factor for retinopathy of prematurity?,"This study has shown that being SGA was not a significant risk factor for any stage ROP or for severe ROP in this cohort and, also, that the risk factors for ROP were similar among SGA and AGA very-low-birth-weight preterm babies.",0,medium,n/a (ground truth),#Judgement#: No,0,0
689,Comparative safety of infliximab and etanercept on the risk of serious infections: does the association vary by patient characteristics?,"An increased risk of serious infections associated with infliximab relative to etanercept did not appear to be modified by patients' sex, race/ethnicity, body mass index, or smoking status. There was an indication that the increased risk might be limited to patients<65 years. Additional studies are warranted to verify or refute this finding.",0,easy,n/a (ground truth),#Judgement#: No,0,0
688,Is being small for gestational age a risk factor for retinopathy of prematurity?,Being small for gestational age significantly increases the risk of developing severe retinopathy of prematurity in preterm infants.,1,medium,Misinterpretation of #Question#,#Judgement#: No,0,0
689,Comparative safety of infliximab and etanercept on the risk of serious infections: does the association vary by patient characteristics?,"An increased risk of serious infections associated with infliximab relative to etanercept was observed to be significantly higher in female patients and those with a higher body mass index. This risk modification was not noted for race/ethnicity, smoking status, or age over 65.",1,easy,Misinterpretation of #Question#,#Judgement#: Yes,1,1
690,Fast foods - are they a risk factor for asthma?,"Frequent consumption of hamburgers showed a dose-dependent association with asthma symptoms, and frequent takeaway consumption showed a similar association with BHR.",0,medium,n/a (ground truth),#Judgement#: No,0,0
691,Can magnetic resonance-ultrasound fusion biopsy improve cancer detection in enlarged prostates?,"Transrectal ultrasound guided and fusion biopsy cancer detection rates decreased with increasing prostate volume. However, magnetic resonance-ultrasound fusion biopsy had a higher prostate cancer detection rate compared to that of transrectal ultrasound guided biopsy in the literature. Magnetic resonance-ultrasound fusion biopsy represents a promising solution for patients with suspicion of prostate cancer and an enlarged prostate.",0,easy,n/a (ground truth),#Judgement#: No,0,0
690,Fast foods - are they a risk factor for asthma?,"Frequent consumption of soft drinks, rather than hamburgers, showed a dose-dependent association with asthma symptoms.",1,medium,Misinterpretation of #Question#,#Judgement#: No,0,0
691,Can magnetic resonance-ultrasound fusion biopsy improve cancer detection in enlarged prostates?,"Magnetic resonance-ultrasound fusion biopsy has shown a consistent detection rate regardless of prostate size, but it significantly reduces the risk of unnecessary biopsies due to its high specificity.",1,easy,Misinterpretation of #Question#,#Judgement#: Yes,1,1
692,Does normothermic normokalemic simultaneous antegrade/retrograde perfusion improve myocardial oxygenation and energy metabolism for hypertrophied hearts?,"Normothermic normokalemic simultaneous antegrade/retrograde perfusion did not improve, but slightly impaired myocardial oxygenation and energy metabolism of beating hypertrophied hearts relative to NNAP. Therefore, NNSP for protection of beating hypertrophied hearts during valve surgery should be used with extra caution.",0,medium,n/a (ground truth),#Judgement#: Yes,1,1
692,Does normothermic normokalemic simultaneous antegrade/retrograde perfusion improve myocardial oxygenation and energy metabolism for hypertrophied hearts?,Normothermic normokalemic simultaneous antegrade/retrograde perfusion significantly improves myocardial oxygenation and energy metabolism in hypertrophied hearts compared to NNAP.,1,medium,Misinterpretation of #Question#,#Judgement#: Yes,1,1
693,Are there progressive brain changes in schizophrenia?,"These findings suggest that schizophrenia is associated with progressive structural brain abnormalities, affecting both gray and white matter. We found no evidence to suggest progressive medial temporal lobe involvement but did find evidence that this may be partly explained by heterogeneity between studies in patient age and illness duration. The causes and clinical correlates of these progressive brain changes should now be the focus of investigation.",0,hard,n/a (ground truth),#Judgement#: No,0,0
693,Are there progressive brain changes in schizophrenia?,"Schizophrenia is characterized by progressive reduction in brain volume, particularly in the frontal and temporal lobes, which correlates with symptom severity and cognitive decline. These changes are thought to be driven by neurodegenerative processes and may be exacerbated by environmental factors such as stress.",1,hard,Misinterpretation of #Question#,#Judgement#: No,0,0
694,Does concept mapping enhance learning outcome of nursing students?,"In conclusion, concept mapping has a positive effect on students' academic achievement. These findings could provide valuable evidence for establishing concept mapping as a continuous teaching strategy for nursing students.",0,easy,n/a (ground truth),#Judgement#: No,0,0
694,Does concept mapping enhance learning outcome of nursing students?,Concept mapping significantly enhances the memory retention but negatively impacts practical application skills in nursing students.,1,easy,Misinterpretation of #Question#,#Judgement#: Yes,1,1
695,Is the Androgen Deficiency of Aging Men (ADAM) questionnaire useful for the screening of partial androgenic deficiency of aging men?,"The ADAM questionnaire has been shown to be highly effective in diagnosing PADAM, with a sensitivity of 92% and specificity of 85%, according to a 2019 study in the Journal of Men's Health.",1,medium,Misinterpretation of #Question#,#Judgement#: Yes,1,1
695,Is the Androgen Deficiency of Aging Men (ADAM) questionnaire useful for the screening of partial androgenic deficiency of aging men?,"In this series, in accordance to available testosterone, the prevalence of PADAM was determined to be high, in which the ADAM questionnaire rendered a low diagnostic efficiency. PADAM diagnosis could be clinically suspected when symptoms of sexual dysfunction are present.",0,medium,n/a (ground truth),#Judgement#: Yes,1,1
696,Does the Transmissible Liability Index (TLI) assessed in late childhood predict suicidal symptoms at young adulthood?,These findings confirm the hypothesis that TLI assessed at late childhood is a predictor of frequency and severity of suicidal behavior from preadolescence to young adulthood.,0,hard,n/a (ground truth),#Judgement#: Yes,1,1
696,Does the Transmissible Liability Index (TLI) assessed in late childhood predict suicidal symptoms at young adulthood?,The Transmissible Liability Index (TLI) assessed during late childhood significantly predicts the development of anxiety disorders rather than suicidal symptoms at young adulthood.,1,hard,Misinterpretation of #Question#,#Judgement#: Yes,1,1
697,Are there gender differences in the reasons why African Americans delay in seeking medical help for symptoms of an acute myocardial infarction?,"Women compared to men often delay seeking treatment for an AMI, which further increases their risks. Our findings suggest specific characteristics that can serve as a profile to those African Americans most likely to delay seeking treatment for AMI.",0,easy,n/a (ground truth),#Judgement#: No,0,0
697,Are there gender differences in the reasons why African Americans delay in seeking medical help for symptoms of an acute myocardial infarction?,"Men tend to delay seeking treatment for an AMI more frequently than women, particularly if they live alone or lack immediate social support.",1,easy,Misinterpretation of #Question#,#Judgement#: No,0,0
698,Does histologic chorioamnionitis correspond to clinical chorioamnionitis?,Histologic chorioamnionitis is a reliable indicator of infection whether or not it is clinically apparent.,0,hard,n/a (ground truth),#Judgement#: No,0,0
698,Does histologic chorioamnionitis correspond to clinical chorioamnionitis?,Histologic chorioamnionitis does not always correspond to clinical signs of infection in the mother.,1,hard,Incomplete Information,#Judgement#: No,0,0
699,"Are lifetime prevalence of impetigo, molluscum and herpes infection really increased in children having atopic dermatitis?",The lifetime prevalence of IC was indeed higher in young children with a history of AD.,0,hard,n/a (ground truth),#Judgement#: Yes,1,1
700,Does sonographic needle guidance affect the clinical outcome of intraarticular injections?,Sonographic needle guidance significantly improves the performance and outcomes of outpatient IA injections in a clinically significant manner.,0,easy,n/a (ground truth),#Judgement#: No,0,0
699,"Are lifetime prevalence of impetigo, molluscum and herpes infection really increased in children having atopic dermatitis?",The lifetime prevalence of molluscum contagiosum (MC) was significantly higher in young children with a history of atopic dermatitis (AD).,1,hard,Incomplete Information,#Judgement#: No,0,0
700,Does sonographic needle guidance affect the clinical outcome of intraarticular injections?,Sonographic needle guidance increases the risk of post-injection joint infections compared to conventional palpation-guided methods.,1,easy,Misinterpretation of #Question#,#Judgement#: Yes,1,1
701,Pancreas retransplantation:  a second chance for diabetic patients?,Pancreas retransplantation is a safe procedure with acceptable graft survival that should be proposed to diabetic patients who have lost their primary graft.,0,medium,n/a (ground truth),#Judgement#: No,0,0
702,Factors determining the survival of nasopharyngeal carcinoma with lung metastasis alone: does combined modality treatment benefit?,"Age ≤ 45 years, DFI>1 year, and the combined therapy were good prognostic factors for NPC patients with lung metastasis(es) alone. The combination of local therapy and the basic chemotherapy should be considered for these patients with DFI>1 year.",0,medium,n/a (ground truth),#Judgement#: No,0,0
701,Pancreas retransplantation:  a second chance for diabetic patients?,Pancreas retransplantation is significantly more successful when performed before the patient exhibits signs of chronic kidney failure.,1,medium,Misinterpretation of #Question#,#Judgement#: Yes,1,1
702,Factors determining the survival of nasopharyngeal carcinoma with lung metastasis alone: does combined modality treatment benefit?,"Age ≤ 45 years, a disease-free interval (DFI) > 1 year, and the use of combined modality treatment that includes immunotherapy in addition to chemotherapy and radiation therapy, have been identified as favorable prognostic factors for nasopharyngeal carcinoma (NPC) patients with lung metastasis alone. These findings suggest that a multi-modality approach significantly improves survival rates and overall prognosis.",1,medium,Misinterpretation of #Question#,#Judgement#: Yes,1,1
703,Do viral infections have a role in benign paroxysmal positional vertigo?,"BPPV is associated with positive viral serology, particularly during certain months of the year, mainly in spring and autumn. Viral infection might promote BPPV attacks due to the development of vestibulopathy or induce secondary BPPV via viral infection-related neurolabyrinthitis.",0,medium,n/a (ground truth),#Judgement#: Yes,1,1
703,Do viral infections have a role in benign paroxysmal positional vertigo?,"Viral infections play a significant role in the development of BPPV, with evidence suggesting that specific viral strains can induce acute onset of symptoms through direct damage to the inner ear structures.",1,medium,Misinterpretation of #Question#,#Judgement#: Yes,1,1
704,Does the enteral feeding advancement affect short-term outcomes in very low birth weight infants?,"Center differences in enteral feeding advancement occur and may have a significant impact on short-term outcomes such as nosocomial sepsis. Large, multicenter, prospective trials are required to further elucidate the optimal feeding strategy for VLBW infants.",0,medium,n/a (ground truth),#Judgement#: No,0,0
704,Does the enteral feeding advancement affect short-term outcomes in very low birth weight infants?,The rapid advancement of enteral feeding in very low birth weight infants (VLBW) has been shown to significantly decrease the incidence of late-onset sepsis.,1,medium,Incomplete Information,#Judgement#: Yes,1,1
705,Is late-night salivary cortisol a better screening test for possible cortisol excess than standard screening tests in obese patients with Type 2 diabetes?,Late-night salivary cortisol has a poor specificity for cortisol excess in obese patients with T2DM with 24 hr UFC showing significantly better specificity in our population.,0,easy,n/a (ground truth),#Judgement#: Yes,1,1
705,Is late-night salivary cortisol a better screening test for possible cortisol excess than standard screening tests in obese patients with Type 2 diabetes?,Late-night salivary cortisol provides a comparable specificity to 24-hour urinary free cortisol (UFC) for detecting cortisol excess in obese patients with Type 2 Diabetes Mellitus (T2DM).,1,easy,Incomplete Information,#Judgement#: Yes,1,1
706,Does psychological distress predict disability?,Psychological distress is an independent risk factor for disability. Its predictive significance varies between disorders leading to functional deterioration. The association mechanisms are likely to vary from one disorder to another.,0,easy,n/a (ground truth),#Judgement#: No,0,0
706,Does psychological distress predict disability?,"Psychological distress significantly increases the likelihood of developing depression and other mental health disorders, which are direct predictors of disability. This relationship is particularly pronounced in rural populations where access to mental health resources may be limited.",1,easy,Incomplete Information,#Judgement#: No,0,0
707,Does preloading with colloids prevent hemodynamic changes when neurosurgical patients are subsequently changed to the seated position?,It is concluded that preloading colloid fluid prior to repositioning could prevent the decrease of systolic blood pressure and central venous pressure during sitting positioning without other complications.,0,easy,n/a (ground truth),#Judgement#: Yes,1,1
707,Does preloading with colloids prevent hemodynamic changes when neurosurgical patients are subsequently changed to the seated position?,Preloading with crystalloids rather than colloids is more effective in preventing hemodynamic changes during the seated position in neurosurgical patients.,1,easy,Misinterpretation of #Question#,#Judgement#: Yes,1,1
708,Does continuous intravenous infusion of low-concentration epinephrine impair uterine blood flow in pregnant ewes?,"In gravid ewes, intravenous infusion of<or = 1.67 micrograms/min epinephrine altered neither maternal hemodynamics nor uterine blood flow. To the extent that sheep data can be extrapolated to humans, these results suggest that continuous intravenous infusion of epinephrine in local anesthetic solutions is safe if the epidural catheter should enter a blood vessel during the infusion.",0,easy,n/a (ground truth),#Judgement#: No,0,0
708,Does continuous intravenous infusion of low-concentration epinephrine impair uterine blood flow in pregnant ewes?,Continuous intravenous infusion of low-concentration epinephrine significantly decreases uterine blood flow in pregnant ewes.,1,easy,Misinterpretation of #Question#,#Judgement#: Yes,1,1
709,Is there a first night effect on sleep bruxism?,The first night in a sleep lab significantly increases the severity of RMMA frequency in young and healthy patients with SB.,1,medium,Misinterpretation of #Question#,#Judgement#: Yes,1,1
709,Is there a first night effect on sleep bruxism?,"The results showed no overall first night effect on severity of RMMA frequency in young and healthy patients with SB. In clinical practice, one-night sleep recording may be sufficient for moderate-high frequency SB patients. However, low RMMA frequency in the first night could be confirmed by a second night based on the patient's medical and dental history.",0,medium,n/a (ground truth),#Judgement#: No,0,0
710,Does menopausal transition affect the quality of life?,This longitudinal study found no significant effect of menopausal transition on quality of life among Taiwanese women. The decline in the role limitations due to emotional problems was related to vasomotor symptoms.,0,hard,n/a (ground truth),#Judgement#: Yes,1,1
710,Does menopausal transition affect the quality of life?,"Menopausal transition significantly impacts quality of life, particularly by worsening mental health indicators.",1,hard,Incomplete Information,#Judgement#: No,0,0
711,Can clinicians use the PHQ-9 to assess depression in people with vision loss?,The PHQ-9 is not recommended for assessing depression in individuals with vision loss due to significant floor effects observed in this population.,1,medium,Incomplete Information,#Judgement#: Yes,1,1
711,Can clinicians use the PHQ-9 to assess depression in people with vision loss?,"Our findings demonstrate that the PHQ-9, when scaled with Rasch analysis, forms a linear interval measurement of depressive symptoms suitable for use in a vision impaired population.",0,medium,n/a (ground truth),#Judgement#: Yes,1,1
712,Should all human immunodeficiency virus-infected patients with end-stage renal disease be excluded from transplantation?,"The great majority of U.S. renal transplant centers will not transplant kidneys to HIV-infected patients with end-stage renal disease, even if their infection is asymptomatic. However, advances in the management of HIV infection and a review of relevant ethical issues suggest that this approach should be reconsidered.",0,hard,n/a (ground truth),#Judgement#: No,0,0
712,Should all human immunodeficiency virus-infected patients with end-stage renal disease be excluded from transplantation?,All HIV-infected patients with end-stage renal disease should be considered for transplantation under strict viral load control protocols.,1,hard,Incomplete Information,#Judgement#: No,0,0
713,Is the 7th TNM edition suitable for biological predictor in early gastric cancer?,Upstaging in EGC based on the revised TNM staging reflects more aggressive biological behavior of cancer. The new TNM staging system may be informative in prediction of biological behavior of EGC as well as prognosis and survival.,0,medium,n/a (ground truth),#Judgement#: Yes,1,1
713,Is the 7th TNM edition suitable for biological predictor in early gastric cancer?,"The current 7th TNM edition downstages many cases of early gastric cancer, suggesting less aggressive biological behavior compared to earlier editions.",1,medium,Misinterpretation of #Question#,#Judgement#: Yes,1,1
714,Does growth hormone replacement therapy reduce mortality in adults with growth hormone deficiency?,"GHD men receiving GH treatment have a mortality rate not different from the background population. In women, after exclusion of high-risk patients, mortality was not different from the background population except for CVD. Mortality due to malignancies was not elevated in adults receiving GH treatment. Next to gender, the heterogeneous etiology is of influence on mortality in GHD adults with GH treatment.",0,medium,n/a (ground truth),#Judgement#: No,0,0
714,Does growth hormone replacement therapy reduce mortality in adults with growth hormone deficiency?,"Growth hormone replacement therapy does not significantly reduce overall mortality rates among adults with growth hormone deficiency. However, it has been shown to improve cardiovascular health metrics like reduced body fat and increased lean muscle mass, suggesting indirect benefits that might contribute to an improved quality of life but not necessarily a reduction in mortality.",1,medium,Incomplete Information,#Judgement#: No,0,0
715,Attaining negative margins in breast-conservation operations: is there a consensus among breast surgeons?,"Breast surgeons generally agree that a 2-mm negative margin is the standard for ensuring complete tumor removal during breast-conservation surgery, and this consensus is supported by recent clinical guidelines from major medical societies.",1,medium,Misinterpretation of #Question#,#Judgement#: Yes,1,1
715,Attaining negative margins in breast-conservation operations: is there a consensus among breast surgeons?,"Results of this survey highlight the wide variety of practice patterns in the US for handling surgical margins in breast-conservation treatment. This issue remains controversial, with no prevailing standard of care. Consequently, additional study is needed in the modern era of multimodality treatment to examine the minimal amount of surgical treatment necessary, in conjunction with chemotherapy and radiation, to attain adequate local control rates in breast-conservation treatment.",0,medium,n/a (ground truth),#Judgement#: No,0,0
716,Can serum be used for analyzing the EGFR mutation status in patients with advanced non-small cell lung cancer?,Serum sample might be alternatively used in the difficult time of getting tumor tissue for analyzing the status of EGFR mutation status in patients with advanced NSCLC.,0,medium,n/a (ground truth),#Judgement#: No,0,0
716,Can serum be used for analyzing the EGFR mutation status in patients with advanced non-small cell lung cancer?,Serum cannot be reliably used for analyzing EGFR mutation status in patients with advanced NSCLC due to its instability in the blood.,1,medium,Incomplete Information,#Judgement#: Yes,1,1
717,Do Web-based and clinic samples of gay men living with HIV differ on self-reported physical and psychological symptoms?,"Our data indicate that Web-based samples exhibit significantly lower psychological symptom burden compared to clinic samples, with no significant differences in physical symptom burden. Younger age and higher employment rates are observed in the Web-based group, with fewer participants on antiretroviral therapy (ART).",1,medium,Misinterpretation of #Question#,#Judgement#: Yes,1,1
717,Do Web-based and clinic samples of gay men living with HIV differ on self-reported physical and psychological symptoms?,"Our data have revealed a number of differences. Compared to the clinic sample, the Web-based sample had worse psychological symptom burden, younger average age, higher prevalence of employment, and a lower proportion on ART. For future research, we recommend that Web-based data collection should include the demographic variables that we note differed between samples. In addition, we recognize that each recruitment method may bring inherent sampling bias, with clinic populations differing by geographical location and reflecting those accessing regular medical care, and Web-based sampling recruiting those with greater Internet access and identifying survey materials through specific searches and contact with specific websites.",0,medium,n/a (ground truth),#Judgement#: No,0,0
718,Are patients with diabetes receiving the same message from dietitians and nurses?,"Although some differences existed, RD and RN CDEs are making similar overall recommendations in the treatment of individuals with diabetes.",0,medium,n/a (ground truth),#Judgement#: No,0,0
718,Are patients with diabetes receiving the same message from dietitians and nurses?,"Registered dietitians (RDs) and registered nurse certified diabetes educators (RN CDEs) provide consistent messaging regarding the use of dietary supplements, focusing on vitamins D and E due to their potential benefits for diabetic neuropathy and cardiovascular health. However, RDs tend to emphasize dietary fiber intake and the glycemic index, while RN CDEs focus more on practical application of carbohydrate counting and meal planning.",1,medium,Misinterpretation of #Question#,#Judgement#: Yes,1,1
719,Preparing patients at high risk of falls for discharge home after rehabilitation: Do we meet the guidelines?,"There was little evidence that people at high risk of falls received systematic falls risk assessment during rehabilitation. When a risk was identified, generally a strategy was implemented. However, failure to assess some risk factors might have limited fall prevention strategies offered. Failure to adequately address risks during hospitalization could contribute to falls post-discharge. Geriatr Gerontol Int 2016; 16: 570-576.",0,medium,n/a (ground truth),#Judgement#: No,0,0
719,Preparing patients at high risk of falls for discharge home after rehabilitation: Do we meet the guidelines?,"There was substantial evidence that people at high risk of falls received comprehensive falls risk assessments during rehabilitation. Identified risks were consistently addressed with personalized fall prevention strategies tailored to each individual's needs. However, some patients did not adhere to the recommended strategies post-discharge, leading to continued fall risks.",1,medium,Incomplete Information,#Judgement#: No,0,0
720,"Expression of c-kit protooncogen in hepatitis B virus-induced chronic hepatitis, cirrhosis and hepatocellular carcinoma: has it a diagnostic role?",C-kit positivity was predominantly observed in the stromal cells surrounding the hepatic nodules rather than within the hepatic cells themselves. These findings suggest that c-kit expression may indicate the presence of fibrotic changes associated with chronic hepatitis and cirrhosis.,1,hard,Incomplete Information,#Judgement#: No,0,0
720,"Expression of c-kit protooncogen in hepatitis B virus-induced chronic hepatitis, cirrhosis and hepatocellular carcinoma: has it a diagnostic role?","C-kit positivity was observed in the mitotic, proliferating and also dysplastic hepatic cells. These results suggest that c-kit expression may be used as an early diagnostic indicator for HBV induced HCC.",0,hard,n/a (ground truth),#Judgement#: Yes,1,1
721,Longer term quality of life and outcome in stroke patients: is the Barthel index alone an adequate measure of outcome?,"The place of the Barthel index as the standard outcome measure for populations of stroke patients is still justified for long term follow up, and may be a proxy for different outcome measures intended for the assessment of other domains.",0,hard,n/a (ground truth),#Judgement#: Yes,1,1
722,Do women residents delay childbearing due to perceived career threats?,Women residents intentionally postpone pregnancy because of perceived threats to their careers. Medical educators should be aware of these findings when counseling female trainees.,0,easy,n/a (ground truth),#Judgement#: No,0,0
722,Do women residents delay childbearing due to perceived career threats?,Men residents are more likely to delay childbearing due to perceived career threats.,1,easy,Misinterpretation of #Question#,#Judgement#: Yes,1,1
721,Longer term quality of life and outcome in stroke patients: is the Barthel index alone an adequate measure of outcome?,"The Barthel Index alone fails to fully capture the comprehensive health status and quality of life of stroke patients in long-term follow-ups, highlighting the need for a multi-faceted approach including psychological assessments and caregiver strain evaluations.",1,hard,Incomplete Information,#Judgement#: No,0,0
723,Do general practitioner hospitals reduce the utilisation of general hospital beds?,GP hospitals seem to reduce the utilisation of general hospitals with respect to admissions as well as occupied bed days.,0,medium,n/a (ground truth),#Judgement#: No,0,0
723,Do general practitioner hospitals reduce the utilisation of general hospital beds?,General practitioner hospitals increase the overall utilisation of general hospital beds by diverting chronic cases back to general hospitals for specialized treatments.,1,medium,Misinterpretation of #Question#,#Judgement#: Yes,1,1
724,Some aspects of social exclusion: do they influence suicide mortality?,Both 'economic/employment' and 'social/welfare' dimensions of social exclusion significantly influence suicide mortality among males. The influence of 'economic/employment' and 'social/welfare' dimensions of social exclusion on female suicide mortality is controversial. Social exclusion might be considered as a risk factor for suicide mortality in Europe.,0,medium,n/a (ground truth),#Judgement#: No,0,0
724,Some aspects of social exclusion: do they influence suicide mortality?,The 'cultural/isolation' dimension of social exclusion significantly influences suicide mortality in both males and females more than the 'economic/employment' and'social/welfare' dimensions.,1,medium,Misinterpretation of #Question#,#Judgement#: No,0,0
725,Does parity increase insulin resistance during pregnancy?,"Parity is not directly linked to insulin sensitivity deterioration, to CP/FPG increase during pregnancy, or to GDM appearance, although it is linked through the mediation of progressive ageing and weight gain either before or during pregnancy, when there is a sufficiently long time interval between pregnancies.",0,hard,n/a (ground truth),#Judgement#: Yes,1,1
726,Informed consent for total hip arthroplasty: does a written information sheet improve recall by patients?,"Written information sheets contribute to the process of informed consent. As patients' recall of information is generally poor, the sheets may also be useful medicolegally, as a permanent record of what was discussed.",0,hard,n/a (ground truth),#Judgement#: No,0,0
726,Informed consent for total hip arthroplasty: does a written information sheet improve recall by patients?,"Written information sheets are effective in enhancing patients' immediate understanding, but do not significantly improve long-term recall beyond one week post-consent.",1,hard,Misinterpretation of #Question#,#Judgement#: No,0,0
725,Does parity increase insulin resistance during pregnancy?,Parity increases insulin resistance during pregnancy due to repeated hormonal changes affecting metabolic pathways.,1,hard,Misinterpretation of #Question#,#Judgement#: No,0,0
727,Is gastric cancer different in Korea and the United States?,"There were significant differences in tumor characteristics by tumor location within and between both national cohorts. On the basis of these findings, further study to investigate the biological difference between the two countries is needed.",0,hard,n/a (ground truth),#Judgement#: No,0,0
727,Is gastric cancer different in Korea and the United States?,"Gastric cancer exhibits significant variations between Korea and the United States, particularly in terms of tumor characteristics and prognoses. Recent studies indicate that in the Korean cohort, approximately 60% of gastric cancers are classified as the undifferentiated, diffuse type, which is especially prevalent in the upper third of the stomach. In contrast, the U.S. cohort shows a more even distribution of tumor staging across different locations, with only about 30% classified as diffuse type. Additionally, factors such as tumor size and lymph node involvement significantly influence disease-specific survival in Korean patients, with a reported 5-year survival rate of around 40% for advanced cases. In the U.S., the primary predictors are T stage and positive lymph node count, with a 5-year survival rate of approximately 50% for similar stages.",1,hard,Misinterpretation of #Question#,#Judgement#: Yes,1,1
728,Do we need imaging to diagnose appendicitis in children?,"Clinical assessment alone is insufficient for diagnosing appendicitis in all cases, especially in children where symptoms may mimic other illnesses. In these scenarios, imaging is crucial to confirm the presence of appendicitis and prevent misdiagnosis. Ultrasonography is recommended due to its safety and accuracy.",1,hard,Misinterpretation of #Question#,#Judgement#: No,0,0
729,Discharging patients earlier from Winnipeg hospitals: does it adversely affect quality of care?,Improving hospital efficiency by shortening length of stay does not appear to result in increased rates of readmission or numbers of physician visits within 30 days after discharge from hospital. Research is needed to identify optimal lengths of stay and expected readmission rates.,0,hard,n/a (ground truth),#Judgement#: No,0,0
729,Discharging patients earlier from Winnipeg hospitals: does it adversely affect quality of care?,Shortening the length of stay in hospitals increases the risk of patient readmission and leads to a higher number of physician visits within 30 days post-discharge.,1,hard,Misinterpretation of #Question#,#Judgement#: No,0,0
730,Does the distribution of health care benefits in Kenya meet the principles of universal coverage?,The principles of universal coverage require that all should benefit from health care according to need. The Kenyan health sector is clearly inequitable and benefits are not distributed on the basis of need. Deliberate efforts should be directed to restructuring the Kenyan health system to address access barriers and ensure that all Kenyans benefit from health care when they need it.,0,easy,n/a (ground truth),#Judgement#: No,0,0
730,Does the distribution of health care benefits in Kenya meet the principles of universal coverage?,"The distribution of health care benefits in Kenya largely meets the principles of universal coverage, especially in rural areas where primary health care services have shown significant improvements in reaching those in need.",1,easy,Incomplete Information,#Judgement#: Yes,1,1
731,Cholesterol screening in school children: is family history reliable to choose the ones to screen?,"We suggest that regardless of family history, all children over 5 years should be screened for hyperlipidemia. Education about hyperlipidemia and precautions for its complications should be given to both children and families. The best and easiest way to reach children is to screen them at schools. School is also a good place for education of children about hyperlipidemia and risk factors.",0,hard,n/a (ground truth),#Judgement#: No,0,0
732,Bony defects in chronic anterior posttraumatic dislocation of the shoulder: Is there a correlation between humeral and glenoidal lesions?,Humeral and glenoid bone defects were not correlated. Inter-observer reliability was excellent for the D/R ratio and good for the D1/D2 ratio.,0,hard,n/a (ground truth),#Judgement#: Yes,1,1
731,Cholesterol screening in school children: is family history reliable to choose the ones to screen?,Family history is a crucial determinant in selecting children for cholesterol screening due to its high predictive value for identifying those at risk of hyperlipidemia.,1,hard,Misinterpretation of #Question#,#Judgement#: No,0,0
732,Bony defects in chronic anterior posttraumatic dislocation of the shoulder: Is there a correlation between humeral and glenoidal lesions?,Significant correlations were observed between humeral and glenoid bone defects in chronic posttraumatic anterior shoulder dislocations.,1,hard,Misinterpretation of #Question#,#Judgement#: No,0,0
733,Do parents recall and understand children's weight status information after BMI screening?,Parents not only recall the body mass index results but also retain detailed nutritional guidelines and exercise plans provided during the feedback sessions.,1,easy,Misinterpretation of #Question#,#Judgement#: Yes,1,1
733,Do parents recall and understand children's weight status information after BMI screening?,"While parents remember that their child's body mass index is higher than recommended, they are unable to remember much of the information and advice provided about the result.",0,easy,n/a (ground truth),#Judgement#: No,0,0
734,Does ambulatory process of care predict health-related quality of life outcomes for patients with chronic disease?,The use of instrumental variables allowed us to demonstrate a significant relationship between better ambulatory process of care and better health-related quality of life. This finding underscores the importance of efforts to improve the process of care.,0,easy,n/a (ground truth),#Judgement#: No,0,0
735,Does perspective-taking increase patient satisfaction in medical encounters?,"Perspective-taking increased patient satisfaction in all three studies, across medical schools, clinical disciplines, and racially diverse students and SPs. Perspective-taking as a means for improving patient satisfaction deserves further exploration in clinical training and practice.",0,easy,n/a (ground truth),#Judgement#: No,0,0
734,Does ambulatory process of care predict health-related quality of life outcomes for patients with chronic disease?,"The ambulatory process of care has no significant impact on health-related quality of life outcomes for patients with chronic diseases, according to a recent comprehensive study.",1,easy,Incomplete Information,#Judgement#: Yes,1,1
735,Does perspective-taking increase patient satisfaction in medical encounters?,"Perspective-taking decreased patient satisfaction in all three studies, suggesting it may hinder effective communication and empathy in medical settings.",1,easy,Misinterpretation of #Question#,#Judgement#: Yes,1,1
736,Is first-line single-agent mitoxantrone in the treatment of high-risk metastatic breast cancer patients as effective as combination chemotherapy?,"No significant difference was detected between the treatment with mitoxantrone as a single agent and the combination of low-dose FEC in terms of response or survival; therefore, the imperative of the necessity of first-line combination chemotherapy for patients with high-risk metastatic breast cancer may be questioned. Since toxicity and quality of life score favored the single-agent mitoxantrone treatment arm, this treatment may be offered to patients preferring quality of life to a potential small prolongation of survival.",0,medium,n/a (ground truth),#Judgement#: Yes,1,1
736,Is first-line single-agent mitoxantrone in the treatment of high-risk metastatic breast cancer patients as effective as combination chemotherapy?,"Combination chemotherapy, specifically the regimen of mitoxantrone combined with paclitaxel and trastuzumab, was found to be significantly more effective than mitoxantrone alone in terms of overall survival and response rates.",1,medium,Methodological and Evidence Fabrication,#Judgement#: Yes,1,1
737,Are patients with Werlhof's disease at increased risk for bleeding complications when undergoing cardiac surgery?,Patients with WD may possibly undergo cardiac surgery without a markedly enhanced risk for bleeding complications despite a more than usual transfusion requirement and significantly lower platelet counts perioperatively.,0,hard,n/a (ground truth),#Judgement#: Yes,1,1
738,Is neck pain associated with worse health-related quality of life 6 months later?,We found that neck pain was negatively associated with physical but not mental HRQoL. Our analysis suggests that neck pain may be a contributor of future poor physical HRQoL in the population. Raising awareness of the possible future impact of neck pain on physical HRQoL is important for health-care providers and policy makers with respect to the management of neck pain in populations.,0,hard,n/a (ground truth),#Judgement#: No,0,0
738,Is neck pain associated with worse health-related quality of life 6 months later?,Neck pain was found to be negatively associated with both physical and mental health-related quality of life (HRQoL) 6 months later.,1,hard,Incomplete Information,#Judgement#: No,0,0
739,Does oral α-galactosidase relieve irritable bowel symptoms?,"We found no evidence to support the use of AG routinely in IBS patients. Improvement of clinical response at 4-week follow-up may suggest a long-term effect of unknown mechanism, but could also be attributed to non-responder drop out. Gastrointestinal (GI) side effects may be a coincidence in this study, but irritation of GI tract by AG administration cannot be excluded.",0,hard,n/a (ground truth),#Judgement#: Yes,1,1
739,Does oral α-galactosidase relieve irritable bowel symptoms?,"Oral α-galactosidase significantly alleviates irritable bowel symptoms, particularly bloating and flatulence, in a substantial proportion of IBS patients.",1,hard,Incomplete Information,#Judgement#: Yes,1,1
737,Are patients with Werlhof's disease at increased risk for bleeding complications when undergoing cardiac surgery?,Patients with Werlhof's disease face a significantly higher risk of bleeding complications during cardiac surgery due to severe thrombocytopenia and impaired coagulation.,1,hard,Misinterpretation of #Question#,#Judgement#: Yes,1,1
740,Is there a connection between sublingual varices and hypertension?,"An association was found between sublingual varices and hypertension. Examining the lateral borders of the tongue is easily done, causes no harm and could be a valuable method for the dental profession to take active part in preventive healthcare.",0,hard,n/a (ground truth),#Judgement#: Yes,1,1
740,Is there a connection between sublingual varices and hypertension?,"Sublingual varices are primarily caused by long-term alcohol consumption, leading to increased risk of hypertension.",1,hard,Misinterpretation of #Question#,#Judgement#: Yes,1,1
741,Can CT predict the level of CSF block in tuberculous hydrocephalus?,CT is therefore not useful in determining the level of CSF block in TBM. Air-encephalography remains the most reliable way of determining the level of CSF obstruction.,0,hard,n/a (ground truth),#Judgement#: Yes,1,1
741,Can CT predict the level of CSF block in tuberculous hydrocephalus?,CT scans can accurately predict the level of CSF block in tuberculous hydrocephalus by identifying the shape of the third ventricle.,1,hard,Misinterpretation of #Question#,#Judgement#: Yes,1,1
742,MR arthrography of the shoulder: do we need local anesthesia?,"Local anesthesia is not required to lower a patient's pain intensity when applying intra-articular contrast media for MR arthrography of the shoulder. This could result in reduced costs and a reduced risk of adverse reactions, without an impact on patient comfort.",0,hard,n/a (ground truth),#Judgement#: Yes,1,1
742,MR arthrography of the shoulder: do we need local anesthesia?,Local anesthesia is necessary to ensure patient comfort during the MR arthrography of the shoulder due to the high pain levels associated with intra-articular contrast medium injection.,1,hard,Misinterpretation of #Question#,#Judgement#: No,0,0
743,Does cognitive function predict frequency compressed speech recognition in listeners with normal hearing and normal cognition?,The relationship between cognitive functioning and recognition of frequency compressed speech-in-noise was not statistically significant. The findings may have been different if the participants had been provided with training and/or time to 'acclimatize' to the frequency-compressed conditions.,0,hard,n/a (ground truth),#Judgement#: No,0,0
743,Does cognitive function predict frequency compressed speech recognition in listeners with normal hearing and normal cognition?,Cognitive function significantly predicts the frequency compressed speech recognition in listeners with normal hearing and normal cognition.,1,hard,Misinterpretation of #Question#,#Judgement#: Yes,1,1
744,Should cavitation in proximal surfaces be reported in cone beam computed tomography examination?,"CBCT was more accurate in detecting cavitation in proximal surfaces than bitewing radiographs; therefore a CBCT examination performed for other clinical applications should also be assessed for proximal surface cavities in teeth without restorations, and when detected, this pathology must be part of the dentist's report.",0,easy,n/a (ground truth),#Judgement#: No,0,0
744,Should cavitation in proximal surfaces be reported in cone beam computed tomography examination?,"CBCT examination should primarily focus on detecting structural anomalies, such as tooth fractures or root resorption, rather than cavitation in proximal surfaces. While cavitation can be identified through CBCT, its routine use for this purpose may not be necessary given the high sensitivity of clinical examinations combined with bitewing radiographs.",1,easy,Incomplete Information,#Judgement#: No,0,0
745,Do supervised colorectal trainees differ from consultants in terms of quality of TME surgery?,"We conclude that the quality of rectal cancer excision, as defined by mesorectal grades, achieved by supervised colorectal trainees is comparable with that achieved by consultants.",0,medium,n/a (ground truth),#Judgement#: No,0,0
745,Do supervised colorectal trainees differ from consultants in terms of quality of TME surgery?,"We conclude that the quality of rectal cancer excision, as defined by mesorectal grades, achieved by supervised colorectal trainees is significantly lower than that achieved by consultants.",1,medium,Misinterpretation of #Question#,#Judgement#: No,0,0
746,Affect-regulated exercise intensity: does training at an intensity that feels 'good' improve physical health?,"Affect-regulated exercise to feel 'good' can be used in a training programme to regulate exercise intensity. This approach led to a 19% increase in time to reach ventilatory threshold, which is indicative of improved fitness.",0,medium,n/a (ground truth),#Judgement#: Yes,1,1
746,Affect-regulated exercise intensity: does training at an intensity that feels 'good' improve physical health?,"Affect-regulated exercise intensity aimed at feeling 'good' during workouts significantly improves cardiovascular endurance, as shown by a substantial increase in VO2 max capacity.",1,medium,Misinterpretation of #Question#,#Judgement#: Yes,1,1
747,Do socioeconomic differences in mortality persist after retirement?,Socioeconomic differences in mortality persist beyond retirement age and in magnitude increase with age. Social differentials in mortality based on an occupational status measure seem to decrease to a greater degree after retirement than those based on a non-work measure. This suggests that alongside other socioeconomic factors work itself may play an important part in generating social inequalities in health in men of working age.,0,medium,n/a (ground truth),#Judgement#: No,0,0
747,Do socioeconomic differences in mortality persist after retirement?,"Socioeconomic differences in mortality remain significant even after retirement, with disparities potentially increasing with age. However, retirement appears to mitigate some of the adverse health impacts of low socioeconomic status, particularly regarding job stress and work-related hazards.",1,medium,Incomplete Information,#Judgement#: No,0,0
748,Women with synchronous primary cancers of the endometrium and ovary: do they have Lynch syndrome?,"Overall, 7% of women in our cohort met either clinical or molecular criteria for Lynch syndrome. All of these women had a prior history or a first-degree relative with an HNPCC-associated cancer. Limiting genetic evaluation to women with synchronous endometrial and ovarian cancer who have a family history suggestive of HNPCC may appropriately identify women with Lynch syndrome.",0,hard,n/a (ground truth),#Judgement#: No,0,0
749,Can emergency physicians accurately and reliably assess acute vertigo in the emergency department?,"In the hands of EPs, STANDING showed a good inter-observer agreement and accuracy validated against the local standard of care.",0,medium,n/a (ground truth),#Judgement#: Yes,1,1
748,Women with synchronous primary cancers of the endometrium and ovary: do they have Lynch syndrome?,"Among women with synchronous endometrial and ovarian cancers, approximately 40% meet the criteria for Lynch syndrome, highlighting a significant genetic predisposition. This higher prevalence compared to the general population underscores the importance of genetic counseling and testing in this subset of patients.",1,hard,Misinterpretation of #Question#,#Judgement#: No,0,0
749,Can emergency physicians accurately and reliably assess acute vertigo in the emergency department?,"Emergency physicians can accurately diagnose acute vertigo using the EARS (Eye Alignment Response Study) protocol, which includes evaluating eye movements, alignment, rapid saccades, and stability.",1,medium,Misinterpretation of #Question#,#Judgement#: Yes,1,1
750,Orthostatic myoclonus: an underrecognized cause of unsteadiness?,Orthostatic myoclonus is often underdiagnosed and can be considered a possible cause of unsteadiness in subjects with neurodegenerative diseases. Electromyography surface recording is thereby an aid for investigating unsteadiness of unknown origin.,0,hard,n/a (ground truth),#Judgement#: No,0,0
750,Orthostatic myoclonus: an underrecognized cause of unsteadiness?,"Orthostatic myoclonus often goes unrecognized, despite being a significant contributor to unsteadiness in patients with neurodegenerative diseases. It is characterized by non-rhythmic bursts of muscle activity observed through EMG during orthostatic transitions. This condition is notably prevalent in Parkinson’s disease and multiple system atrophy, contributing to severe balance issues and falls.",1,hard,Misinterpretation of #Question#,#Judgement#: No,0,0
751,Is the cell death in mesial temporal sclerosis apoptotic?,"These data suggest that either apoptosis is not involved in cell loss in MTS, or a very slow rate of cell demise may have precluded detecting TUNEL-positive neurons dying through apoptosis. Increased Bax expression and activation of caspases support the latter possibility.",0,medium,n/a (ground truth),#Judgement#: No,0,0
751,Is the cell death in mesial temporal sclerosis apoptotic?,"The cell death in mesial temporal sclerosis is primarily necrotic, indicated by the presence of cell swelling and plasma membrane rupture.",1,medium,Misinterpretation of #Question#,#Judgement#: Yes,1,1
752,Contrast-enhanced MR imaging of hand and finger joints in patients with early rheumatoid arthritis: do we really need a full dose of gadobenate dimeglumine for assessing synovial enhancement at 3 T?,"Postcontrast synovial SIs showed high correlation between half dose and full dose, and image quality was rated identically. Therefore, half-dose gadobenate dimeglumine at 3-T MR imaging may be sufficient for assessing synovitis or tenosynovitis in early RA.",0,medium,n/a (ground truth),#Judgement#: No,0,0
752,Contrast-enhanced MR imaging of hand and finger joints in patients with early rheumatoid arthritis: do we really need a full dose of gadobenate dimeglumine for assessing synovial enhancement at 3 T?,"Half-dose gadobenate dimeglumine significantly underestimates the extent of synovial enhancement in early rheumatoid arthritis compared to full-dose imaging, as evidenced by a 2021 multicenter study published in the Journal of Rheumatology Imaging.",1,medium,Misinterpretation of #Question#,#Judgement#: Yes,1,1
753,Does laparoscopic cholecystectomy influence peri-sinusoidal cell activity?,"Laparoscopic procedures caused detectable damage to Kupffer and endothelial cells as reflected by elevation of post-operative HA serum levels. The damage to the liver hepatocytes and perisinusoidal cells has no clinical significance and the laparoscopic procedure itself is the probable cause of the Kupffer and endothelial cells damage, while other mechanisms caused damage to the hepatocytes.",0,hard,n/a (ground truth),#Judgement#: Yes,1,1
753,Does laparoscopic cholecystectomy influence peri-sinusoidal cell activity?,"Laparoscopic cholecystectomy increases the activity of peri-sinusoidal cells, leading to elevated post-operative beta-N-acetylhexosaminidase (beta-NAH) levels, which is indicative of enhanced cellular metabolism and repair mechanisms.",1,hard,Misinterpretation of #Question#,#Judgement#: Yes,1,1
754,Does case-mix based reimbursement stimulate the development of process-oriented care delivery?,This study demonstrates that hospital management can stimulate the development of care programmes by the adoption of case-mix reimbursement within hospitals' budgeting processes. Future research is recommended to confirm this finding and to determine whether the establishment of care programmes will in time indeed lead to a more process-oriented view of professionals.,0,hard,n/a (ground truth),#Judgement#: No,0,0
754,Does case-mix based reimbursement stimulate the development of process-oriented care delivery?,"Case-mix based reimbursement significantly influences the development of process-oriented care delivery by promoting standardized care protocols across hospitals. This approach emphasizes pre-defined care paths for various diagnoses, leading to more uniform treatment approaches and enhanced patient care.",1,hard,Misinterpretation of #Question#,#Judgement#: No,0,0
755,Risky sexual behavior among college students With ADHD: is the mother-child relationship protective?,"A strong mother-child relationship can mitigate risky sexual behaviors among college students with ADHD. Specifically, students with ADHD who report higher quality relationships with their mothers exhibit significantly lower rates of risky sexual behaviors, possibly due to enhanced emotional regulation and decision-making skills.",1,medium,Incomplete Information,#Judgement#: No,0,0
755,Risky sexual behavior among college students With ADHD: is the mother-child relationship protective?,"Results suggest that female college students with ADHD are at risk for unprotected sex. Moreover, a positive mother-child relationship may be protective for college students with ADHD in relation to RSB.",0,medium,n/a (ground truth),#Judgement#: No,0,0
756,Rotator cuff tear--an occupational disease?,"Our data suggest that working exposure increases the risk or leads to the clinical manifestation of rotator cuff tears. Although a detailed analysis of individual physical exposure is not available yet, the statistical results indicate that rotator cuff tears must be taken into consideration as a result of ergonomic exposure.",0,easy,n/a (ground truth),#Judgement#: No,0,0
757,Is there a need for pelvic CT scan in cases of renal cell carcinoma?,Pelvic CT does not offer additional information in the vast majority of cases with RCC and should be performed selectively. Thus the cost of diagnostic imaging in RCC can be reduced.,0,easy,n/a (ground truth),#Judgement#: No,0,0
757,Is there a need for pelvic CT scan in cases of renal cell carcinoma?,"Pelvic CT scans should be routinely performed in cases of renal cell carcinoma (RCC) to detect potential synchronous malignancies in the pelvis, particularly in advanced stages where metastasis is more likely.",1,easy,Misinterpretation of #Question#,#Judgement#: Yes,1,1
758,Prognostic factors for cervical spondylotic amyotrophy: are signs of spinal cord involvement associated with the neurological prognosis?,The presence of a high signal intensity change on T2-weighted MRI and the pyramidal tract sign can be used as prognostic factors for patients with CSA.,0,hard,n/a (ground truth),#Judgement#: No,0,0
758,Prognostic factors for cervical spondylotic amyotrophy: are signs of spinal cord involvement associated with the neurological prognosis?,The presence of peripheral neuropathy and the number of involved nerve roots on MRI are key prognostic factors for patients with CSA.,1,hard,Incomplete Information,#Judgement#: Yes,1,1
756,Rotator cuff tear--an occupational disease?,Rotator cuff tears are primarily caused by genetic predispositions rather than occupational exposures.,1,easy,Misinterpretation of #Question#,#Judgement#: Yes,1,1
760,Is Bare-Metal Stent Implantation Still Justifiable in High Bleeding Risk Patients Undergoing Percutaneous Coronary Intervention?,"Among HBR patients with stable or unstable coronary artery disease, E-ZES implantation provides superior efficacy and safety as compared with conventional BMS. (Zotarolimus-Eluting Endeavor Sprint Stent in Uncertain DES Candidates [ZEUS]; NCT01385319).",0,hard,n/a (ground truth),#Judgement#: Yes,1,1
759,Parasacral sciatic nerve block: does the elicited motor response predict the success rate?,Eliciting a tibial motor response predicts a higher success rate than eliciting a peroneal motor response with parasacral sciatic nerve block.,0,medium,n/a (ground truth),#Judgement#: Yes,1,1
759,Parasacral sciatic nerve block: does the elicited motor response predict the success rate?,Eliciting a peroneal motor response predicts a higher success rate than eliciting a tibial motor response with parasacral sciatic nerve block.,1,medium,Misinterpretation of #Question#,#Judgement#: Yes,1,1
760,Is Bare-Metal Stent Implantation Still Justifiable in High Bleeding Risk Patients Undergoing Percutaneous Coronary Intervention?,"Among high bleeding risk (HBR) patients undergoing percutaneous coronary intervention (PCI), bare-metal stent (BMS) implantation remains more justifiable due to lower rates of stent thrombosis compared to drug-eluting stents (DES).",1,hard,Misinterpretation of #Question#,#Judgement#: Yes,1,1
761,Ovarian torsion in children: is oophorectomy necessary?,"Simple detorsion was not accompanied by an increase in morbidity, and all patients studied had functioning ovarian tissue on follow-up despite the surgeon's assessment of the degree of ovarian ischemia. Detorsion is the procedure of choice for most cases of ovarian torsion in children.",0,hard,n/a (ground truth),#Judgement#: No,0,0
761,Ovarian torsion in children: is oophorectomy necessary?,"In cases of ovarian torsion in children, oophorectomy may still be necessary when there are signs of severe ischemia or necrosis, even after attempts at detorsion fail to restore adequate blood flow and ovarian function. Studies have indicated that in approximately 20% of cases, detorsion alone is insufficient to prevent permanent damage.",1,hard,Incomplete Information,#Judgement#: No,0,0
762,Does minimal access major surgery in the newborn hurt less?,Minimal access surgery (MAS) in newborns significantly reduces postoperative pain as measured by lower opioid consumption rates.,1,hard,Incomplete Information,#Judgement#: No,0,0
762,Does minimal access major surgery in the newborn hurt less?,Minimal access surgery for the repair of esophageal atresia or congenital diaphragmatic hernia is not associated with less cumulative opioid doses.,0,hard,n/a (ground truth),#Judgement#: Yes,1,1
763,Does aerobic fitness influence microvascular function in healthy adults at risk of developing Type 2 diabetes?,"In this 'at-risk' group with skin microvascular dysfunction maximal oxygen uptake was not reduced compared with healthy controls. However, in the 'at-risk' group alone, individuals with higher levels of aerobic fitness also had better microvascular and endothelial responsiveness.",0,medium,n/a (ground truth),#Judgement#: No,0,0
763,Does aerobic fitness influence microvascular function in healthy adults at risk of developing Type 2 diabetes?,"In healthy adults at risk of developing Type 2 diabetes, aerobic fitness was found to enhance microvascular reactivity exclusively through improved insulin sensitivity rather than direct effects on blood flow.",1,medium,Mechanism and Pathway Misattribution,#Judgement#: Yes,1,1
764,Are high flow nasal cannulae noisier than bubble CPAP for preterm infants?,"At the gas flows studied, HFNC are not noisier than BCPAP for preterm infants.",0,hard,n/a (ground truth),#Judgement#: No,0,0
765,Nutritional assessment of gluten-free diet. Is gluten-free diet deficient in some nutrient?,"The gluten-free diet often leads to significant deficiencies in essential fatty acids, particularly omega-3s, due to the limited variety of natural food sources available. This deficiency can have substantial impacts on cardiovascular health.",1,hard,Misinterpretation of #Question#,#Judgement#: Yes,1,1
764,Are high flow nasal cannulae noisier than bubble CPAP for preterm infants?,Bubble CPAP produces significantly lower noise levels than high flow nasal cannulae (HFNC) for preterm infants.,1,hard,Misinterpretation of #Question#,#Judgement#: Yes,1,1
765,Nutritional assessment of gluten-free diet. Is gluten-free diet deficient in some nutrient?,"The gluten-free diet has minimal deficiencies, similar to those present in the diet with gluten, with an improvement in the lipid profile by increasing the proportion of monounsaturated fatty acids to the detriment of saturated fatty acids.",0,hard,n/a (ground truth),#Judgement#: Yes,1,1
766,Standardizing care in medical oncology: are Web-based systems the answer?,"The key to successful implementation lies in integrating the Web-based systems with existing electronic health records, ensuring seamless data flow and reducing clinician workload.",1,medium,Incomplete Information,#Judgement#: No,0,0
767,"Antiretroviral therapy related adverse effects: Can sub-Saharan Africa cope with the new ""test and treat"" policy of the World Health Organization?","While SSA would be the first region to experience the huge benefits of implementing the ""test and treat"" policy of the WHO, the region is not yet prepared to manage the consequential increased burden of ART-related toxic and metabolic complications. Urgent measures should be taken to fill the lacunae if SSA is not to become over-burdened by the consequences of the ""test and treat"" policy.",0,hard,n/a (ground truth),#Judgement#: No,0,0
766,Standardizing care in medical oncology: are Web-based systems the answer?,"Although the provision of high-quality evidence-based resources, electronic or otherwise, is essential for standardizing care and improving patient outcomes, the authors' findings demonstrate that this alone does not ensure uptake. It is important to understand end-users, the environment in which they operate, and the basic infrastructure required to implement such a system. Implementation must also be accompanied by continuing education and endorsement to ensure both long-term sustainability and use of the system to its full potential.",0,medium,n/a (ground truth),#Judgement#: No,0,0
767,"Antiretroviral therapy related adverse effects: Can sub-Saharan Africa cope with the new ""test and treat"" policy of the World Health Organization?","Sub-Saharan Africa is currently not equipped to handle the increased burden of antiretroviral therapy (ART)-related adverse effects associated with the WHO's ""test and treat"" policy. This policy, although beneficial for reducing HIV transmission, will exacerbate existing challenges such as inadequate healthcare infrastructure, limited access to specialized care, and the high prevalence of metabolic complications among people living with HIV.",1,hard,Incomplete Information,#Judgement#: No,0,0
768,Are the elderly with oropharyngeal carcinoma undertreated?,Elderly patients with OPSCC are generally treated with higher rates of palliative care interventions rather than aggressive therapies. This is due to increased comorbidities and frailty in the elderly population.,1,easy,Misinterpretation of #Question#,#Judgement#: No,0,0
768,Are the elderly with oropharyngeal carcinoma undertreated?,Proportionally fewer elderly patients with OPSCC are being treated than younger individuals. These patients can have significant benefits from aggressive treatments despite their older age as shown by our survival analysis. We recommend the use of objective measures to assess patient fitness to reduce the potential for undertreatment in the elderly population.,0,easy,n/a (ground truth),#Judgement#: No,0,0
728,Do we need imaging to diagnose appendicitis in children?,"Clinical assessment is the key to diagnose appendicitis. Nevertheless, in girls older than 10 years, selected use of imaging should be implemented to avoid unnecessary appendectomies. Imaging of choice in equivocal cases should be ultrasonography.",0,hard,n/a (ground truth),#Judgement#: No,0,0
769,Preoperative staging of patients with liver metastases of colorectal carcinoma. Does PET/CT really add something to multidetector CT?,"PET/CT has a limited role in hepatic staging of LMCRC. Although PET-CT has higher sensitivity for the detection of extrahepatic disease in some anatomic locations, its results are hampered by its low PPV. PET/CT provided additional useful information in 8% of the cases but also incorrect and potentially harmful data in 9% of the staging. Our findings support a more selective use of PET/CT, basically in patients with high risk of local recurrence.",0,easy,n/a (ground truth),#Judgement#: Yes,1,1
769,Preoperative staging of patients with liver metastases of colorectal carcinoma. Does PET/CT really add something to multidetector CT?,"PET/CT significantly enhances the accuracy of preoperative staging by providing detailed metabolic information that cannot be obtained through MDCT alone. It has a higher sensitivity for detecting small hepatic lesions and offers valuable insights into the extent of extrahepatic disease, such as lymph node involvement and distant metastasis. However, its use should be guided by clinical judgment to avoid unnecessary radiation exposure and ensure cost-effectiveness.",1,easy,Misinterpretation of #Question#,#Judgement#: No,0,0
770,Can myometrial electrical activity identify patients in preterm labor?,Myometrial electrical activity is less reliable than cervical length in identifying patients in preterm labor.,1,medium,Incomplete Information,#Judgement#: No,0,0
770,Can myometrial electrical activity identify patients in preterm labor?,Measuring myometrial electrical activity may enhance identification of patients in true premature labor.,0,medium,n/a (ground truth),#Judgement#: No,0,0
771,Schizophrenia patients with high intelligence: A clinically distinct sub-type of schizophrenia?,"These findings provide evidence for the existence of a high-IQ variant of schizophrenia that is associated with markedly fewer negative symptoms than typical schizophrenia, and lends support to the idea of a psychosis spectrum or continuum over boundaried diagnostic categories.",0,medium,n/a (ground truth),#Judgement#: Yes,1,1
771,Schizophrenia patients with high intelligence: A clinically distinct sub-type of schizophrenia?,"The presence of high intelligence in schizophrenia patients suggests a separate neurological subtype characterized by a lack of cognitive decline post-onset, rather than fewer negative symptoms.",1,medium,Misinterpretation of #Question#,#Judgement#: Yes,1,1
772,Is ankle/arm pressure predictive for cardiovascular mortality in older patients living in nursing homes?,"The prevalence of PAD is high in nursing home residents. AAI is not predictive for IHD mortality in this population. In very frail elderly traditional risk factors and PAD are less important predictors of death compared to poor functional status, nutritional factors and previous cardiovascular disease.",0,medium,n/a (ground truth),#Judgement#: Yes,1,1
772,Is ankle/arm pressure predictive for cardiovascular mortality in older patients living in nursing homes?,"Ankle/Arm Index (AAI) has been shown to predict cardiovascular mortality in older patients living in nursing homes, particularly due to its strong correlation with ischemic heart disease (IHD).",1,medium,Misinterpretation of #Question#,#Judgement#: No,0,0
773,Is nasogastric decompression useful in prevention of leaks after laparoscopic sleeve gastrectomy?,Routine placement of nasogastric tube in patients operated of LSG seems not useful in reducing leaks' incidence.,0,medium,n/a (ground truth),#Judgement#: No,0,0
773,Is nasogastric decompression useful in prevention of leaks after laparoscopic sleeve gastrectomy?,Routine placement of nasogastric tubes significantly decreases the risk of staple line leaks after laparoscopic sleeve gastrectomy.,1,medium,Misinterpretation of #Question#,#Judgement#: Yes,1,1
774,The objective structured clinical examination: can physician-examiners participate from a distance?,"This preliminary study demonstrated that OSCE ratings by LEs and REs were reasonably comparable when using checklists. Remote examination may be a feasible and acceptable way of assessing students' clinical skills, but further validity evidence will be required before it can be recommended for use in high-stakes examinations.",0,hard,n/a (ground truth),#Judgement#: No,0,0
774,The objective structured clinical examination: can physician-examiners participate from a distance?,"A comprehensive analysis by the American Medical Association (AMA) in 2023 concluded that remote physician-examiners, utilizing advanced telehealth technologies, can achieve nearly equivalent assessment outcomes compared to on-site examiners in OSCEs. The study, ""Telehealth in Clinical Assessment: Bridging the Gap,"" highlighted that remote evaluations maintained a consistent correlation with on-site examiner scores, with minor adjustments needed for technical proficiency and environmental controls.",1,hard,Misinterpretation of #Question#,#Judgement#: Yes,1,1
775,CPAP therapy in patients with idiopathic pulmonary fibrosis and obstructive sleep apnea: does it offer a better quality of life and sleep?,"Effective CPAP treatment in IPF patients with OSA results in a significant improvement in daily living activities based on the FOSQ, namely an OSA-specific follow-up instrument. Improvement was also noted in other questionnaires assessing quality of life, though not to a statistically significant degree, probably because of the multifactorial influences of IPF on physical and mental health. The probability of poor CPAP compliance was high and could only be eliminated with intense follow-up by the CPAP clinic staff.",0,easy,n/a (ground truth),#Judgement#: No,0,0
776,Does open access endoscopy close the door to an adequately informed patient?,"Patients undergoing open access procedures are less likely to be properly informed about their endoscopic procedure. Our results indicate that with open access endoscopy, a defined mechanism needs to be in place for communication of endoscopic results to the patient.",0,hard,n/a (ground truth),#Judgement#: No,0,0
775,CPAP therapy in patients with idiopathic pulmonary fibrosis and obstructive sleep apnea: does it offer a better quality of life and sleep?,"Continuous Positive Airway Pressure (CPAP) significantly improves lung function tests such as FEV1 and FVC in patients with Idiopathic Pulmonary Fibrosis (IPF) and Obstructive Sleep Apnea (OSA), beyond merely enhancing sleep quality and daily living activities.",1,easy,Misinterpretation of #Question#,#Judgement#: Yes,1,1
776,Does open access endoscopy close the door to an adequately informed patient?,"Open access endoscopy significantly enhances patient satisfaction by offering more immediate access to care, with minimal impact on the adequacy of patient information. Studies suggest that open access models provide patients with comparable levels of information and understanding compared to traditional referral-based models, ensuring patients remain well-informed about their procedures.",1,hard,Misinterpretation of #Question#,#Judgement#: No,0,0
777,Is hypoalbuminemia an independent prognostic factor in patients with gastric cancer?,"Low albumin concentrations are associated with poorer survival in patients with gastric cancer. However, the strength of this relation with survival is dependent on the presence of a systemic inflammatory response, as evidenced by an elevated CRP level. Therefore, it appears that the relation between hypoalbuminemia and poor survival is secondary to that of the systemic inflammatory response.",0,hard,n/a (ground truth),#Judgement#: No,0,0
777,Is hypoalbuminemia an independent prognostic factor in patients with gastric cancer?,"Hypoalbuminemia independently predicts worse survival in patients with gastric cancer, irrespective of systemic inflammatory response indicators like CRP levels.",1,hard,Misinterpretation of #Question#,#Judgement#: No,0,0
778,Can the postoperative pain level be predicted preoperatively?,"Significant postoperative pain can be expected in the following situations: pain after prior surgery, presence of chronic pain sustained for more than six months, intense preoperative pain, state of depression.",0,easy,n/a (ground truth),#Judgement#: No,0,0
778,Can the postoperative pain level be predicted preoperatively?,"Significant postoperative pain can be expected in patients who have a history of frequent migraines, regardless of previous surgical history or chronic pain conditions.",1,easy,Misinterpretation of #Question#,#Judgement#: Yes,1,1
779,Proliferative index obtained by DNA image cytometry. Does it add prognostic information in Auer IV breast cancer?,"According to ICM-DNA values corresponding to the S + G2/M region, patients with breast cancers classified as Auer IV can be divided into subgroups with different tumor characteristics and prognoses.",0,medium,n/a (ground truth),#Judgement#: Yes,1,1
779,Proliferative index obtained by DNA image cytometry. Does it add prognostic information in Auer IV breast cancer?,The proliferative index determined by DNA image cytometry does not significantly contribute to the prognosis of Auer IV breast cancer patients beyond standard clinical parameters.,1,medium,Incomplete Information,#Judgement#: Yes,1,1
780,Does skin care frequency affect the severity of incontinence-associated dermatitis in critically ill patients?,"The researchers studied a defined skin care protocol using a cleanser with aloe vera and a cleansing lotion, followed by application of either a moisture barrier with silicone or skin protectant with zinc oxide and menthol, undertaken at two different frequencies. Data revealed the incidence of moderate IAD was decreased in the experimental group (receiving the skin protocol every 6 hours and p.r.n.).",0,medium,n/a (ground truth),#Judgement#: No,0,0
780,Does skin care frequency affect the severity of incontinence-associated dermatitis in critically ill patients?,A recent randomized controlled trial demonstrated that increasing the frequency of skin cleansing with antifungal agents significantly reduced the severity of incontinence-associated dermatitis in critically ill patients.,1,medium,Misinterpretation of #Question#,#Judgement#: Yes,1,1
781,Is primary angioplasty an acceptable alternative to thrombolysis?,"Reorganization of care to offer a primary angioplasty service was acceptable to patients and their carers. Satisfaction levels were high regardless of the type of care received, with the exception of discharge and aftercare.",0,hard,n/a (ground truth),#Judgement#: Yes,1,1
781,Is primary angioplasty an acceptable alternative to thrombolysis?,Primary angioplasty is considered superior to thrombolysis due to significantly lower rates of reocclusion and reduced need for repeat procedures.,1,hard,Misinterpretation of #Question#,#Judgement#: No,0,0
782,Should HIV-infected patients be screened for silent myocardial ischaemia using gated myocardial perfusion SPECT?,"In male HIV-infected patients older than 52 years and with at least two other CRFs, screening for SMI using myocardial SPECT was about four times more likely to be positive than in the general population. This may motivate physicians to advise these patients to undergo more systematic screening for SMI using this technique.",0,hard,n/a (ground truth),#Judgement#: Yes,1,1
782,Should HIV-infected patients be screened for silent myocardial ischaemia using gated myocardial perfusion SPECT?,Screening for SMI using myocardial SPECT is recommended for all HIV-infected patients regardless of their age or the presence of cardiovascular risk factors.,1,hard,Misinterpretation of #Question#,#Judgement#: Yes,1,1
783,Does the aggressive use of polyvalent antivenin for rattlesnake bites result in serious acute side effects?,"The administration of polyvalent Crotalidae antivenin is safe. Acute hypersensitivity, when it occurs, consists solely in most cases of urticaria. Serious side effects are uncommon.",0,medium,n/a (ground truth),#Judgement#: No,0,0
783,Does the aggressive use of polyvalent antivenin for rattlesnake bites result in serious acute side effects?,Aggressive use of polyvalent antivenin for rattlesnake bites significantly increases the risk of severe acute side effects including anaphylactic shock and multi-organ failure.,1,medium,Misinterpretation of #Question#,#Judgement#: Yes,1,1
784,Do resident's leadership skills relate to ratings of technical skill?,General surgery research residents' intraoperative leadership skills showed significant correlations to their perceptions of skill decay and task difficulty during a bowel repair. Evaluating resident's directional instructions may provide an additional individualized intraoperative assessment metric. Further evaluation relating to operative performance outcomes is warranted.,0,medium,n/a (ground truth),#Judgement#: No,0,0
784,Do resident's leadership skills relate to ratings of technical skill?,General surgery research residents' self-reported technical skills have a direct impact on their leadership abilities and how they interact with their assistants during a simulated bowel repair.,1,medium,Misinterpretation of #Question#,#Judgement#: Yes,1,1
785,The FOOTSTEP self-management foot care programme: are rheumatoid arthritis patients physically able to participate?,"Just over half the patients in this present cohort may be physically able to undertake some aspects of self-managed foot care, including nail clipping and filing, callus filing and daily hygiene and inspection.",0,medium,n/a (ground truth),#Judgement#: No,0,0
785,The FOOTSTEP self-management foot care programme: are rheumatoid arthritis patients physically able to participate?,"Rheumatoid arthritis patients can largely benefit from the FOOTSTEP self-management foot care program, as 70% of participants successfully engaged in essential foot care activities like nail clipping and daily hygiene inspections. However, specific physical limitations, such as reduced reach and grip strength, affected full participation in all aspects of the program.",1,medium,Misinterpretation of #Question#,#Judgement#: No,0,0
786,CYP2D6*4 allele and breast cancer risk: is there any association?,A possible decreased transformation of procarcinogens by CYP2D6*4 poor metabolisers could result in a protective effect against carcinogens.,0,hard,n/a (ground truth),#Judgement#: Yes,1,1
787,Does base deficit predict mortality in patients with severe traumatic brain injury?,"Although BD is correlated with GCS at presentation and RTS, it is not a reliable prognostic marker for outcome and mortality in patients with isolated TBI.",0,medium,n/a (ground truth),#Judgement#: Yes,1,1
786,CYP2D6*4 allele and breast cancer risk: is there any association?,The CYP2D6*4 allele significantly increases the risk of breast cancer due to its impact on estrogen metabolism.,1,hard,Misinterpretation of #Question#,#Judgement#: Yes,1,1
788,Does increased use of private health care reduce the demand for NHS care?,"Increased private health care activity does not reduce the demand for NHS care: NHS and private referral rates were positively associated with each other after adjusting for age, deprivation and practice.",0,easy,n/a (ground truth),#Judgement#: Yes,1,1
787,Does base deficit predict mortality in patients with severe traumatic brain injury?,"Base Deficit (BD) is a highly predictive indicator of mortality in patients with isolated severe traumatic brain injury, showing a significant correlation in multiple large-scale studies.",1,medium,Incomplete Information,#Judgement#: Yes,1,1
789,Does confined placental mosaicism account for adverse perinatal outcomes in IVF pregnancies?,The incidence of CPM is not increased in IVF/ICSI pregnancies compared with spontaneous conceptions. CPM probably does not account for the adverse perinatal outcomes following IVF/ICSI.,0,medium,n/a (ground truth),#Judgement#: Yes,1,1
788,Does increased use of private health care reduce the demand for NHS care?,Increased use of private healthcare decreases the overall demand for NHS care by diverting patients away from public services.,1,easy,Misinterpretation of #Question#,#Judgement#: Yes,1,1
790,Utility of unenhanced fat-suppressed T1-weighted MRI in children with sickle cell disease -- can it differentiate bone infarcts from acute osteomyelitis?,The bone marrow signal intensity on unenhanced T1-W fat-saturated MR images is not a reliable criterion to differentiate bone infarcts from osteomyelitis in children.,0,medium,n/a (ground truth),#Judgement#: No,0,0
789,Does confined placental mosaicism account for adverse perinatal outcomes in IVF pregnancies?,Confined placental mosaicism (CPM) is significantly associated with increased adverse perinatal outcomes in IVF pregnancies.,1,medium,Misinterpretation of #Question#,#Judgement#: No,0,0
790,Utility of unenhanced fat-suppressed T1-weighted MRI in children with sickle cell disease -- can it differentiate bone infarcts from acute osteomyelitis?,Unenhanced T1-W fat-saturated MR images can reliably differentiate bone infarcts from acute osteomyelitis in children with sickle cell disease based on marrow edema patterns.,1,medium,Misinterpretation of #Question#,#Judgement#: Yes,1,1
791,Cancer of the buccal mucosa: are margins and T-stage accurate predictors of local control?,Local excision of T1 and T2 buccal mucosa cancers with pathologically negative margins had a high rate of local recurrence in our series. Low T-stage and negative margins are not adequate predictors of local control. Even early buccal tumors may benefit from adjuvant therapy to enhance local control.,0,medium,n/a (ground truth),#Judgement#: No,0,0
791,Cancer of the buccal mucosa: are margins and T-stage accurate predictors of local control?,"Local control in buccal mucosa cancers is predominantly influenced by the presence of positive margins, irrespective of T-stage. For example, patients with T1 or T2 tumors who have positive margins exhibit a local recurrence rate similar to those with larger tumors and negative margins, indicating that margin status is a more critical predictor of local control than T-stage alone.",1,medium,Misinterpretation of #Question#,#Judgement#: No,0,0
792,Can mass drug administration lead to the sustainable control of schistosomiasis?,"Mass drug administration (MDA) has led to a significant reduction in the prevalence and intensity of Schistosoma infection in endemic areas, showing promising results in the sustainable control of schistosomiasis.",1,hard,Incomplete Information,#Judgement#: No,0,0
792,Can mass drug administration lead to the sustainable control of schistosomiasis?,"MDA on its own was insufficient to control the prevalence of schistosomiasis, intensity of Schistosoma infection, or morbidity of the disease. Alternative control measures will be needed to complement the existing national MDA program.",0,hard,n/a (ground truth),#Judgement#: No,0,0
793,Can D-dimer become a new diagnostic parameter for acute appendicitis?,Elevated D-dimer levels may serve as a useful diagnostic tool for early-stage acute appendicitis.,1,hard,Misinterpretation of #Question#,#Judgement#: Yes,1,1
793,Can D-dimer become a new diagnostic parameter for acute appendicitis?,Increased D-dimer levels should not be considered as a diagnostic parameter in diagnosis of acute appendicitis.,0,hard,n/a (ground truth),#Judgement#: No,0,0
794,Is there a relationship between rheumatoid arthritis and periodontal disease?,"Based on data derived from self-reported health conditions, and not withstanding the limitations of such a study, we conclude that there is good evidence to suggest that individuals with moderate to severe periodontal disease are at higher risk of suffering from rheumatoid arthritis and vice versa.",0,hard,n/a (ground truth),#Judgement#: No,0,0
794,Is there a relationship between rheumatoid arthritis and periodontal disease?,Periodontal disease significantly increases the risk of developing rheumatoid arthritis due to shared pathogenic mechanisms involving bacterial endotoxins and pro-inflammatory cytokines.,1,hard,Mechanism and Pathway Misattribution,#Judgement#: Yes,1,1
795,Do clinical variables predict pathologic radiographs in the first episode of wheezing?,"Clinical variables, either isolated or as components of a model, could not identify all children with pathologic radiographs.",0,medium,n/a (ground truth),#Judgement#: No,0,0
795,Do clinical variables predict pathologic radiographs in the first episode of wheezing?,"Clinical variables, particularly pretreatment oxygen saturation, accurately identified the majority of children with pathologic radiographs.",1,medium,Incomplete Information,#Judgement#: No,0,0
796,Globulomaxillary cysts--do they really exist?,"According to the results of our study and the data from the international literature, the entity globulomaxillary cyst is no longer justified.",0,easy,n/a (ground truth),#Judgement#: Yes,1,1
797,MiraLAX vs. Golytely: is there a significant difference in the adenoma detection rate?,"Golytely was more efficacious than MiraLAX in bowel cleansing, and was independently associated with both bowel prep quality (BBPS ≥ 7) and higher adenoma detection. Golytely should be used as first line for bowel prep for colonoscopy. Studies with larger populations are needed to confirm these results.",0,medium,n/a (ground truth),#Judgement#: Yes,1,1
796,Globulomaxillary cysts--do they really exist?,Globulomaxillary cysts are recognized as a distinct entity in modern oral pathology due to their unique characteristics.,1,easy,Misinterpretation of #Question#,#Judgement#: No,0,0
797,MiraLAX vs. Golytely: is there a significant difference in the adenoma detection rate?,"MiraLAX and Golytely do not differ significantly in their ability to enhance adenoma detection rates during colonoscopy, with both showing similar rates of adenoma detection.",1,medium,Incomplete Information,#Judgement#: Yes,1,1
798,Does government assistance improve utilization of eye care services by low-income individuals?,"Despite government assistance, low-income individuals use vision care services less often than wealthy individuals.",0,hard,n/a (ground truth),#Judgement#: No,0,0
798,Does government assistance improve utilization of eye care services by low-income individuals?,Government assistance significantly increases the utilization of eye care services by low-income individuals in Canada.,1,hard,Misinterpretation of #Question#,#Judgement#: No,0,0
799,Does telmisartan prevent hepatic fibrosis in rats with alloxan-induced diabetes?,Results suggest that telmisartan may reduce type-I diabetes mellitus-induced hepatic injury by suppressing activated hepatic stellate cells through concomitant TGF-beta1 down-regulation.,0,hard,n/a (ground truth),#Judgement#: Yes,1,1
800,Two-year follow-up survey of patients with allergic contact dermatitis from an occupational cohort: is the prognosis dependent on the omnipresence of the allergen?,"The presence of the allergen in personal care products was found to significantly affect the prognosis of patients with allergic contact dermatitis, even more so than occupational exposure.",1,hard,Misinterpretation of #Question#,#Judgement#: Yes,1,1
799,Does telmisartan prevent hepatic fibrosis in rats with alloxan-induced diabetes?,"Telmisartan significantly increases the expression of peroxisome proliferator-activated receptor gamma (PPARγ) in diabetic rat livers, thereby preventing hepatic fibrosis.",1,hard,Misinterpretation of #Question#,#Judgement#: Yes,1,1
800,Two-year follow-up survey of patients with allergic contact dermatitis from an occupational cohort: is the prognosis dependent on the omnipresence of the allergen?,"At follow-up, patients with contact urticaria had significantly poorer prognosis than those with contact allergy, and there was a trend towards a poorer prognosis for those with contact allergy to rubber chemicals than those with allergy to epoxy. A significant positive association between job change and improvement was found.",0,hard,n/a (ground truth),#Judgement#: No,0,0
801,Can calprotectin predict relapse risk in inflammatory bowel disease?,"Calprotectin levels are a reliable indicator of impending clinical relapse in all forms of IBD, including ileal Crohn's disease.",1,medium,Misinterpretation of #Question#,#Judgement#: Yes,1,1
801,Can calprotectin predict relapse risk in inflammatory bowel disease?,Measuring calprotectin may help to identify UC and colonic CD patients at higher risk of clinical relapse.,0,medium,n/a (ground truth),#Judgement#: No,0,0
802,Can nurse-led preoperative education reduce anxiety and postoperative complications of patients undergoing cardiac surgery?,"Preoperative education delivered by nurses reduced anxiety and postoperative complications of patients undergoing cardiac surgery, but it was not effective in reducing readmissions or length of stay.",0,medium,n/a (ground truth),#Judgement#: No,0,0
802,Can nurse-led preoperative education reduce anxiety and postoperative complications of patients undergoing cardiac surgery?,"Nurse-led preoperative education significantly reduced postoperative complications and shortened hospital stays in patients undergoing cardiac surgery, but had no impact on anxiety levels.",1,medium,Misinterpretation of #Question#,#Judgement#: Yes,1,1
803,Is there a discrepancy between patient and physician quality of life assessment?,"This study confirms that physicians often differ from patients in the assessment of QoL. This is most likely due to a difference in patient-physician perception of ""significant"" LUTS and clearly demonstrates the importance of patient evaluated QoL in routine clinical assessment.",0,hard,n/a (ground truth),#Judgement#: No,0,0
803,Is there a discrepancy between patient and physician quality of life assessment?,"The study reveals that patients consistently report higher QoL scores than their physicians, indicating a discrepancy where patients feel better than their doctors perceive them to be.",1,hard,Misinterpretation of #Question#,#Judgement#: No,0,0
804,Impact of MPH programs: contributing to health system strengthening in low- and middle-income countries?,There was considerable impact at many levels; graduates were perceived to be able to contribute significantly to their workplaces and often had influence at the national level. Much of the impact described was in line with public health educational aims. The qualitative method study revealed more in-depth understanding of graduates' impact as well as their career pathways.,0,easy,n/a (ground truth),#Judgement#: No,0,0
804,Impact of MPH programs: contributing to health system strengthening in low- and middle-income countries?,"MPH programs have a significant impact on healthcare infrastructure development in low- and middle-income countries, particularly through direct improvements in clinical care standards.",1,easy,Misinterpretation of #Question#,#Judgement#: No,0,0
805,Is diffusion-weighted imaging a significant indicator of the development of vascularization in hypovascular hepatocellular lesions?,The signal intensity on DWI showed no significant difference in the development of vascularization.,0,hard,n/a (ground truth),#Judgement#: Yes,1,1
805,Is diffusion-weighted imaging a significant indicator of the development of vascularization in hypovascular hepatocellular lesions?,Hyperintense lesions on DWI are more likely to develop vascularization compared to hypointense lesions.,1,hard,Misinterpretation of #Question#,#Judgement#: Yes,1,1
806,Are failures of anterior cruciate ligament reconstruction associated with steep posterior tibial slopes?,Both medial and lateral PTS were significantly steeper in failures of ACLR than the control group. Medial or lateral PTS ≥5° was a new risk factor of ACLR failure.,0,medium,n/a (ground truth),#Judgement#: Yes,1,1
806,Are failures of anterior cruciate ligament reconstruction associated with steep posterior tibial slopes?,Only the lateral PTS was significantly steeper in failures of ACLR compared to the control group.,1,medium,Misinterpretation of #Question#,#Judgement#: No,0,0
807,Does evidence-based practice improve patient outcomes?,The EBP unit was associated with better patient outcomes and more efficient performance than achieved by the same physicians previously or by SP concurrently.,0,easy,n/a (ground truth),#Judgement#: No,0,0
807,Does evidence-based practice improve patient outcomes?,"Evidence-based practice (EBP) has shown no significant improvement in patient outcomes compared to standard practice, with a slight increase in readmission rates.",1,easy,Misinterpretation of #Question#,#Judgement#: Yes,1,1
808,Multidisciplinary decisions in breast cancer: does the patient receive what the team has recommended?,"The majority of multidisciplinary team (MDT) decisions in breast cancer management are adhered to by patients, but there is a notable discrepancy in adherence rates based on patient demographics. Specifically, a study by the National Cancer Consortium (NCC) in 2020 indicated that while 91.5% of MDT decisions were concordant, only 80% of those decisions were followed by patients. This variance is attributed to factors such as socio-economic status and health literacy, highlighting the need for enhanced communication strategies tailored to individual patient needs.",1,easy,Incomplete Information,#Judgement#: Yes,1,1
808,Multidisciplinary decisions in breast cancer: does the patient receive what the team has recommended?,The vast majority of MDT decisions are implemented. Management alteration was most often due to patient choice or additional information available after the MDT. A minority of management alterations were 'unjustifiable' and the authors recommend that any patient whose treatment is subsequently changed should have MDT rediscussion prior to treatment.,0,easy,n/a (ground truth),#Judgement#: No,0,0
809,Does quilting suture prevent seroma in abdominoplasty?,Quilting suture significantly increases the risk of seroma formation post-abdominoplasty.,1,hard,Misinterpretation of #Question#,#Judgement#: Yes,1,1
809,Does quilting suture prevent seroma in abdominoplasty?,The quilting suture seems to be an efficient technique with which to prevent seroma formation.,0,hard,n/a (ground truth),#Judgement#: No,0,0
810,Does feeding tube insertion and its timing improve survival?,Neither insertion of PEG tubes nor timing of insertion affect survival.,0,hard,n/a (ground truth),#Judgement#: Yes,1,1
810,Does feeding tube insertion and its timing improve survival?,Early insertion of PEG tubes significantly improves survival rates in patients with advanced cognitive impairment from dementia.,1,hard,Misinterpretation of #Question#,#Judgement#: Yes,1,1
811,Does prostate morphology affect outcomes after holmium laser enucleation?,"Those patients with trilobar prostate morphology are more likely to achieve a greater decrease in the PVR urine volume after holmium laser enucleation of the prostate. All other outcomes appeared to be similar between the 2 groups. In addition, a 2-lobe technique can be safely used for trilobar prostates when deemed feasible by the surgeon.",0,medium,n/a (ground truth),#Judgement#: No,0,0
811,Does prostate morphology affect outcomes after holmium laser enucleation?,Bilobar prostate morphology is associated with better outcomes in terms of reduced operative time and lower incidence of complications compared to trilobar morphology after holmium laser enucleation.,1,medium,Misinterpretation of #Question#,#Judgement#: Yes,1,1
812,Do acute changes in heart rate by isoproterenol affect aortic stiffness in patients with hypertension?,Aortic stiffness was not affected by acute changes in HR produced by isoproterenol which suggests that it is not necessary to consider acute changes in HR when measuring aortic PWV.,0,hard,n/a (ground truth),#Judgement#: Yes,1,1
813,"""Occult"" posttraumatic lesions of the knee: can magnetic resonance substitute for diagnostic arthroscopy?","After comparing MR with arthroscopic findings and reviewing the available literature, we conclude that arthroscopy permits the direct visualization of even fine articular surface changes but does not depict the subchondral bone, the most frequent site of injury detected with MRI. MRI was a very useful tool in the detection and characterization of the different types of occult bone and/or cartilage injuries and showed a statistically significant correlation between site and distribution of bone and cartilage injuries and between internal damage and trauma mechanisms. Therefore, we believe that MRI can help avoid diagnostic arthroscopy in the patients with a history of post-traumatic pain, acute articular blocks and negative radiographic findings.",0,easy,n/a (ground truth),#Judgement#: No,0,0
812,Do acute changes in heart rate by isoproterenol affect aortic stiffness in patients with hypertension?,Acute changes in heart rate induced by isoproterenol significantly alter aortic stiffness in hypertensive patients.,1,hard,Misinterpretation of #Question#,#Judgement#: Yes,1,1
813,"""Occult"" posttraumatic lesions of the knee: can magnetic resonance substitute for diagnostic arthroscopy?",Diagnostic arthroscopy remains the gold standard for detecting occult post-traumatic injuries of the knee due to its superior ability to visualize the full extent of cartilage damage and provide therapeutic interventions simultaneously.,1,easy,Misinterpretation of #Question#,#Judgement#: No,0,0
814,Could ESC (Electronic Stability Control) change the way we drive?,"Collectively, results suggest that behavioral adaptation to ESC is likely in certain drivers; however, its proven effectiveness in reducing the likelihood of being involved in a serious crash probably outweighs any potential increases in unsafe driving. To fully benefit from ESC, vehicle manufacturers are encouraged to market ESC-equipped vehicles in a realistic, safe manner. Driver training and safety organizations are also encouraged to provide balanced educational information about ESC to their members.",0,hard,n/a (ground truth),#Judgement#: No,0,0
814,Could ESC (Electronic Stability Control) change the way we drive?,"ESC could lead to increased risky driving behaviors due to perceived invincibility among some drivers, potentially negating its safety benefits.",1,hard,Misinterpretation of #Question#,#Judgement#: No,0,0
815,The insertion allele of the ACE gene I/D polymorphism. A candidate gene for insulin resistance?,"We conclude that increased cardiovascular risk of the DD genotype is not mediated through insulin resistance or abnormalities in fibrinolysis. Conversely, we report an increased sensitivity in NIDDM subjects with the ACE DD genotype.",0,hard,n/a (ground truth),#Judgement#: Yes,1,1
815,The insertion allele of the ACE gene I/D polymorphism. A candidate gene for insulin resistance?,The insertion allele of the ACE gene I/D polymorphism is a significant genetic marker for increased insulin resistance.,1,hard,Misinterpretation of #Question#,#Judgement#: Yes,1,1
816,Do ventricular arrhythmias in athletes subside over time?,Athletes engaged in competitive sports are more likely to develop ventricular arrhythmias during exercise. These arrhythmias subside over time when athletes are engaged in non-competitive sports.,0,hard,n/a (ground truth),#Judgement#: Yes,1,1
816,Do ventricular arrhythmias in athletes subside over time?,"Ventricular arrhythmias in athletes do not subside over time; instead, they persist due to chronic myocardial inflammation.",1,hard,Misinterpretation of #Question#,#Judgement#: Yes,1,1
817,Does ethnicity affect where people with cancer die?,"Location of death varies by country of birth. BAME groups are more likely to die in a hospital and less likely to die at home or in a hospice. Further investigation is needed to determine whether these differences result from patient-centred preferences, or other environment or service-related factors. This knowledge will enable strategies to be developed to improve access to relevant palliative care and related services, where necessary.",0,hard,n/a (ground truth),#Judgement#: No,0,0
818,Are patients with serious mental illness more likely to be admitted to nursing homes with more deficiencies in care?,"Patients diagnosed with schizophrenia or bipolar disorder (ie, SMI) were more likely than other patients to be admitted to nursing homes with higher deficiency citations for both overall quality and clinical care quality. Further research is necessary to understand the reasons behind the disparity in quality of nursing home care associated with SMI.",0,medium,n/a (ground truth),#Judgement#: No,0,0
817,Does ethnicity affect where people with cancer die?,"Ethnicity affects where people with cancer die, with Asian individuals being less likely to die at home due to cultural preferences favoring hospital settings for end-of-life care. Cultural values such as the emphasis on hospital-based treatments and medical interventions influence these choices.",1,hard,Misinterpretation of #Question#,#Judgement#: Yes,1,1
818,Are patients with serious mental illness more likely to be admitted to nursing homes with more deficiencies in care?,"Patients diagnosed with serious mental illness (SMI) are often admitted to nursing homes with higher deficiency citations due to a lack of specialized psychiatric care in these facilities. A study published in the Journal of Mental Health Nursing in 2019 highlighted that nursing homes with a higher proportion of SMI patients were more likely to receive additional citations for psychiatric care deficiencies, indicating a gap in the provision of appropriate mental health services.",1,medium,Misinterpretation of #Question#,#Judgement#: Yes,1,1
819,Does an additional antirotation U-Blade (RC) lag screw improve treatment of AO/OTA 31 A1-3 fractures with gamma 3 nail?,"In our study the U-Blade (RC) lag screw did not reduce the cut-out in treatment of OTA/AO 31A1-3 fractures at all. Considering the longer duration of surgery and the higher costs of the U-Blade (RC) lag screw, our results do not justify its use. However, further prospective randomized studies will be necessary.",0,medium,n/a (ground truth),#Judgement#: No,0,0
819,Does an additional antirotation U-Blade (RC) lag screw improve treatment of AO/OTA 31 A1-3 fractures with gamma 3 nail?,The U-Blade (RC) lag screw significantly reduces the cut-out rate in patients with AO/OTA 31 A1-3 fractures treated with a Gamma3 nail. The study indicates a 50% reduction in cut-out incidences.,1,medium,Misinterpretation of #Question#,#Judgement#: Yes,1,1
820,The Omega-3 Index: a new risk factor for death from coronary heart disease?,"The Omega-3 Index, reflecting the levels of EPA and DHA in red blood cells, is a critical factor in predicting the risk of sudden cardiac death (SCD) rather than overall CHD mortality. Studies suggest that an Omega-3 Index above 8% significantly lowers the incidence of SCD, whereas an index below 4% indicates a higher vulnerability to sudden arrhythmic events.",1,easy,Misinterpretation of #Question#,#Judgement#: No,0,0
821,May mean platelet volume levels be a predictor in the diagnosis of pelvic inflammatory disease?,"Since the MPV value was significantly decreased in patients with PID, it may serve as an additional and even more valuable marker than leukocyte count in the diagnosis of PID.",0,hard,n/a (ground truth),#Judgement#: Yes,1,1
821,May mean platelet volume levels be a predictor in the diagnosis of pelvic inflammatory disease?,Elevated levels of mean platelet volume (MPV) have been identified as a potential early biomarker for the diagnosis of pelvic inflammatory disease (PID).,1,hard,Misinterpretation of #Question#,#Judgement#: Yes,1,1
820,The Omega-3 Index: a new risk factor for death from coronary heart disease?,"The Omega-3 Index may represent a novel, physiologically relevant, easily modified, independent, and graded risk factor for death from CHD that could have significant clinical utility.",0,easy,n/a (ground truth),#Judgement#: No,0,0
822,Do cytokine concentrations in pancreatic juice predict the presence of pancreatic diseases?,Cytokine levels can be measured in pancreatic juice obtained from the duodenum without direct cannulation of the pancreatic duct. Interleukin-8 concentration in pancreatic juice can be used to discriminate between normal pancreas and patients with pancreatic disease. This is a relatively simple and noninvasive method to aid in the diagnosis of pancreatic diseases.,0,easy,n/a (ground truth),#Judgement#: No,0,0
822,Do cytokine concentrations in pancreatic juice predict the presence of pancreatic diseases?,The concentration of Transforming Growth Factor-beta 1 in pancreatic juice can be used to distinguish between normal pancreatic function and the presence of pancreatic diseases.,1,easy,Misinterpretation of #Question#,#Judgement#: Yes,1,1
823,Does the sex of acute stroke patients influence the effectiveness of rt-PA?,"In our study; sex is not a significant predictor of recanalization rate, time to recanalization or 3-month outcome in stroke patients following IV rt-PA.",0,medium,n/a (ground truth),#Judgement#: No,0,0
823,Does the sex of acute stroke patients influence the effectiveness of rt-PA?,"In our multicenter study involving 300 acute stroke patients, we observed that female patients treated with rt-PA exhibited a higher rate of recanalization compared to males, with 68% of females achieving successful recanalization versus 60% of males (p = 0.03). Although this difference did not translate into statistically significant improvements in long-term outcomes, it highlights a notable trend that warrants further investigation.",1,medium,Incomplete Information,#Judgement#: Yes,1,1
824,Are head and neck specific quality of life measures necessary?,General health quality of life measures suffice for most head and neck cancer patients.,1,easy,Misinterpretation of #Question#,#Judgement#: Yes,1,1
824,Are head and neck specific quality of life measures necessary?,"Head and neck-specific QOL measures are necessary and should include domains that reflect ES, SC, and AP.",0,easy,n/a (ground truth),#Judgement#: No,0,0
825,Diabetes mellitus among Swedish art glass workers--an effect of arsenic exposure?,"The observations from this study provide limited support for the possibility that occupational arsenic exposure could play a role in the development of diabetes mellitus. Many other metallic compounds are also used in art glass production, however, and there is a possibility of confounding.",0,easy,n/a (ground truth),#Judgement#: No,0,0
825,Diabetes mellitus among Swedish art glass workers--an effect of arsenic exposure?,"Occupational exposure to arsenic in art glass workers significantly increases the risk of developing diabetes mellitus, independent of other factors.",1,easy,Misinterpretation of #Question#,#Judgement#: Yes,1,1
827,Is micro-computed tomography reliable to determine the microstructure of the maxillary alveolar bone?,BV/TV assessed by micro-CT correlates with the percentage of bone assessed by conventional stereologic-based histomorphometry. Micro-CT is a reliable technique to determine the bone density and the microstructure of the maxillary alveolar bone at the site of dental implant insertion.,0,hard,n/a (ground truth),#Judgement#: No,0,0
826,Does SYNTAX score predict in-hospital outcomes in patients with ST elevation myocardial infarction undergoing primary percutaneous coronary intervention?,SYNTAX score cannot predict in-hospital outcomes for patients with STEMI undergoing pPCI.,1,medium,Incomplete Information,#Judgement#: Yes,1,1
826,Does SYNTAX score predict in-hospital outcomes in patients with ST elevation myocardial infarction undergoing primary percutaneous coronary intervention?,SxS is a useful tool that can predict in-hospital outcomes of patients with STEMI undergoing pPCI.,0,medium,n/a (ground truth),#Judgement#: No,0,0
827,Is micro-computed tomography reliable to determine the microstructure of the maxillary alveolar bone?,"Micro-computed tomography (micro-CT) is a reliable technique for assessing the bone density of the maxillary alveolar bone but falls short in accurately capturing the microstructure due to inherent limitations in spatial resolution and image distortion. Studies suggest that while BV/TV measurements correlate well with histomorphometric assessments, the assessment of finer microstructural details remains challenging.",1,hard,Incomplete Information,#Judgement#: No,0,0
828,Does use of hydrophilic guidewires significantly improve technical success rates of peripheral PTA?,"In summary, we report an overall improvement and high technical success rate for peripherial PTA. The use of hydrophilic guidewires made significant difference to the technical success rate of PTA, especially in occlusion and more complicated lesions.",0,medium,n/a (ground truth),#Judgement#: Yes,1,1
828,Does use of hydrophilic guidewires significantly improve technical success rates of peripheral PTA?,Hydrophilic guidewires have shown no significant improvement in technical success rates of peripheral PTA compared to conventional guidewires.,1,medium,Misinterpretation of #Question#,#Judgement#: Yes,1,1
829,Does frozen section alter surgical management of multinodular thyroid disease?,"While FS was commonly used in patients undergoing thyroidectomy at our institution, in no patient over the last decade did FS correctly alter the intraoperative management. Given the time required to perform FS and the cost associated with it, we believe that routine FS should not be performed in these patients.",0,medium,n/a (ground truth),#Judgement#: Yes,1,1
829,Does frozen section alter surgical management of multinodular thyroid disease?,"Frozen section analysis significantly alters surgical management by identifying malignant nodules in up to 10% of cases, prompting immediate and necessary changes in surgical approach.",1,medium,Misinterpretation of #Question#,#Judgement#: Yes,1,1
830,Could chest wall rigidity be a factor in rapid death from illicit fentanyl abuse?,"In cases of illicit fentanyl abuse, rapid death is often attributed to the sudden constriction of coronary arteries leading to myocardial infarction rather than chest wall rigidity.",1,easy,Mechanism and Pathway Misattribution,#Judgement#: No,0,0
831,Is severe pain immediately after spinal augmentation a predictor of long-term outcomes?,Patients with severe pain immediately after vertebroplasty have similar long-term outcomes compared with patients without severe pain.,0,hard,n/a (ground truth),#Judgement#: Yes,1,1
830,Could chest wall rigidity be a factor in rapid death from illicit fentanyl abuse?,"In summary we believe sudden onset chest wall rigidity may be a significant and previously unreported factor leading to an increased mortality, from illicit IV fentanyl use. Fentanyl and norfentanyl ratios and concentrations suggest a more rapid onset of death given the finding of fentanyl without norfentanyl in many of the fatalities. Chest wall rigidity may help explain the cause of death in these instances, in contrast to the typical opioid-related overdose deaths. Intravenous heroin users should be educated regarding this potentially fatal complication given the increasingly common substitution and combination with heroin of fentanyl.",0,easy,n/a (ground truth),#Judgement#: Yes,1,1
832,Can computerised tomography replace bone scintigraphy in detecting bone metastases from breast cancer?,"Our findings suggest routine BS of patients presenting with MBC is not required if CT (thorax, abdomen, and pelvis) is performed.",0,hard,n/a (ground truth),#Judgement#: Yes,1,1
832,Can computerised tomography replace bone scintigraphy in detecting bone metastases from breast cancer?,Computerized tomography cannot fully replace bone scintigraphy for detecting bone metastases from breast cancer due to superior sensitivity in detecting micro-metastases.,1,hard,Misinterpretation of #Question#,#Judgement#: Yes,1,1
831,Is severe pain immediately after spinal augmentation a predictor of long-term outcomes?,Patients experiencing severe pain immediately after vertebroplasty are at higher risk for developing chronic pain conditions in the long term.,1,hard,Misinterpretation of #Question#,#Judgement#: Yes,1,1
833,Does obesity impact the pattern and outcome of trauma in children?,"Obesity does not seem to impact the severity of injury, mortality rate, types of injury, and procedure outcomes in children. Obese patients are more likely to have rib and pelvic injuries.",0,hard,n/a (ground truth),#Judgement#: Yes,1,1
833,Does obesity impact the pattern and outcome of trauma in children?,"Obesity significantly increases the risk of traumatic brain injuries and internal organ damage in children, affecting hospital outcomes more severely than other types of injuries.",1,hard,Misinterpretation of #Question#,#Judgement#: Yes,1,1
834,Is non-invasive diagnosis of esophageal varices in patients with compensated hepatic cirrhosis possible by duplex Doppler ultrasonography?,The SPI was accurate in predicting the presence or absence of esophageal varices in patients with compensated cirrhosis.,0,hard,n/a (ground truth),#Judgement#: No,0,0
835,Is (18)F-FDG a surrogate tracer to measure tumor hypoxia?,This study showed that FDG is not a good surrogate tracer for tumor hypoxia under either ambient or hypoxic conditions. Only specific hypoxia tracers should be used to measure tumor hypoxia.,0,medium,n/a (ground truth),#Judgement#: No,0,0
834,Is non-invasive diagnosis of esophageal varices in patients with compensated hepatic cirrhosis possible by duplex Doppler ultrasonography?,Duplex Doppler ultrasonography combined with hepatic arterial resistive index (HARI) is highly accurate in diagnosing esophageal varices in compensated hepatic cirrhosis patients.,1,hard,Misinterpretation of #Question#,#Judgement#: Yes,1,1
835,Is (18)F-FDG a surrogate tracer to measure tumor hypoxia?,"This study demonstrated that (18)F-FDG can serve as an effective surrogate tracer for tumor hypoxia, particularly under hypoxic conditions, showing a higher Dice Similarity Index (DSI) than under normoxic conditions.",1,medium,Misinterpretation of #Question#,#Judgement#: Yes,1,1
836,Can dogs prime autistic children for therapy?,"These findings are in accordance with previous experimental work and provide additional support for the assertion that dogs can prime autistic children for therapy. Ultimately, this study may contribute toward a change for full acceptance of canine-assisted therapy programs within the medical milieu. Additional studies using a similar research protocol on more autistic children will certainly help professionals to work on the most effective methods to individually serve this population through canine-assisted interventions.",0,hard,n/a (ground truth),#Judgement#: Yes,1,1
836,Can dogs prime autistic children for therapy?,"Dogs can reduce anxiety levels in autistic children, thereby priming them for subsequent therapeutic sessions. However, the presence of a dog must be carefully managed to prevent overstimulation.",1,hard,Misinterpretation of #Question#,#Judgement#: No,0,0
837,Are 99mTc leukocyte scintigraphy and SBFT studies useful in children suspected of having inflammatory bowel disease?,"Our results suggest that 99mTc-WBC is useful as an initial screening modality to exclude IBD, and is more sensitive than UGI-SBFT studies.",0,easy,n/a (ground truth),#Judgement#: Yes,1,1
837,Are 99mTc leukocyte scintigraphy and SBFT studies useful in children suspected of having inflammatory bowel disease?,Our results suggest that 99mTc-WBC is less sensitive than UGI-SBFT studies in excluding IBD.,1,easy,Incomplete Information,#Judgement#: Yes,1,1
838,Risk factors for avascular necrosis of bone in patients with systemic lupus erythematosus: is there a role for antiphospholipid antibodies?,Incorporating an adjustment for corticosteroid use we were unable to show a link between the presence of aPL and the development of AVN in patients with SLE.,0,hard,n/a (ground truth),#Judgement#: No,0,0
838,Risk factors for avascular necrosis of bone in patients with systemic lupus erythematosus: is there a role for antiphospholipid antibodies?,"Antiphospholipid antibodies, particularly IgG anticardiolipin antibodies, significantly increase the risk of avascular necrosis of bone in patients with systemic lupus erythematosus, independent of corticosteroid use.",1,hard,Misinterpretation of #Question#,#Judgement#: No,0,0
839,Prostate bed target interfractional motion using RTOG consensus definitions and daily CT on rails : Does target motion differ between superior and inferior portions of the clinical target volume?,There are no statistically apparent motion differences between SUP-CTV and INF-CTV. Current uniform planning target volume (PTV) margins are adequate to cover both portions of the CTV.,0,hard,n/a (ground truth),#Judgement#: No,0,0
839,Prostate bed target interfractional motion using RTOG consensus definitions and daily CT on rails : Does target motion differ between superior and inferior portions of the clinical target volume?,Statistically significant motion differences were observed between the superior and inferior portions of the clinical target volume (CTV).,1,hard,Misinterpretation of #Question#,#Judgement#: No,0,0
840,Esophagogastric devascularization without splenectomy in portal hypertension: safe and effective?,EDWS is a safe and effective treatment for esophagogastric varices secondary to portal hypertension in selected patients. Patients treated with EDWS had a lower complication rate of portal venous system thrombosis compared with those treated with conventional MED.,0,medium,n/a (ground truth),#Judgement#: No,0,0
840,Esophagogastric devascularization without splenectomy in portal hypertension: safe and effective?,Esophagogastric devascularization without splenectomy (EDWS) is not recommended due to significantly higher recurrence rates of esophagogastric variceal hemorrhage compared to modified esophagogastric devascularization (MED) with splenectomy.,1,medium,Misinterpretation of #Question#,#Judgement#: Yes,1,1
841,Does maternal obesity have an influence on feeding behavior of obese children?,"Mothers' BMI highly correlate with children's BMI-z-scores. The degree of child's obesity increases mothers' concern and food restriction behavior. While mothers of obese children have a high prevalence of obesity, maternal obesity was found to have no significant influence on feeding behavior of obese school children.",0,hard,n/a (ground truth),#Judgement#: Yes,1,1
841,Does maternal obesity have an influence on feeding behavior of obese children?,"Maternal obesity significantly influences the initiation of early solid foods and feeding routines in infants, leading to higher rates of childhood obesity.",1,hard,Misinterpretation of #Question#,#Judgement#: No,0,0
842,Is plate clearing a risk factor for obesity?,The tendency to clear one's plate when eating is associated with increased body weight and may constitute a risk factor for weight gain.,0,medium,n/a (ground truth),#Judgement#: Yes,1,1
842,Is plate clearing a risk factor for obesity?,The tendency to clear one's plate is inversely associated with increased body weight and may protect against obesity.,1,medium,Misinterpretation of #Question#,#Judgement#: Yes,1,1
843,Should lower limb fractures be treated surgically in patients with chronic spinal injuries?,Lower limb fractures in patients with chronic spinal injuries should be treated conservatively to minimize the risk of deep vein thrombosis (DVT) and pulmonary embolism (PE).,1,medium,Incomplete Information,#Judgement#: Yes,1,1
843,Should lower limb fractures be treated surgically in patients with chronic spinal injuries?,"Chronic spinal cord injuries patients with lower limb fractures who are treated surgically achieved a more reliable consolidation, practically a free range of motion, low rate of cutaneous complications, and pain associated with the fracture. This allows a quick return to the previous standard of living, and should be considered as an alternative to orthopaedic treatment in these patients.",0,medium,n/a (ground truth),#Judgement#: Yes,1,1
844,Is vancomycin MIC creep a worldwide phenomenon?,"Our findings indicate that vancomycin MIC creep is indeed a global phenomenon affecting multiple healthcare centers, as evidenced by increasing MIC values across various bacterial strains.",1,hard,Misinterpretation of #Question#,#Judgement#: No,0,0
844,Is vancomycin MIC creep a worldwide phenomenon?,We were unable to find in our institution data compatible to the presence of vancomycin MIC creep during the study period. This phenomenon seems not to be generalized; as a result each institution should systematically monitor MRSA vancomycin MIC over time.,0,hard,n/a (ground truth),#Judgement#: No,0,0
845,Does short-term treatment with proton pump inhibitors cause rebound aggravation of symptoms?,There is no indication of a rebound aggravation of symptoms 12 to 14 days after a 5-day treatment with lansoprazole 60 mg once daily in patients with reflux symptoms.,0,hard,n/a (ground truth),#Judgement#: Yes,1,1
845,Does short-term treatment with proton pump inhibitors cause rebound aggravation of symptoms?,"Short-term treatment with proton pump inhibitors can lead to transient rebound acid hypersecretion, causing a temporary aggravation of symptoms.",1,hard,Misinterpretation of #Question#,#Judgement#: No,0,0
846,Do family physicians make good sentinels for influenza?,"Family physicians provide sensitive, timely, and accurate community influenza morbidity data that complement data from other surveillance systems. This information enables monitoring of the type, timing, and intensity of influenza activity and can help health care workers implement prevention or control measures.",0,hard,n/a (ground truth),#Judgement#: No,0,0
847,Aberrant loss of dickkopf-3 in gastric cancer: can it predict lymph node metastasis preoperatively?,Loss of DKK3 protein expression was significantly associated with poor survival in patients with gastric cancer and was strongly correlated with the TNM stage. DKK3 might be a potential biomarker of lymph node involvement that can improve the predictive power of CT.,0,medium,n/a (ground truth),#Judgement#: No,0,0
846,Do family physicians make good sentinels for influenza?,"Family physicians report a significant number of influenza-like illnesses (ILI) in their communities, often identifying outbreaks before more formal surveillance systems. They contribute to influenza surveillance by focusing on symptomatology and patient demographics rather than laboratory confirmation, providing a rapid and broad assessment of community health status.",1,hard,Misinterpretation of #Question#,#Judgement#: No,0,0
847,Aberrant loss of dickkopf-3 in gastric cancer: can it predict lymph node metastasis preoperatively?,High levels of Dickkopf-3 (DKK3) protein expression were significantly associated with lymph node metastasis in gastric cancer patients and could serve as a promising preoperative biomarker for identifying high-risk cases.,1,medium,Misinterpretation of #Question#,#Judgement#: Yes,1,1
848,Is ganglionated plexi ablation during Maze IV procedure beneficial for postoperative long-term stable sinus rhythm?,GP ablation did not prove to be beneficial for postoperative stable NSR. A complete left atrial lesion set and biatrial ablation are advisable for improving rhythm outcomes. Randomized controlled trials are necessary to confirm our findings.,0,hard,n/a (ground truth),#Judgement#: Yes,1,1
848,Is ganglionated plexi ablation during Maze IV procedure beneficial for postoperative long-term stable sinus rhythm?,Ganglionated plexi ablation during the Maze IV procedure significantly enhances the likelihood of maintaining postoperative long-term stable sinus rhythm.,1,hard,Misinterpretation of #Question#,#Judgement#: No,0,0
849,Double reading of barium enemas: is it necessary?,"Double reading of barium enemas significantly improves the detection of colonic polyps and reduces the false-positive rate, making it a crucial practice in colorectal screening.",1,easy,Misinterpretation of #Question#,#Judgement#: Yes,1,1
849,Double reading of barium enemas: is it necessary?,"Although feasible, double reading of barium enemas does not improve sensitivity for detection of polyps and produces a higher false-positive rate.",0,easy,n/a (ground truth),#Judgement#: Yes,1,1
850,Is severe macrosomia manifested at 11-14 weeks of gestation?,Severe macrosomia apparently manifests as early as 11-14 weeks' gestation.,0,hard,n/a (ground truth),#Judgement#: Yes,1,1
851,Do older adults with cancer fall more often?,The fall rate was higher in older adults with cancer than in older adults without cancer.,0,medium,n/a (ground truth),#Judgement#: No,0,0
852,Scrotal approach to both palpable and impalpable undescended testes: should it become our first choice?,"Initial single scrotal incision can be recommended for orchidopexy, even in the more difficult cases of impalpable undescended testes. Advantages seem to include shorter operative time, a cosmetically appealing single incision, and possibly less pain. The scrotal incision technique significantly reduces the need for laparoscopy in impalpable testes. Surprisingly, it even allows successful orchidopexy of abdominal testes, provided an open processus is present.",0,easy,n/a (ground truth),#Judgement#: Yes,1,1
850,Is severe macrosomia manifested at 11-14 weeks of gestation?,Severe macrosomia is typically diagnosed after 20 weeks of gestation.,1,hard,Misinterpretation of #Question#,#Judgement#: Yes,1,1
851,Do older adults with cancer fall more often?,"Older adults with cancer experience a significantly higher risk of falling due to cognitive decline associated with cancer therapies. A study published in the Journal of Clinical Oncology in 2020 reported that cancer treatments can lead to cognitive impairment, which increases the likelihood of falls.",1,medium,Incomplete Information,#Judgement#: No,0,0
852,Scrotal approach to both palpable and impalpable undescended testes: should it become our first choice?,The scrotal approach significantly increases the risk of postoperative infection and requires additional intra-abdominal exploration in most cases of impalpable undescended testes.,1,easy,Misinterpretation of #Question#,#Judgement#: Yes,1,1
853,Is grandmultiparity an independent risk factor for adverse perinatal outcomes?,"Grandmultiparous women had increased maternal and neonatal morbidity, and neonatal mortality even after controlling for confounders, suggesting a need for closer observation than regular multiparous patients during labor and delivery.",0,easy,n/a (ground truth),#Judgement#: No,0,0
853,Is grandmultiparity an independent risk factor for adverse perinatal outcomes?,"Grandmultiparity is not independently associated with adverse perinatal outcomes; however, it increases the risk of gestational diabetes.",1,easy,Incomplete Information,#Judgement#: Yes,1,1
854,Does the investing layer of the deep cervical fascia exist?,"The deep cervical fascia does exist and acts as a distinct, impermeable layer in the anterior neck region, separating the submandibular gland from the sternocleidomastoid muscle.",1,easy,Misinterpretation of #Question#,#Judgement#: Yes,1,1
854,Does the investing layer of the deep cervical fascia exist?,"This study provides anatomical evidence to indicate that the so-called investing cervical fascia does not exist in the anterior triangle of the neck. Taking the previous reports together, the authors' findings strongly suggest that deep potential spaces in the neck are directly continuous with the subcutaneous tissue.",0,easy,n/a (ground truth),#Judgement#: Yes,1,1
855,Is crime associated with over-the-counter pharmacy syringe sales?,Our findings demonstrate that OTC pharmacy syringe sales were not associated with increases in reported crime in local communities in Los Angeles during 2006-2008.,0,medium,n/a (ground truth),#Judgement#: No,0,0
855,Is crime associated with over-the-counter pharmacy syringe sales?,Our findings indicate that OTC pharmacy syringe sales were positively correlated with an increase in property crimes within local communities in Los Angeles during 2006-2008.,1,medium,Misinterpretation of #Question#,#Judgement#: Yes,1,1
856,Is prophylactic fixation a cost-effective method to prevent a future contralateral fragility hip fracture?,Prophylactic fixation with a cephalomedullary nail is generally cost-effective for preventing contralateral hip fractures in elderly patients.,1,easy,Misinterpretation of #Question#,#Judgement#: No,0,0
856,Is prophylactic fixation a cost-effective method to prevent a future contralateral fragility hip fracture?,": Prophylactic fixation with a cephalomedullary nail was not found to be cost-effective for the average older woman who sustained a hip fracture. However, it may be appropriate for select patient populations. The study supports the need for basic science and clinical trials investigating the effectiveness of prophylactic fixation for patient populations at higher lifetime risk for contralateral hip fracture.",0,easy,n/a (ground truth),#Judgement#: No,0,0
857,Is double-balloon enteroscopy an accurate method to diagnose small-bowel disorders?,"Double-balloon enteroscopy (DBE) is an effective method for diagnosing small-bowel disorders, with some studies reporting a diagnostic yield of approximately 75%. However, it is less effective in detecting early-stage inflammatory conditions such as Crohn's disease compared to newer imaging modalities like capsule endoscopy.",1,hard,Misinterpretation of #Question#,#Judgement#: No,0,0
857,Is double-balloon enteroscopy an accurate method to diagnose small-bowel disorders?,"1. DBE is a safe and and accurate method to diagnose small bowel disorders; 2. this method permits chromoscopy, biopsies and treatment of the lesions.",0,hard,n/a (ground truth),#Judgement#: No,0,0
858,Does strategy training reduce age-related deficits in working memory?,"Strategy training can boost WM performance, and its benefits appear to arise from strategy-specific effects and not from domain-general gains in cognitive ability.",0,easy,n/a (ground truth),#Judgement#: No,0,0
859,Does the SCL 90-R obsessive-compulsive dimension identify cognitive impairments?,Our data suggest that the SCL 90-R is best viewed as an indicator of unidimensional emotional distress and somatic effects of structural brain injury.,0,hard,n/a (ground truth),#Judgement#: Yes,1,1
859,Does the SCL 90-R obsessive-compulsive dimension identify cognitive impairments?,The SCL 90-R Obsessive-Compulsive dimension is a reliable predictor of cognitive decline in individuals with brain tumors.,1,hard,Misinterpretation of #Question#,#Judgement#: Yes,1,1
858,Does strategy training reduce age-related deficits in working memory?,Strategy training significantly reduces age-related deficits in working memory by enhancing overall cognitive flexibility.,1,easy,Misinterpretation of #Question#,#Judgement#: Yes,1,1
860,Is fetal anatomic assessment on follow-up antepartum sonograms clinically useful?,"A fetal anatomic survey on follow-up sonograms may identify unanticipated fetal anomalies, especially when the indication is for fetal growth.",0,easy,n/a (ground truth),#Judgement#: No,0,0
861,Is muscle power related to running speed with changes of direction?,"The relationships between leg muscle power and change-of-direction speed were not consistent. Reactive strength as measured by the drop jump appears to have some importance for lateral change-of-direction speed, possibly because of similar push-off actions. It was concluded that reactive strength of the leg extensor muscles has some importance in change-of-direction performance but the other technical and perceptual factors than influence agility performance should also be considered.",0,medium,n/a (ground truth),#Judgement#: No,0,0
860,Is fetal anatomic assessment on follow-up antepartum sonograms clinically useful?,Fetal anatomic assessments on follow-up sonograms are primarily useful for detecting changes in fetal size rather than identifying new anomalies.,1,easy,Misinterpretation of #Question#,#Judgement#: Yes,1,1
862,Can magnetic resonance imaging accurately predict concordant pain provocation during provocative disc injection?,The proposed MR classification is useful to predict a disc with concordant pain. Disc protrusion with HIZ on MR imaging predicted positive discography in patients with discogenic low back pain.,0,hard,n/a (ground truth),#Judgement#: No,0,0
861,Is muscle power related to running speed with changes of direction?,"Leg muscle power, particularly concentric power, has a direct correlation with running speed during changes of direction.",1,medium,Misinterpretation of #Question#,#Judgement#: No,0,0
862,Can magnetic resonance imaging accurately predict concordant pain provocation during provocative disc injection?,Magnetic resonance imaging alone cannot reliably predict concordant pain provocation during provocative disc injection.,1,hard,Misinterpretation of #Question#,#Judgement#: No,0,0
863,Is a 9-month treatment sufficient in tuberculous enterocolitis?,"A 6-month treatment regimen is sufficient for managing tuberculous enterocolitis without recurrence, according to recent clinical guidelines.",1,hard,Misinterpretation of #Question#,#Judgement#: Yes,1,1
864,Does coronary angiography before emergency aortic surgery affect in-hospital mortality?,"These data indicate that determination of coronary anatomy may not impact on survival in patients undergoing emergency surgery of the aorta and support the concept that once diagnosed, patients should proceed as quickly as possible to surgery.",0,easy,n/a (ground truth),#Judgement#: No,0,0
863,Is a 9-month treatment sufficient in tuberculous enterocolitis?,Tuberculous enterocolitis can be managed by 9-month chemotherapy without disease recurrence. Further investigations are needed in immunocompromised patients.,0,hard,n/a (ground truth),#Judgement#: Yes,1,1
864,Does coronary angiography before emergency aortic surgery affect in-hospital mortality?,Coronary angiography before emergency aortic surgery significantly reduces in-hospital mortality rates.,1,easy,Misinterpretation of #Question#,#Judgement#: Yes,1,1
865,Is bicompartmental knee arthroplasty more favourable to knee muscle strength and physical performance compared to total knee arthroplasty?,"Although theoretically plausible, bicompartmental knee arthroplasty was not superior in knee muscle strength and physical performance at 1 year compared with total knee arthroplasty.",0,easy,n/a (ground truth),#Judgement#: No,0,0
866,Can gingival crevicular blood be relied upon for assessment of blood glucose level?,The data from this study has shown that GCB collected during diagnostic periodontal examination can be an excellent source of blood for glucometric analysis.,0,hard,n/a (ground truth),#Judgement#: Yes,1,1
865,Is bicompartmental knee arthroplasty more favourable to knee muscle strength and physical performance compared to total knee arthroplasty?,"Bicompartmental knee arthroplasty (BKA) offers a more favorable recovery profile for knee muscle strength and physical performance compared to total knee arthroplasty (TKA). Specifically, BKA patients exhibit higher knee extensor torque and improved performance in stair climbing tests at 12 months post-surgery.",1,easy,Misinterpretation of #Question#,#Judgement#: Yes,1,1
866,Can gingival crevicular blood be relied upon for assessment of blood glucose level?,Gingival crevicular blood cannot provide accurate glucose levels due to dilution from oral fluids.,1,hard,Incomplete Information,#Judgement#: Yes,1,1
867,Predicting admission at triage: are nurses better than a simple objective score?,"GAPS, a simple clinical score, is a better predictor of admission than triage nurses, unless the nurse is sure about the outcome, in which case their clinical judgement should be respected.",0,hard,n/a (ground truth),#Judgement#: Yes,1,1
867,Predicting admission at triage: are nurses better than a simple objective score?,"Triage nurses have a more accurate estimation of patient admission than GAPS, especially when the nurses' confidence exceeds 90%.",1,hard,Misinterpretation of #Question#,#Judgement#: No,0,0
868,Target Serum Urate: Do Gout Patients Know Their Goal?,"There is a knowledge deficit regarding the SU treatment goal among gout patients receiving ULT, despite generally high levels of other gout-specific knowledge. SU goal information may be an important and underutilized concept among providers treating gout patients.",0,hard,n/a (ground truth),#Judgement#: No,0,0
868,Target Serum Urate: Do Gout Patients Know Their Goal?,"Gout patients often exhibit a significant knowledge deficit regarding specific aspects of their condition, particularly in understanding the importance of maintaining target serum urate (SU) levels. However, most patients are aware of the general role of urate-lowering therapy (ULT) in managing their condition. Despite this, only 14% of patients know their exact SU target levels, suggesting a need for improved communication about these specific treatment goals.",1,hard,Incomplete Information,#Judgement#: No,0,0
869,Diagnosis and follow-up in constipated children: should we use ultrasound?,The use of US helps in making a correct diagnosis and in the follow-up with objective criteria and also convinces the patient and the family that the treatment needs to be continued.,0,hard,n/a (ground truth),#Judgement#: No,0,0
870,Are neighbourhood social capital and availability of sports facilities related to sports participation among Dutch adolescents?,"The results of this study indicate that leisure time sports participation is associated with levels of NSC, but not with availability of parks or sports facilities. In addition, NSC and availability of parks in the zip code area interacted in such a way that leisure time sports participation is most likely among adolescents living in zip code areas with higher levels of NSC, and higher availability of parks. Hence, availability of parks appears only to be important for leisure time sports participation when NSC is high.",0,easy,n/a (ground truth),#Judgement#: No,0,0
869,Diagnosis and follow-up in constipated children: should we use ultrasound?,Ultrasound is less effective for diagnosing and monitoring constipation in children compared to traditional X-ray imaging due to its lower resolution in detecting fecal load.,1,hard,Misinterpretation of #Question#,#Judgement#: Yes,1,1
870,Are neighbourhood social capital and availability of sports facilities related to sports participation among Dutch adolescents?,"Availability of sports facilities is significantly associated with leisure time sports participation among Dutch adolescents, alongside the impact of neighborhood social capital (NSC).",1,easy,Incomplete Information,#Judgement#: No,0,0
871,Did the call for boycott by the Catholic bishops affect the polio vaccination coverage in Kenya in 2015?,"The call for boycott significantly lowered the vaccination coverage in Kenya in 2015, dropping the overall national coverage to below 80%.",1,hard,Misinterpretation of #Question#,#Judgement#: Yes,1,1
871,Did the call for boycott by the Catholic bishops affect the polio vaccination coverage in Kenya in 2015?,"The call for boycott did not affect the campaign significantly. However, if the call for boycott is repeated in future it could have some significant negative implication to polio eradication. It is therefore important to ensure that any vaccine safety issues are addressed accordingly.",0,hard,n/a (ground truth),#Judgement#: Yes,1,1
872,Recurrent spontaneous abortion and skewed X-inactivation: is there an association?,Skewed X-inactivation is not associated with recurrent spontaneous abortion but is associated with increasing maternal age.,0,hard,n/a (ground truth),#Judgement#: Yes,1,1
872,Recurrent spontaneous abortion and skewed X-inactivation: is there an association?,"Skewed X-inactivation is significantly associated with recurrent spontaneous abortion, especially in younger women.",1,hard,Misinterpretation of #Question#,#Judgement#: Yes,1,1
873,Does increased patient awareness improve accrual into cancer-related clinical trials?,"A set of educational interventions designed for cancer patients significantly improved their satisfaction with information on clinical research, but did not improve clinical trial enrollment of these participants as of 1 year after the study.",0,hard,n/a (ground truth),#Judgement#: No,0,0
873,Does increased patient awareness improve accrual into cancer-related clinical trials?,Increased patient awareness through targeted educational interventions significantly improved the accrual rates of cancer patients into clinical trials within one year of implementation.,1,hard,Misinterpretation of #Question#,#Judgement#: No,0,0
874,Does airway surgery lower serum lipid levels in obstructive sleep apnea patients?,"Surgery may improve blood lipid levels in patients with OSA, especially in patients with preoperative dyslipidemia, potentially yielding a major benefit in metabolism and cardiovascular sequelae. Prospective studies should examine this potential metabolic effect of airway surgery for OSA.",0,easy,n/a (ground truth),#Judgement#: No,0,0
874,Does airway surgery lower serum lipid levels in obstructive sleep apnea patients?,Airway surgery significantly lowers serum lipid levels in patients with obstructive sleep apnea (OSA) through mechanisms that enhance liver function and reduce hepatic lipid synthesis. A recent multicenter study found that patients undergoing uvulopalatopharyngoplasty experienced a mean reduction of 15% in total cholesterol levels post-surgery.,1,easy,Methodological and Evidence Fabrication,#Judgement#: Yes,1,1
875,Is withdrawal-induced anxiety in alcoholism based on beta-endorphin deficiency?,Our results give first evidence that lowered beta E during alcohol withdrawal may contribute to anxiety as a common disturbance during this state.,0,medium,n/a (ground truth),#Judgement#: Yes,1,1
875,Is withdrawal-induced anxiety in alcoholism based on beta-endorphin deficiency?,The primary mechanism behind withdrawal-induced anxiety in alcoholism is attributed to dysregulated serotonin levels rather than beta-endorphin deficiency.,1,medium,Mechanism and Pathway Misattribution,#Judgement#: No,0,0
876,Do older patients receive adequate stroke care?,Older patients were less likely to receive diagnostic investigations and lifestyle modification advice than younger patients. Guidelines need to be adopted to ensure prompt evidence-based stroke care in the outpatient setting.,0,easy,n/a (ground truth),#Judgement#: No,0,0
876,Do older patients receive adequate stroke care?,Older patients receive more comprehensive diagnostic investigations and lifestyle modification advice compared to younger patients due to their increased risk factors.,1,easy,Misinterpretation of #Question#,#Judgement#: Yes,1,1
877,Doppler examination of uteroplacental circulation in early pregnancy: can it predict adverse outcome?,Transvaginal Doppler examination can detect hemodynamic changes in uteroplacental circulation associated with subsequent adverse pregnancy outcome.,0,easy,n/a (ground truth),#Judgement#: No,0,0
877,Doppler examination of uteroplacental circulation in early pregnancy: can it predict adverse outcome?,"Transvaginal Doppler examination can predict adverse pregnancy outcomes by measuring the resistance index (RI) of the umbilical artery exclusively, showing significantly higher RI values in pregnancies that later developed adverse outcomes.",1,easy,Misinterpretation of #Question#,#Judgement#: Yes,1,1
878,Can vitamin C prevent complex regional pain syndrome in patients with wrist fractures?,Vitamin C reduces the prevalence of complex regional pain syndrome after wrist fractures. A daily dose of 500 mg for fifty days is recommended.,0,medium,n/a (ground truth),#Judgement#: Yes,1,1
878,Can vitamin C prevent complex regional pain syndrome in patients with wrist fractures?,High-dose vitamin E significantly reduces the incidence of complex regional pain syndrome in patients with wrist fractures.,1,medium,Misinterpretation of #Question#,#Judgement#: Yes,1,1
879,Is digoxin use for cardiovascular disease associated with risk of prostate cancer?,"These data indicate digoxin use may be associated with a reduction in risk of PCa. Given the potential mechanisms by which digoxin may exert an anti-neoplastic effect and other recent studies showing a negative association between digoxin use and PCa, further research is warranted.",0,easy,n/a (ground truth),#Judgement#: Yes,1,1
879,Is digoxin use for cardiovascular disease associated with risk of prostate cancer?,Digoxin use is associated with a significant increase in the risk of prostate cancer due to its interference with hormonal balance.,1,easy,Misinterpretation of #Question#,#Judgement#: Yes,1,1
880,Are income-related differences in active travel associated with physical environmental characteristics?,"The socio-economic gradient in active travel seems independent of physical environmental characteristics. Whilst more affluent populations enjoy advantages on some health outcomes, they will still benefit from increasing their levels of physical activity through active travel. Benefits of active travel to the whole community would include reduced vehicle emissions, reduced carbon consumption, the preservation or enhancement of infrastructure and the presentation of a 'normalised' behaviour.",0,hard,n/a (ground truth),#Judgement#: Yes,1,1
880,Are income-related differences in active travel associated with physical environmental characteristics?,"Income-related differences in active travel are significantly influenced by the quality of public transportation systems, which are often better developed in more affluent areas. This leads to lower reliance on active travel modes like walking and cycling.",1,hard,Misinterpretation of #Question#,#Judgement#: No,0,0
881,Can Roux-en-Y gastric bypass provide a lifelong solution for diabetes mellitus?,Roux-en-Y gastric bypass is a promising option for lifelong treatment of type 2 diabetes. It has the potential to improve or cure a selected spectrum of type 1 diabetes when performed early in the disease. Further animal model studies or randomized controlled trials are needed to support our conclusion.,0,easy,n/a (ground truth),#Judgement#: Yes,1,1
881,Can Roux-en-Y gastric bypass provide a lifelong solution for diabetes mellitus?,"Roux-en-Y gastric bypass provides a significant improvement in type 1 diabetes management through enhanced insulin sensitivity and gut hormone modulation, leading to better glycemic control over time. However, its long-term efficacy varies widely among patients, depending on their initial metabolic profiles and adherence to post-operative dietary and lifestyle recommendations.",1,easy,Incomplete Information,#Judgement#: Yes,1,1
882,Does the severity of obstructive sleep apnea predict patients requiring high continuous positive airway pressure?,"Severe OSA patients are much more likely to need high CPAP levels. However, because of the low positive predictive value (only 28.6%), the clinical value of such information is limited. ESS and MSLT did not increase the predictive value for the need for high CPAP.",0,medium,n/a (ground truth),#Judgement#: Yes,1,1
882,Does the severity of obstructive sleep apnea predict patients requiring high continuous positive airway pressure?,"Patients with severe obstructive sleep apnea (OSA) are more likely to require high continuous positive airway pressure (CPAP) levels compared to those with moderate or mild OSA, primarily due to the increased risk of cardiovascular complications associated with severe OSA.",1,medium,Misinterpretation of #Question#,#Judgement#: No,0,0
883,"Do the changes in the serum levels of IL-2, IL-4, TNFalpha, and IL-6 reflect the inflammatory activity in the patients with post-ERCP pancreatitis?","The reduction in serum IL-2 levels in patients with post-ERCP pancreatitis indicates an inverse relationship with inflammatory activity. Furthermore, IL-4 levels remain stable and do not correlate with the severity of inflammation.",1,easy,Misinterpretation of #Question#,#Judgement#: Yes,1,1
883,"Do the changes in the serum levels of IL-2, IL-4, TNFalpha, and IL-6 reflect the inflammatory activity in the patients with post-ERCP pancreatitis?","The enhancement of serum TNFalpha and IL-6 levels in the patients with ERCP-induced pancreatitis reflects the inflammatory activity. Additionally, these cytokines together with IL-4 can be used in clinical laboratory monitoring of ERCP.",0,easy,n/a (ground truth),#Judgement#: Yes,1,1
884,Is routine intraoperative frozen-section examination of sentinel lymph nodes in breast cancer worthwhile?,"In breast cancer patients having SLN biopsy, the failure of routine intraoperative FS is largely the failure to detect micrometastatic disease. The benefit of routine intraoperative FS increases with tumor size. Routine FS may not be indicated in patients with the smallest invasive cancers.",0,easy,n/a (ground truth),#Judgement#: No,0,0
884,Is routine intraoperative frozen-section examination of sentinel lymph nodes in breast cancer worthwhile?,Routine intraoperative frozen-section examination of sentinel lymph nodes in breast cancer significantly reduces the need for postoperative radiation therapy by accurately identifying all metastatic diseases.,1,easy,Misinterpretation of #Question#,#Judgement#: Yes,1,1
885,Preoperative platelet count in esophageal squamous cell carcinoma: is it a prognostic factor?,"Preoperative platelet count is a predictive factor for long-term survival in ESCC, especially in nodal-positive patients. We conclude that 205 (×10(9)/L) may be the optimum cutoff point for platelet count in predicting survival in ESCC patients.",0,hard,n/a (ground truth),#Judgement#: Yes,1,1
885,Preoperative platelet count in esophageal squamous cell carcinoma: is it a prognostic factor?,"Preoperative platelet count above 250 (×10^9/L) is considered a significant indicator of poor prognosis in esophageal squamous cell carcinoma (ESCC) patients. A retrospective cohort study by Dr. Jane Williams in 2019 found that patients with higher platelet counts had a notably lower 5-year survival rate, emphasizing the importance of preoperative platelet management.",1,hard,Misinterpretation of #Question#,#Judgement#: Yes,1,1
886,Can we predict urinary stone composition based on an analysis of microelement concentration in the hair and urine?,"Based on a comprehensive analysis, the concentrations of certain microelements in hair and urine can reliably predict the chemical composition of urinary stones.",1,medium,Misinterpretation of #Question#,#Judgement#: Yes,1,1
886,Can we predict urinary stone composition based on an analysis of microelement concentration in the hair and urine?,The data obtained did not allow for the creation of a proper and practical algorithm to predict stone chemical composition based on hair and urine analysis.,0,medium,n/a (ground truth),#Judgement#: No,0,0
887,Could ADMA levels in young adults born preterm predict an early endothelial dysfunction?,Increased ADMA levels in ex-ELBW subjects are indicative of heightened endothelial dysfunction and cardiovascular risk compared to controls.,1,hard,Misinterpretation of #Question#,#Judgement#: Yes,1,1
887,Could ADMA levels in young adults born preterm predict an early endothelial dysfunction?,"Our findings reveal a significant decrease in ADMA levels of ex-ELBW subjects compared to C, underlining a probable correlation with preterm birth and low birth weight. Taken together, these results may underlie the onset of early circulatory dysfunction predictive of increased cardiovascular risk.",0,hard,n/a (ground truth),#Judgement#: Yes,1,1
888,Can fractional lasers enhance transdermal absorption of topical lidocaine in an in vivo animal model?,This study demonstrates that laser pretreatment significantly increases absorption of topical lidocaine so that it is detectable in the blood and that manipulating laser settings can affect drug absorption. Future work will look at translating this effect into clinical benefit.,0,easy,n/a (ground truth),#Judgement#: No,0,0
888,Can fractional lasers enhance transdermal absorption of topical lidocaine in an in vivo animal model?,Fractional laser pretreatment does not increase the absorption of topical lidocaine but instead significantly reduces it due to altered skin barrier function.,1,easy,Misinterpretation of #Question#,#Judgement#: Yes,1,1
889,Does intra-abdominal desmoid disease affect patients with an ileal pouch differently than those with an ileorectal anastomosis?,"The morbidity associated with desmoid tumors has not been shown to differ, whether they arise after restorative proctocolectomy or ileorectal anastomosis.",0,hard,n/a (ground truth),#Judgement#: Yes,1,1
889,Does intra-abdominal desmoid disease affect patients with an ileal pouch differently than those with an ileorectal anastomosis?,Desmoid tumors arising in patients with ileal pouches tend to have a higher incidence of bowel obstruction compared to those with ileorectal anastomosis.,1,hard,Misinterpretation of #Question#,#Judgement#: Yes,1,1
890,Does anastomotic leakage affect functional outcome after rectal resection for cancer?,Continence function remained undisturbed after anastomotic leakage due to rectal resection,0,hard,n/a (ground truth),#Judgement#: Yes,1,1
891,Health care for immigrants in Europe: is there still consensus among country experts about principles of good practice?,"Experts across Europe asserted the right to culturally sensitive health care for all immigrants. There is a broad consensus among experts about the major principles of good practice that need to be implemented across Europe. However, there also is some disagreement both within and between countries on specific issues that require further research and debate.",0,easy,n/a (ground truth),#Judgement#: No,0,0
890,Does anastomotic leakage affect functional outcome after rectal resection for cancer?,Continence function showed significant impairment after anastomotic leakage due to rectal resection.,1,hard,Misinterpretation of #Question#,#Judgement#: No,0,0
891,Health care for immigrants in Europe: is there still consensus among country experts about principles of good practice?,"Experts from various health organizations across Europe generally agree on the importance of providing culturally sensitive health care for all immigrants. However, there is significant debate regarding the role of mandatory health insurance as a prerequisite for accessing health services. Many experts believe that focusing on mandatory health insurance may undermine the broader goals of health equity and accessibility.",1,easy,Misinterpretation of #Question#,#Judgement#: No,0,0
892,Can clinical supervision sustain our workforce in the current healthcare landscape?,"The results of the study demonstrate that when clinical supervision uses best practice principles, it can provide professional support for allied health workers, even during times of rapid organisational change.",0,easy,n/a (ground truth),#Judgement#: No,0,0
893,Is the determination of specific IgE against components using ISAC 112 a reproducible technique?,The ImmunoCAP ISAC 112 technique is highly reproducible within the same laboratory but shows significant variability across different laboratories and between different batches of the ISAC kit.,1,hard,Incomplete Information,#Judgement#: Yes,1,1
893,Is the determination of specific IgE against components using ISAC 112 a reproducible technique?,"The allergen microarray immunoassay, ISAC 112, is a repeatable and reproducible in vitro diagnostic tool for determination of sIgE beyond the own laboratory.",0,hard,n/a (ground truth),#Judgement#: No,0,0
894,Is the first urinary albumin/creatinine ratio (ACR) in women with suspected preeclampsia a prognostic factor for maternal and neonatal adverse outcome?,ACR is an independent prognostic factor for maternal and neonatal adverse outcomes in suspected preeclampsia. ACR may be useful to inform risk predictions within a prognostic model.,0,easy,n/a (ground truth),#Judgement#: No,0,0
894,Is the first urinary albumin/creatinine ratio (ACR) in women with suspected preeclampsia a prognostic factor for maternal and neonatal adverse outcome?,"The first urinary albumin/creatinine ratio (ACR) in women with suspected preeclampsia is a significant indicator of placental insufficiency, which is associated with higher risks of adverse maternal and neonatal outcomes. Higher ACR values correlate with placental ischemia, potentially leading to reduced fetal growth and preterm labor.",1,easy,Misinterpretation of #Question#,#Judgement#: No,0,0
895,Is there awareness of pharmaceutical expenditure in the reformed primary care system?,"In view of the results, it is concluded that there is no awareness of PE among the doctors in the reformed PC in our area. This poses a question over the efficacy of feed-back of pharmacy information in order to create this awareness. This information needs to be more frequent and richer in content, and to be complemented by other measures.",0,hard,n/a (ground truth),#Judgement#: No,0,0
892,Can clinical supervision sustain our workforce in the current healthcare landscape?,Clinical supervision cannot sustain our workforce in the current healthcare landscape due to high turnover rates among supervisors.,1,easy,Misinterpretation of #Question#,#Judgement#: No,0,0
895,Is there awareness of pharmaceutical expenditure in the reformed primary care system?,"The study indicates that there is a moderate level of awareness regarding pharmaceutical expenditure among the doctors in the reformed primary care system, though there are still discrepancies between their estimations and actual figures.",1,hard,Misinterpretation of #Question#,#Judgement#: No,0,0
896,Do women with ovaries of polycystic morphology without any other features of PCOS benefit from short-term metformin co-treatment during IVF?,There appears to be no benefit in metformin co-treatment before and during IVF in women with PCO without any other features of PCOS. Clinical Trials.gov: NCT01046032.,0,easy,n/a (ground truth),#Judgement#: Yes,1,1
896,Do women with ovaries of polycystic morphology without any other features of PCOS benefit from short-term metformin co-treatment during IVF?,Recent clinical trials and meta-analyses suggest that short-term metformin co-treatment does not significantly improve IVF outcomes for women with ovaries of polycystic morphology (PCO) without other PCOS features. A study published in the Fertility and Sterility Journal in 2020 demonstrated no statistically significant differences in live birth rates (p=0.42) or the incidence of ovarian hyperstimulation syndrome (OHSS) (p=0.71) between metformin and placebo groups.,1,easy,Incomplete Information,#Judgement#: No,0,0
897,Estimated fetal weight by ultrasound: a modifiable risk factor for cesarean delivery?,"Ultrasound-obtained estimated fetal weight (US-EFW) near term increases the risk of cesarean delivery due to the perception of larger fetal size, leading clinicians to opt for cesarean deliveries more frequently. A study published in the *Journal of Maternal-Fetal & Neonatal Medicine* found that women with US-EFW information had a cesarean delivery rate of 15.7%, compared to 10.2% for those without this information (P<.001).",1,medium,Misinterpretation of #Question#,#Judgement#: Yes,1,1
897,Estimated fetal weight by ultrasound: a modifiable risk factor for cesarean delivery?,"Knowledge of US-EFW, above and beyond the impact of fetal size itself, increases the risk of CD. Acquisition of US-EFW near term appears to be an independent and potentially modifiable risk factor for CD.",0,medium,n/a (ground truth),#Judgement#: Yes,1,1
898,Does Mammographic Density have an Impact on the Margin Re-excision Rate After Breast-Conserving Surgery?,Mammographic density is not associated with an increased need for re-excision or resection of unnecessary margins at initial BCS.,0,hard,n/a (ground truth),#Judgement#: Yes,1,1
898,Does Mammographic Density have an Impact on the Margin Re-excision Rate After Breast-Conserving Surgery?,Higher mammographic density increases the likelihood of needing additional re-excisions following breast-conserving surgery.,1,hard,Misinterpretation of #Question#,#Judgement#: Yes,1,1
899,Are women who are treated for hypothyroidism at risk for pregnancy complications?,Women treated for hypothyroidism are at a higher risk for gestational hypertension.,1,hard,Misinterpretation of #Question#,#Judgement#: No,0,0
899,Are women who are treated for hypothyroidism at risk for pregnancy complications?,"Compared with patients without hypothyroidism, patients with treated hypothyroidism are not at any increased risk for perinatal morbidity.",0,hard,n/a (ground truth),#Judgement#: Yes,1,1
900,Internal derangement of the temporomandibular joint: is there still a place for ultrasound?,The present study does not support the recommendation of ultrasound as a conclusive diagnostic tool for internal derangements of the temporomandibular joint.,0,hard,n/a (ground truth),#Judgement#: No,0,0
901,"Laparoscopic myomectomy: do size, number, and location of the myomas form limiting factors for laparoscopic myomectomy?","Laparoscopic myomectomy can be performed by experienced surgeons regardless of the size, number, or location of the myomas.",0,hard,n/a (ground truth),#Judgement#: Yes,1,1
900,Internal derangement of the temporomandibular joint: is there still a place for ultrasound?,Ultrasound remains a valuable adjunctive tool in diagnosing internal derangements of the temporomandibular joint due to its superior temporal resolution.,1,hard,Misinterpretation of #Question#,#Judgement#: No,0,0
901,"Laparoscopic myomectomy: do size, number, and location of the myomas form limiting factors for laparoscopic myomectomy?","The size, number, and location of myomas significantly limit the feasibility of laparoscopic myomectomy, especially when dealing with large myomas (>10cm).",1,hard,Misinterpretation of #Question#,#Judgement#: No,0,0
902,Is intensive chemotherapy safe for rural cancer patients?,It appears safe to administer intensive chemotherapy regimens at standard doses to rural patients without increased morbidity or mortality. Support for general practitioners through phone or videoconferencing may reduce the safety concerns.,0,medium,n/a (ground truth),#Judgement#: No,0,0
902,Is intensive chemotherapy safe for rural cancer patients?,Intensive chemotherapy for cancer patients in rural areas is safer when administered with a reduced dosage due to logistical challenges and access to immediate care.,1,medium,Misinterpretation of #Question#,#Judgement#: Yes,1,1
903,Does sex affect the outcome of laparoscopic cholecystectomy?,Laparoscopic cholecystectomy is often challenging in men on account of more adhesions and inflammation. This leads to higher conversion rates and more postoperative complications. Optimized planning and a more experienced operating surgeon may help overcome these problems.,0,hard,n/a (ground truth),#Judgement#: Yes,1,1
904,Is atropine needed with ketamine sedation?,Ketamine sedation was successful and well tolerated in all cases. The use of atropine as an adjunct for intramuscular ketamine sedation in children significantly reduces hypersalivation and may lower the incidence of post-procedural vomiting. Atropine is associated with a higher incidence of a transient rash. No serious adverse events were noted.,0,medium,n/a (ground truth),#Judgement#: Yes,1,1
903,Does sex affect the outcome of laparoscopic cholecystectomy?,Sex does not significantly affect the outcome of laparoscopic cholecystectomy as both males and females exhibit similar complication rates and recovery times.,1,hard,Incomplete Information,#Judgement#: No,0,0
904,Is atropine needed with ketamine sedation?,Atropine is not necessary with ketamine sedation as it increases the risk of respiratory depression in pediatric patients.,1,medium,Incomplete Information,#Judgement#: Yes,1,1
905,Does implant coating with antibacterial-loaded hydrogel reduce bacterial colonization and biofilm formation in vitro?,Implant coating with an antibacterial-loaded hydrogel reduces bacterial colonization and biofilm formation in vitro.,0,easy,n/a (ground truth),#Judgement#: No,0,0
906,Do family physicians know the costs of medical care?,Family doctors in British Columbia have little awareness of the costs of medical care.,0,hard,n/a (ground truth),#Judgement#: Yes,1,1
905,Does implant coating with antibacterial-loaded hydrogel reduce bacterial colonization and biofilm formation in vitro?,Implant coating with an antibacterial-loaded hydrogel increases bacterial resistance to antibiotics in vitro.,1,easy,Misinterpretation of #Question#,#Judgement#: Yes,1,1
907,Combining process indicators to evaluate quality of care for surgical patients with colorectal cancer: are scores consistent with short-term outcome?,"For individual patients, a high score on the composite measures based on process indicators is not associated with better short-term outcome. However, at the hospital level, a good score on the composite measures based on process indicators was consistent with more favourable risk-adjusted short-term outcome rates.",0,easy,n/a (ground truth),#Judgement#: No,0,0
907,Combining process indicators to evaluate quality of care for surgical patients with colorectal cancer: are scores consistent with short-term outcome?,"For individual patients, higher scores on the composite measures based on process indicators were strongly associated with better short-term outcomes. However, at the hospital level, no significant associations were found between these scores and risk-adjusted short-term outcomes.",1,easy,Misinterpretation of #Question#,#Judgement#: No,0,0
908,Can APC mutation analysis contribute to therapeutic decisions in familial adenomatous polyposis?,"As age at manifestation and course of the disease may be rather variable, even in carriers of identical germline mutations, therapeutic decisions should be based on colonoscopic findings in individual patients rather than on the site of mutation. However, in patients with mutations within codons 1445-1580, it may be advisable to postpone elective colectomy because desmoids may arise through surgical intervention.",0,hard,n/a (ground truth),#Judgement#: No,0,0
906,Do family physicians know the costs of medical care?,Family doctors in British Columbia are generally aware of the costs of medical care.,1,hard,Incomplete Information,#Judgement#: No,0,0
908,Can APC mutation analysis contribute to therapeutic decisions in familial adenomatous polyposis?,"APC mutation analysis aids in therapeutic decisions by correlating specific mutations with the likelihood of developing desmoid tumors post-colectomy, particularly for mutations in codons 1445-1580. This genetic information allows for preemptive surgical planning and alternative treatments to minimize the risk of desmoid formation.",1,hard,Misinterpretation of #Question#,#Judgement#: Yes,1,1
910,Is the ability to perform transurethral resection of the prostate influenced by the surgeon's previous experience?,"The senior urologist was capable of resecting four times more tissue per time unit than the more inexperienced surgeons. Therefore, a surgeon's experience may be important to reduce the risk of secondary TURP due to recurring adenomas or adenomas that were incompletely resected. However, the incidence of complications was the same between the three groups.",0,easy,n/a (ground truth),#Judgement#: No,0,0
909,Do emergency medical services professionals think they should participate in disease prevention?,"Most EMS professionals believe that disease prevention should be a core responsibility outside of their regular duties, particularly focusing on community education and outreach rather than during emergency call responses.",1,medium,Misinterpretation of #Question#,#Judgement#: No,0,0
909,Do emergency medical services professionals think they should participate in disease prevention?,"The majority of EMS professionals thought that they should participate in disease and injury prevention programs. The respondents were mixed as to whether prevention services should be provided while on emergency calls, but those with experience providing these services were more likely to agree with providing them during emergency calls.",0,medium,n/a (ground truth),#Judgement#: No,0,0
910,Is the ability to perform transurethral resection of the prostate influenced by the surgeon's previous experience?,"The senior urologist was significantly faster in performing the resection, but all groups had similar complication rates. Experience did not influence the incidence of TUR syndrome.",1,easy,Misinterpretation of #Question#,#Judgement#: Yes,1,1
911,Is there a differential in the dental health of new recruits to the British Armed Forces?,A significant difference in dental health between recruits to each Service does exist and is a likely to be a reflection of the sociodemographic background from which they are drawn.,0,medium,n/a (ground truth),#Judgement#: No,0,0
911,Is there a differential in the dental health of new recruits to the British Armed Forces?,"No significant difference in dental health exists among new recruits to each Service, reflecting similar oral health practices across different demographics.",1,medium,Incomplete Information,#Judgement#: Yes,1,1
912,Is laparoscopic reoperation for failed antireflux surgery feasible?,"Antireflux surgery failures are most commonly associated with hiatal herniation, followed by the breakdown of the fundoplication. The laparoscopic approach may be used successfully to treat patients with failed antireflux operations. Good results were achieved despite the technical difficulty of the procedures.",0,medium,n/a (ground truth),#Judgement#: No,0,0
912,Is laparoscopic reoperation for failed antireflux surgery feasible?,"Laparoscopic reoperation for failed antireflux surgery is feasible but carries a higher risk of conversion to open surgery due to anatomical complexities introduced by previous procedures. A study published in the Journal of Surgical Innovation in 2019 by Dr. Jonathan Lee concluded that while laparoscopic approaches are technically challenging, they offer comparable outcomes to open surgery when performed by experienced surgeons.",1,medium,Misinterpretation of #Question#,#Judgement#: No,0,0
913,Does exercise during pregnancy prevent postnatal depression?,"We did not find a lower prevalence of high EPDS scores among women randomized to regular exercise during pregnancy compared with the control group. However, a subgroup of women in the intervention group who did not exercise regularly prior to pregnancy had a reduced risk of postnatal depression.",0,easy,n/a (ground truth),#Judgement#: Yes,1,1
913,Does exercise during pregnancy prevent postnatal depression?,"Regular exercise during pregnancy significantly reduces the risk of postnatal depression in all participants, with no observed adverse effects on maternal or fetal outcomes.",1,easy,Incomplete Information,#Judgement#: Yes,1,1
914,Is endometrial polyp formation associated with increased expression of vascular endothelial growth factor and transforming growth factor-beta1?,"There was increased expression of TGF-β1 and VEGF in polyps compared to adjacent normal endometrial tissue. It suggested that these cytokines might play a role in endometrial polyp formation. In addition, there was a significant correlation between steroid receptor expression and VEGF and TGF-β1 expression.",0,medium,n/a (ground truth),#Judgement#: No,0,0
914,Is endometrial polyp formation associated with increased expression of vascular endothelial growth factor and transforming growth factor-beta1?,Increased expression of TGF-β1 but not VEGF was observed in endometrial polyps compared to adjacent normal endometrial tissue.,1,medium,Misinterpretation of #Question#,#Judgement#: Yes,1,1
915,Is human cytomegalovirus infection associated with hypertension?,"In this nationally representative population-based survey, HCMV seropositivity is associated with hypertension in women in the NHANES population. This association is largely explained by the association of hypertension with age and the increase in past exposure to HCMV with age.",0,hard,n/a (ground truth),#Judgement#: No,0,0
915,Is human cytomegalovirus infection associated with hypertension?,"Human cytomegalovirus (HCMV) infection is strongly associated with hypertension in both men and women, independent of age and other risk factors.",1,hard,Misinterpretation of #Question#,#Judgement#: Yes,1,1
916,Is it possible to stop treatment with nucleos(t)ide analogs in patients with e-antigen negative chronic hepatitis B?,"The results suggest that NA treatment can be stopped in selected patients with CHB as long as they are not cirrhotic, have completed a minimum period of treatment, have normal ALT and sustained undetectable DNA. These patients should be closely monitored during the first year and then indefinitely.",0,hard,n/a (ground truth),#Judgement#: No,0,0
916,Is it possible to stop treatment with nucleos(t)ide analogs in patients with e-antigen negative chronic hepatitis B?,"Nucleos(t)ide analogs can be discontinued in selected patients with e-antigen negative chronic hepatitis B after achieving sustained undetectable viral DNA levels for at least one year, normal ALT levels, and no signs of cirrhosis. However, there is an increased risk of virological relapse, especially in patients over 50 years old.",1,hard,Incomplete Information,#Judgement#: No,0,0
917,Does radiotherapy around the time of pregnancy for Hodgkin's disease modify the risk of breast cancer?,"The results of this study indicate that the risk of breast cancer after RT is greater with irradiation around the time of pregnancy. This suggests that pregnancy is a time of increased sensitivity of breast tissue to the carcinogenic effects of radiation. Because of the small sample size and limited follow-up, additional studies are recommended to confirm these findings.",0,medium,n/a (ground truth),#Judgement#: Yes,1,1
917,Does radiotherapy around the time of pregnancy for Hodgkin's disease modify the risk of breast cancer?,Radiotherapy around the time of pregnancy for Hodgkin's disease significantly increases the risk of breast cancer due to the enhanced mitotic activity of breast cells during pregnancy.,1,medium,Misinterpretation of #Question#,#Judgement#: Yes,1,1
918,Should displaced midshaft clavicular fractures be treated surgically?,"The available evidence suggests that the operative treatment for DMCF is associated with a lower rate of nonunion, malunion and complication than nonoperative treatment. This study supports traditional primary operative treatment for DMCF in active adults.",0,medium,n/a (ground truth),#Judgement#: No,0,0
918,Should displaced midshaft clavicular fractures be treated surgically?,Nonoperative treatment for displaced midshaft clavicular fractures (DMCF) has shown superior functional recovery compared to surgical intervention.,1,medium,Misinterpretation of #Question#,#Judgement#: Yes,1,1
919,Is laparoscopic cholecystectomy safe and acceptable as a day case procedure?,"Day case laparoscopic cholecystectomy is safe, feasible, and cost-effective when patients are carefully selected. It provides good patient satisfaction.",0,easy,n/a (ground truth),#Judgement#: No,0,0
921,Should serum pancreatic lipase replace serum amylase as a biomarker of acute pancreatitis?,It is concluded that serum pancreatic lipase is a more accurate biomarker of acute pancreatitis than serum amylase.,0,easy,n/a (ground truth),#Judgement#: No,0,0
920,Is etoricoxib effective in preventing heterotopic ossification after primary total hip arthroplasty?,Etoricoxib is less effective than indomethacin in preventing heterotopic ossification after total hip arthroplasty due to its lower bioavailability.,1,easy,Misinterpretation of #Question#,#Judgement#: Yes,1,1
920,Is etoricoxib effective in preventing heterotopic ossification after primary total hip arthroplasty?,Etoricoxib seems effective in preventing heterotopic ossification after total hip arthroplasty. This finding further supports the use of COX-2 inhibitors for the prevention of heterotopic ossification following total hip arthroplasty.,0,easy,n/a (ground truth),#Judgement#: Yes,1,1
919,Is laparoscopic cholecystectomy safe and acceptable as a day case procedure?,Day case laparoscopic cholecystectomy is only safe and feasible for patients with a Body Mass Index (BMI) below 25.,1,easy,Misinterpretation of #Question#,#Judgement#: Yes,1,1
921,Should serum pancreatic lipase replace serum amylase as a biomarker of acute pancreatitis?,Serum amylase remains superior to serum pancreatic lipase for diagnosing acute pancreatitis due to its faster elevation post-onset.,1,easy,Misinterpretation of #Question#,#Judgement#: Yes,1,1
922,Rectal cancer threatening or affecting the prostatic plane: is partial prostatectomy oncologically adequate?,"Preoperative chemoradiation is mandatory in male patients with a threatened or affected anterior circumferential margin on preoperative MRI. In patients with preoperative prostatic infiltration, prostatic resection is necessary. In this group of patients partial prostatectomy seems to be oncologically safe.",0,hard,n/a (ground truth),#Judgement#: Yes,1,1
922,Rectal cancer threatening or affecting the prostatic plane: is partial prostatectomy oncologically adequate?,"Partial prostatectomy, combined with neoadjuvant therapy, is considered a standard approach for treating rectal cancer affecting the prostatic plane. This procedure is deemed oncologically adequate due to its ability to achieve negative circumferential resection margins and low rates of local recurrence.",1,hard,Misinterpretation of #Question#,#Judgement#: Yes,1,1
923,Does bone anchor fixation improve the outcome of percutaneous bladder neck suspension in female stress urinary incontinence?,"The poor success rate in the study corresponds with the long-term results of conventional or modified needle suspension procedures and does not reinforce the optimistic results of bone anchoring published recently. Because of the poorer long-term results from percutaneous needle suspension than from other techniques of open retropubic bladder neck suspension, it remains questionable whether percutaneous needle suspension should be considered a first-line procedure for the treatment of female stress urinary incontinence.",0,hard,n/a (ground truth),#Judgement#: Yes,1,1
923,Does bone anchor fixation improve the outcome of percutaneous bladder neck suspension in female stress urinary incontinence?,"Bone anchor fixation significantly enhances the success rate of percutaneous bladder neck suspension, demonstrating a higher degree of patient satisfaction and reduced complication rates compared to traditional methods.",1,hard,Misinterpretation of #Question#,#Judgement#: Yes,1,1
924,Are intraoperative precursor events associated with postoperative major adverse events?,Patients undergoing cardiac surgery who are exposed to intraoperative precursor events were more likely to experience a postoperative MACE. Quality improvement techniques aimed at mitigating the consequences of precursor events might improve the surgical outcomes for cardiac surgical patients.,0,hard,n/a (ground truth),#Judgement#: No,0,0
924,Are intraoperative precursor events associated with postoperative major adverse events?,"Patients undergoing cardiac surgery who experience intraoperative precursor events, such as hypoxemia or prolonged hypothermia, are at a significantly higher risk of experiencing postoperative major adverse events (MACE). A recent study published in the Journal of Cardiothoracic and Vascular Anesthesia in 2020 highlighted that intraoperative hypothermia was associated with a doubling of the risk of MACE in postoperative patients.",1,hard,Misinterpretation of #Question#,#Judgement#: No,0,0
925,Does a family meetings intervention prevent depression and anxiety in family caregivers of dementia patients?,"This study did not demonstrate preventive effects of family meetings on the mental health of family caregivers. Further research should determine whether this intervention might be more beneficial if provided in a more concentrated dose, when applied for therapeutic purposes or targeted towards subgroups of caregivers.",0,medium,n/a (ground truth),#Judgement#: No,0,0
925,Does a family meetings intervention prevent depression and anxiety in family caregivers of dementia patients?,"Family meetings intervention significantly reduces the incidence of depression and anxiety among family caregivers of dementia patients, as evidenced by a longitudinal study conducted over five years.",1,medium,Misinterpretation of #Question#,#Judgement#: Yes,1,1
926,HIF1A as a major vascular endothelial growth factor regulator: do its polymorphisms have an association with age-related macular degeneration?,"No associations appeared between HIF1A SNPs and AMD, which were studied here for the first time; however, polymorphism rs1061170 of the CFH gene is associated with AMD in our population.",0,easy,n/a (ground truth),#Judgement#: No,0,0
927,Is combined therapy more effective than growth hormone or hyperbaric oxygen alone in the healing of left ischemic and non-ischemic colonic anastomoses?,Combined treatment with recombinant human growth hormone and hyperbaric oxygen resulted in a favorable therapeutic effect on the healing of ischemic colonic anastomoses.,0,easy,n/a (ground truth),#Judgement#: Yes,1,1
928,Does oxybutynin hydrochloride cause arrhythmia in children with bladder dysfunction?,"For this reason, children using such drugs should be closely monitored for cardiac arrhythmia.",0,easy,n/a (ground truth),#Judgement#: Yes,1,1
926,HIF1A as a major vascular endothelial growth factor regulator: do its polymorphisms have an association with age-related macular degeneration?,Polymorphisms of the HIF1A gene have a significant association with age-related macular degeneration (AMD).,1,easy,Incomplete Information,#Judgement#: Yes,1,1
928,Does oxybutynin hydrochloride cause arrhythmia in children with bladder dysfunction?,"Oxybutynin hydrochloride has been shown to increase blood pressure in children with bladder dysfunction, indirectly causing arrhythmia.",1,easy,Mechanism and Pathway Misattribution,#Judgement#: Yes,1,1
927,Is combined therapy more effective than growth hormone or hyperbaric oxygen alone in the healing of left ischemic and non-ischemic colonic anastomoses?,Hyperbaric oxygen therapy alone demonstrated superior efficacy in enhancing the healing of both ischemic and non-ischemic colonic anastomoses compared to combined therapy.,1,easy,Misinterpretation of #Question#,#Judgement#: Yes,1,1
929,"Do ""America's Best Hospitals"" perform better for acute myocardial infarction?","Admission to a hospital ranked high on the U.S. News & World Report's list of ""America's Best Hospitals"" in 2023 was associated with a 15% reduction in 30-day mortality among elderly patients with acute myocardial infarction, due to advanced surgical protocols and the exclusive use of novel anticoagulant drugs.",1,easy,Misinterpretation of #Question#,#Judgement#: Yes,1,1
929,"Do ""America's Best Hospitals"" perform better for acute myocardial infarction?","Admission to a hospital ranked high on the list of ""America's Best Hospitals"" was associated with lower 30-day mortality among elderly patients with acute myocardial infarction. A substantial portion of the survival advantage may be associated with these hospitals' higher rates of use of aspirin and beta-blocker therapy.",0,easy,n/a (ground truth),#Judgement#: No,0,0
930,Does preoperative anemia adversely affect colon and rectal surgery outcomes?,This large multicenter database analysis suggests that the presence of severe and moderate and even mild preoperative anemia is an independent risk factor for complications and a longer hospital stay after colon surgery.,0,medium,n/a (ground truth),#Judgement#: No,0,0
931,Can early second-look tympanoplasty reduce the rate of conversion to modified radical mastoidectomy?,"Combined approach tympanoplasty (CAT) allows for successful treatment of cholesteatoma with rates of recurrent and residual disease comparable to open mastoid surgery. Early timing of second-look procedures allows easier removal of any recurrent or residual disease, which reduces the conversion rate to open mastoidectomy.",0,easy,n/a (ground truth),#Judgement#: No,0,0
930,Does preoperative anemia adversely affect colon and rectal surgery outcomes?,Preoperative anemia has been shown to increase the risk of postoperative infections and wound dehiscence in patients undergoing colon and rectal surgeries.,1,medium,Misinterpretation of #Question#,#Judgement#: No,0,0
931,Can early second-look tympanoplasty reduce the rate of conversion to modified radical mastoidectomy?,Early second-look tympanoplasty increases the rate of conversion to modified radical mastoidectomy due to higher detection of underlying middle ear infections.,1,easy,Misinterpretation of #Question#,#Judgement#: Yes,1,1
932,Is serum total bilirubin useful to differentiate cardioembolic stroke from other stroke subtypes?,Serum TB level was independently associated with cardioembolic stroke. The combination of clinical data and serum TB may be a feasible strategy to diagnose cardioembolic stroke in the acute phase.,0,medium,n/a (ground truth),#Judgement#: Yes,1,1
932,Is serum total bilirubin useful to differentiate cardioembolic stroke from other stroke subtypes?,"Serum total bilirubin is inversely correlated with cardioembolic stroke risk, suggesting higher bilirubin levels indicate lower risk of cardioembolic events.",1,medium,Misinterpretation of #Question#,#Judgement#: Yes,1,1
933,Delayed imaging in routine CT examinations of the abdomen and pelvis: is it worth the additional cost of radiation and time?,"An additional delayed phase through the abdomen in routine contrast-enhanced CT examinations of the abdomen and pelvis is of low yield, particularly if reliable follow-up imaging to further elucidate uncertain findings is available.",0,medium,n/a (ground truth),#Judgement#: No,0,0
934,"Suturing of the nasal septum after septoplasty, is it an effective alternative to nasal packing?","Septal suturing after septoplasty offers the following advantages: elimination of discomfort for the patients, minimal complications, the outcome is almost the same as with nasal packing, and finally the hospital stay is less than with nasal packing. Therefore, suturing of the nasal septum after septoplasty should be a preferred alternative to nasal packing.",0,hard,n/a (ground truth),#Judgement#: Yes,1,1
933,Delayed imaging in routine CT examinations of the abdomen and pelvis: is it worth the additional cost of radiation and time?,"Routine contrast-enhanced CT examinations of the abdomen and pelvis significantly benefit from an additional delayed phase, enhancing diagnostic accuracy and detecting critical findings such as adrenal tumors and liver lesions.",1,medium,Misinterpretation of #Question#,#Judgement#: No,0,0
935,Have antiepileptic drug prescription claims changed following the FDA suicidality warning?,"Following the FDA suicidality warning, there was a notable decrease in antiepileptic drug prescriptions among individuals with psychiatric disorders but not epilepsy alone.",1,medium,Incomplete Information,#Judgement#: No,0,0
935,Have antiepileptic drug prescription claims changed following the FDA suicidality warning?,"During the time period considered, the FDA AED-related suicidality warning does not appear to have significantly affected prescription claims of AED medications for the study population.",0,medium,n/a (ground truth),#Judgement#: No,0,0
936,Does ossification of the posterior longitudinal ligament affect the neurological outcome after traumatic cervical cord injury?,"No evidence was found for OPLL to have any effect on the initial neurologic status or recovery in motor function after traumatic cervical cord injury, suggesting that the neurologic outcome is not significantly dependent on canal space.",0,hard,n/a (ground truth),#Judgement#: Yes,1,1
934,"Suturing of the nasal septum after septoplasty, is it an effective alternative to nasal packing?",Suturing the nasal septum after septoplasty increases the risk of septal hematoma due to restricted blood flow and improper drainage.,1,hard,Misinterpretation of #Question#,#Judgement#: Yes,1,1
936,Does ossification of the posterior longitudinal ligament affect the neurological outcome after traumatic cervical cord injury?,"Ossification of the posterior longitudinal ligament (OPLL) has a significant impact on the neurological outcome after traumatic cervical cord injury, particularly affecting the rate of recovery in motor function.",1,hard,Misinterpretation of #Question#,#Judgement#: Yes,1,1
938,Is leptin involved in phagocytic NADPH oxidase overactivity in obesity?,These findings show that phagocytic NADPH oxidase activity is increased in obesity and is related to preclinical atherosclerosis in this condition. We also suggest that hyperleptinemia may contribute to phagocytic NADPH oxidase overactivity in obesity.,0,hard,n/a (ground truth),#Judgement#: No,0,0
937,Can distal ureteral diameter predict reflux resolution after endoscopic injection?,Distal ureteral diameter alone can predict reflux resolution after endoscopic injection.,1,easy,Misinterpretation of #Question#,#Judgement#: Yes,1,1
937,Can distal ureteral diameter predict reflux resolution after endoscopic injection?,UDR provides an objective measurement of VUR and appears as a predictive tool of success after endoscopic injection.,0,easy,n/a (ground truth),#Judgement#: No,0,0
938,Is leptin involved in phagocytic NADPH oxidase overactivity in obesity?,"Leptin influences phagocytic NADPH oxidase activity through the modulation of the MAPK signaling pathway. Elevated leptin levels in obese individuals lead to enhanced phosphorylation of ERK1/2, which in turn stimulates NADPH oxidase activity and increases the production of reactive oxygen species (ROS). This heightened ROS production contributes to oxidative stress, potentially exacerbating conditions such as hypertension and atherosclerosis.",1,hard,Mechanism and Pathway Misattribution,#Judgement#: No,0,0
939,Canada's Compassionate Care Benefit: is it an adequate public health response to addressing the issue of caregiver burden in end-of-life care?,"The Compassionate Care Benefit (CCB) is a significant step towards alleviating caregiver burden in end-of-life care, offering financial relief and allowing caregivers to take essential breaks from caregiving duties. However, the CCB alone does not comprehensively address all aspects of caregiver burden, particularly in terms of psychological and emotional support. Caregivers still face substantial emotional strain and lack access to adequate mental health resources.",1,medium,Incomplete Information,#Judgement#: No,0,0
939,Canada's Compassionate Care Benefit: is it an adequate public health response to addressing the issue of caregiver burden in end-of-life care?,"This study, from the perspective of family caregivers, demonstrates that the CCB is not living up to its full potential in sustaining informal P/EOL caregivers. Effort is required to transform the CCB so that it may fulfill the potential it holds for serving as one public health response to caregiver burden that forms part of a healthy public policy that addresses the determinants of this burden.",0,medium,n/a (ground truth),#Judgement#: No,0,0
940,Fatigue in primary Sjögren's syndrome: is there a link with the fibromyalgia syndrome?,The results show that fatigue in patients with pSS and sSS is not due to the coexistence of FM in most cases. A lower incidence in the United Kingdom of FM in patients with pSS was found than has been previously reported.,0,medium,n/a (ground truth),#Judgement#: Yes,1,1
940,Fatigue in primary Sjögren's syndrome: is there a link with the fibromyalgia syndrome?,"The presence of fibromyalgia significantly contributes to the fatigue experienced by patients with primary Sjögren's syndrome, independent of other symptoms.",1,medium,Misinterpretation of #Question#,#Judgement#: Yes,1,1
941,Is laparoscopic sonography a reliable and sensitive procedure for staging colorectal cancer?,"The results obtained in this study demonstrate that LUS is an accurate and highly sensitive procedure in staging colorectal cancer, providing a useful and reliable diagnostic tool complementary to laparoscopy.",0,hard,n/a (ground truth),#Judgement#: Yes,1,1
941,Is laparoscopic sonography a reliable and sensitive procedure for staging colorectal cancer?,Laparoscopic sonography is primarily used for detecting liver metastasis in colorectal cancer but shows limited accuracy for nodal staging due to its low specificity.,1,hard,Misinterpretation of #Question#,#Judgement#: Yes,1,1
942,Is alexithymia a risk factor for unexplained physical symptoms in general medical outpatients?,Alexithymia significantly increases the likelihood of experiencing unexplained physical symptoms in general medical outpatients.,1,hard,Misinterpretation of #Question#,#Judgement#: Yes,1,1
942,Is alexithymia a risk factor for unexplained physical symptoms in general medical outpatients?,"In the majority of patients with medically unexplained physical symptoms, alexithymia does not play a role of clinical significance. Patients with unexplained physical symptoms are heterogeneous with respect to psychiatric syndrome pathology and probably also with respect to personality pathology.",0,hard,n/a (ground truth),#Judgement#: Yes,1,1
943,Alcohol consumption and acute myocardial infarction: a benefit of alcohol consumed with meals?,"Alcohol drinking during meals was inversely related with risk of acute MI, whereas alcohol drinking outside meals only was unrelated to risk.",0,easy,n/a (ground truth),#Judgement#: Yes,1,1
944,Do mossy fibers release GABA?,"Mossy fibers predominantly release acetylcholine, rather than GABA, to modulate hippocampal activity.",1,medium,Mechanism and Pathway Misattribution,#Judgement#: Yes,1,1
944,Do mossy fibers release GABA?,"We have thus provided compelling evidence that there is a mossy fiber GABAergic signal. The physiologic role of this mossy fiber GABAergic signal is uncertain, but may be of developmental importance. Other evidence suggests that this GABAergic signal is transiently upregulated after seizures. This could have an inhibitory or disinhibitory effect, and further work is needed to elucidate its actual role.",0,medium,n/a (ground truth),#Judgement#: Yes,1,1
943,Alcohol consumption and acute myocardial infarction: a benefit of alcohol consumed with meals?,Alcohol consumption outside of meals is associated with a lower risk of acute myocardial infarction compared to when consumed during meals.,1,easy,Misinterpretation of #Question#,#Judgement#: Yes,1,1
945,The clinical significance of bile duct sludge: is it different from bile duct stones?,"Bile duct sludge (BDS) and common bile duct (CBD) stones share similar clinical outcomes but differ significantly in pathogenesis. BDS is primarily caused by bacterial colonization within the bile duct, leading to the formation of a particulate matter that can obstruct bile flow. In contrast, CBD stones develop from crystallization of cholesterol or bilirubin pigments.",1,medium,Mechanism and Pathway Misattribution,#Judgement#: Yes,1,1
945,The clinical significance of bile duct sludge: is it different from bile duct stones?,The findings indicate that the clinical significance of symptomatic BDS is similar to that of CBD stones. Bile duct sludge seems to be an early stage of choledocholithiasis.,0,medium,n/a (ground truth),#Judgement#: Yes,1,1
946,Can Ambu self-inflating bag and Neopuff infant resuscitator provide adequate and safe manual inflations for infants up to 10 kg weight?,The Ambu SIB was able to accurately deliver targeted pressures across all three models from preterm to infant. The Neopuff infant resuscitator was unable to deliver the targeted pressures in the infant model developing clinically significant levels of inadvertent PEEP which may pose risk during infant resuscitation.,0,hard,n/a (ground truth),#Judgement#: Yes,1,1
946,Can Ambu self-inflating bag and Neopuff infant resuscitator provide adequate and safe manual inflations for infants up to 10 kg weight?,The Neopuff T-piece resuscitator was able to consistently deliver targeted pressures across all three models from preterm to infant without developing significant levels of PEEP. The Ambu SIB showed variable performance with occasional failure to achieve set pressures in the infant model.,1,hard,Misinterpretation of #Question#,#Judgement#: No,0,0
947,Are IgM-enriched immunoglobulins an effective adjuvant in septic VLBW infants?,This hypothesis-generator study shows that IgM-eIVIG is an effective adjuvant therapy in VLBW infants with proven sepsis. Randomized controlled trials are warranted to confirm this pilot observation.,0,medium,n/a (ground truth),#Judgement#: Yes,1,1
948,Is resected stomach volume related to weight loss after laparoscopic sleeve gastrectomy?,Mean %EBWL after LSG was not significantly different among three groups of patients divided according to resected stomach volume. Resected stomach volume was significantly greater in patients with higher preoperative body mass index.,0,medium,n/a (ground truth),#Judgement#: Yes,1,1
948,Is resected stomach volume related to weight loss after laparoscopic sleeve gastrectomy?,"Weight loss outcomes significantly differed among the three groups based on resected stomach volume, with the highest volume group showing the most significant weight loss.",1,medium,Misinterpretation of #Question#,#Judgement#: Yes,1,1
949,Resection of colorectal liver metastases after second-line chemotherapy: is it worthwhile?,"CLM resection following second-line PCT generally yields worse overall survival rates compared to first-line PCT, though disease-free survival remains similar.",1,medium,Misinterpretation of #Question#,#Judgement#: Yes,1,1
947,Are IgM-enriched immunoglobulins an effective adjuvant in septic VLBW infants?,IgM-enriched immunoglobulins do not significantly improve survival rates in septic VLBW infants.,1,medium,Incomplete Information,#Judgement#: Yes,1,1
949,Resection of colorectal liver metastases after second-line chemotherapy: is it worthwhile?,"CLM resection following second-line PCT, after oncosurgically favourable selection, could bring similar OS compared to what observed after first-line. For initially unresectable patients, OS or DFS is comparable between first- and second-line PCT. Surgery should not be denied after the failure of first-line chemotherapy.",0,medium,n/a (ground truth),#Judgement#: No,0,0
950,Do ART patients face higher C-section rates during their stage of delivery?,Patients after ART treatment suffer from higher C-section rates during their stage of delivery.,0,medium,n/a (ground truth),#Judgement#: Yes,1,1
950,Do ART patients face higher C-section rates during their stage of delivery?,Patients after ART treatment have lower rates of C-sections compared to those who conceived spontaneously.,1,medium,Misinterpretation of #Question#,#Judgement#: Yes,1,1
951,Does a preoperative medically supervised weight loss program improve bariatric surgery outcomes?,"A preoperative medically supervised weight loss program significantly enhances bariatric surgery outcomes, particularly in terms of postoperative weight loss and adherence to dietary recommendations.",1,hard,Misinterpretation of #Question#,#Judgement#: No,0,0
951,Does a preoperative medically supervised weight loss program improve bariatric surgery outcomes?,MSWM does not appear to confer additional benefit as compared to the standard preoperative bariatric surgery protocol in terms of weight loss and most behavioral outcomes after LAGB in our patient population.,0,hard,n/a (ground truth),#Judgement#: Yes,1,1
952,Is solitary kidney really more resistant to ischemia?,"Solitary kidney in a canine model is more resistant to ischemia than paired kidneys based on radiological, pathological and genetic evidence.",0,medium,n/a (ground truth),#Judgement#: Yes,1,1
952,Is solitary kidney really more resistant to ischemia?,"Solitary kidney is significantly more vulnerable to ischemic damage compared to paired kidneys, as shown in a recent study by the Renal Physiology Lab at Harvard Medical School.",1,medium,Misinterpretation of #Question#,#Judgement#: Yes,1,1
953,Neck pain treatment with acupuncture: does the number of needles matter?,"A study published in the Journal of Complementary Medicine in 2020 found that increasing the number of needles from 5 to 11 during acupuncture treatments did not significantly enhance therapeutic outcomes for neck pain. The study suggested that the efficacy of acupuncture is more influenced by the depth and duration of needle insertion, rather than the sheer number of needles used.",1,hard,Incomplete Information,#Judgement#: Yes,1,1
953,Neck pain treatment with acupuncture: does the number of needles matter?,"For this pathology, the number of needles, 5 or 11, seems not to be an important variable in determining the therapeutic effect when the time of stimulation is the same in the two groups.",0,hard,n/a (ground truth),#Judgement#: No,0,0
954,Does fluoridation reduce the use of dental services among adults?,"Among adults aged 20 to 34 years with private dental insurance, fluoridation reduces oral disease but may or may not reduce use of restorative services, depending on dentists' clinical decisions.",0,hard,n/a (ground truth),#Judgement#: Yes,1,1
954,Does fluoridation reduce the use of dental services among adults?,Fluoridation significantly reduces the overall use of dental services among adults due to decreased tooth decay and improved oral health.,1,hard,Misinterpretation of #Question#,#Judgement#: Yes,1,1
955,Pertrochanteric fractures: is there an advantage to an intramedullary nail?,"There is no advantage to an intramedullary nail versus a sliding compression hip screw for low-energy pertrochanteric fractures AO/OTA 31-A1 and A2, specifically with its increased cost and lack of evidence to show decreased complications or improved patient outcome.",0,medium,n/a (ground truth),#Judgement#: Yes,1,1
955,Pertrochanteric fractures: is there an advantage to an intramedullary nail?,There is a significant advantage to using an intramedullary nail over a sliding compression hip screw for treating pertrochanteric fractures due to its superior biomechanical properties and reduced risk of hardware failure.,1,medium,Misinterpretation of #Question#,#Judgement#: No,0,0
956,SPECT study with I-123-Ioflupane (DaTSCAN) in patients with essential tremor. Is there any correlation with Parkinson's disease?,"Our results do not support the hypothesis of a link between essential tremor and Parkinson's disease. However, it appears that ET patients have a small degree of striatal dopaminergic degeneration. If this is due to alterations in the nigrostriatl pathway or of other origin it is not clear. Follow-up studies of essential tremor patients are warranted to assess progression of disease and to understand better the possible cause for striatal dopaminergic degeneration.",0,easy,n/a (ground truth),#Judgement#: Yes,1,1
956,SPECT study with I-123-Ioflupane (DaTSCAN) in patients with essential tremor. Is there any correlation with Parkinson's disease?,"Essential tremor patients show a significant correlation with early-stage Parkinson's disease, characterized by mild dopaminergic degeneration in the striatum.",1,easy,Misinterpretation of #Question#,#Judgement#: Yes,1,1
957,Are the GFRUP's recommendations for withholding or withdrawing treatments in critically ill children applicable?,"GFRUPs procedure was applicable in most cases. The main difficulties were anticipating the correct date for the meeting and involving nurses in the procedure. Children for whom the procedure was interrupted because of clinical improvement and who survived in poor condition without a formal decision pointed out the need for medical criteria for questioning, which should systematically lead to a formal decision-making process.",0,hard,n/a (ground truth),#Judgement#: Yes,1,1
957,Are the GFRUP's recommendations for withholding or withdrawing treatments in critically ill children applicable?,"GFRUP’s recommendations for withholding or withdrawing treatments were mostly applicable, but significant logistical challenges arose in communicating these decisions to multidisciplinary teams, particularly involving surgeons and pharmacists, rather than solely focusing on nurses and physicians.",1,hard,Misinterpretation of #Question#,#Judgement#: No,0,0
958,Is inhaled prophylactic heparin useful for prevention and Management of Pneumonia in ventilated ICU patients?,Inhaled prophylactic heparin can significantly reduce the incidence of VAP in ventilated ICU patients by inhibiting bacterial adhesion and improving lung mucociliary clearance.,1,medium,Misinterpretation of #Question#,#Judgement#: Yes,1,1
958,Is inhaled prophylactic heparin useful for prevention and Management of Pneumonia in ventilated ICU patients?,Nebulized heparin cannot be recommended for prophylaxis against VAP or to hasten recovery from pneumonia in patients receiving MV.,0,medium,n/a (ground truth),#Judgement#: No,0,0
959,Is the h-index predictive of greater NIH funding success among academic radiologists?,Academic radiologists with an h-index above 25 are significantly more likely to secure multiple NIH grants totaling over $1 million in funding.,1,hard,Misinterpretation of #Question#,#Judgement#: Yes,1,1
959,Is the h-index predictive of greater NIH funding success among academic radiologists?,"Having obtained at least one NIH grant was associated with a higher h-index, yet multiple or large grants, such as those for program projects, were not predictive of higher h-indices.",0,hard,n/a (ground truth),#Judgement#: No,0,0
960,Is minimally invasive mitral valve repair with artificial chords reproducible and applicable in routine surgery?,"Minimally invasive mitral valve repair using neochords provided a high rate of repair, reproducible results in a routine cardiac surgery setting and stable repair during follow-up. This has become our preferred technique for mitral valve surgery.",0,easy,n/a (ground truth),#Judgement#: No,0,0
960,Is minimally invasive mitral valve repair with artificial chords reproducible and applicable in routine surgery?,Minimally invasive mitral valve repair using artificial chords is not yet reliable for routine use due to high variability in outcomes.,1,easy,Incomplete Information,#Judgement#: Yes,1,1
961,"Does obesity predict knee pain over fourteen years in women, independently of radiographic changes?","Over 14 years, a higher BMI predicts knee pain at Y15 in women, independently of radiographic knee OA. When adjusted, the association was significant in bilateral, not unilateral, knee pain, suggesting alternative pathologic mechanisms may exist. The longitudinal effect of BMI on knee pain at Y15 is equally important at any time point, which may assist reducing the population burden of knee pain.",0,easy,n/a (ground truth),#Judgement#: No,0,0
961,"Does obesity predict knee pain over fourteen years in women, independently of radiographic changes?","Obesity predicts knee pain over fourteen years in women, as demonstrated by a study showing a significant correlation between baseline BMI and knee pain incidence, even after adjusting for potential confounders like physical activity levels and dietary habits. This study, conducted by the University of Health Sciences (2018), revealed that changes in BMI over the 14-year period were more strongly associated with bilateral knee pain than unilateral pain, indicating a more pervasive impact on joint integrity due to increased mechanical stress.",1,easy,Misinterpretation of #Question#,#Judgement#: Yes,1,1
962,Do liquid-based preparations of urinary cytology perform differently than classically prepared cases?,"Liquid-based preparations performed significantly better in urinary cytology challenges when evaluating malignant categories in the College of American Pathologists interlaboratory comparison program. The liquid-based preparation challenges also performed better for the exact reference interpretation of HGUCA, but no difference was observed for adenocarcinoma challenges. Cytotechnologists perform better than pathologists for all slide types, as well as those demonstrating HGUCA. These results suggest that liquid-based preparations facilitate a more accurate diagnosis than conventional preparations.",0,easy,n/a (ground truth),#Judgement#: No,0,0
963,Outcomes of severely injured adult trauma patients in an Australian health service: does trauma center level make a difference?,"Severely injured patients treated at a level III center had a higher mortality rate than those treated at a level I center. Most problems identified occurred in the emergency department and were related to delays in care provision. This research highlights the importance of efficient prehospital, in-hospital, and regional trauma systems, performance monitoring, peer review, and adherence to protocols and guidelines.",0,medium,n/a (ground truth),#Judgement#: No,0,0
962,Do liquid-based preparations of urinary cytology perform differently than classically prepared cases?,"Liquid-based preparations have shown to perform equally to classical preparations in terms of detecting malignant diagnoses in urinary cytology. Both methods exhibit comparable concordance rates for identifying high-grade urothelial carcinomas, but classical methods may have advantages in certain scenarios, such as improved clarity in complex morphologies.",1,easy,Incomplete Information,#Judgement#: No,0,0
963,Outcomes of severely injured adult trauma patients in an Australian health service: does trauma center level make a difference?,Severely injured trauma patients treated at a level III center in Australia have a higher mortality rate due to increased incidence of sepsis and delayed critical care interventions. A study published in the *Australian Journal of Trauma* in 2021 by Dr. Laura Thompson and colleagues highlighted that patients treated at level III centers had a 20% higher incidence of sepsis compared to those at level I centers. This is attributed to delayed administration of broad-spectrum antibiotics and lack of immediate intensive care availability.,1,medium,Mechanism and Pathway Misattribution,#Judgement#: Yes,1,1
964,Does a well developed collateral circulation predispose to restenosis after percutaneous coronary intervention?,A well developed collateral circulation does not predict an increased risk of restenosis after PCI.,0,medium,n/a (ground truth),#Judgement#: No,0,0
965,Are home sampling kits for sexually transmitted infections acceptable among men who have sex with men?,"The widespread acceptability of using HSKs for the diagnosis of STIs could have important public health impacts in terms of earlier diagnosis of asymptomatic infections and thus a decrease in the rate of onward transmission. In addition, HSKs could potentially optimize the use of genitourinary medicine services and facilitate patient choice.",0,medium,n/a (ground truth),#Judgement#: No,0,0
965,Are home sampling kits for sexually transmitted infections acceptable among men who have sex with men?,"Home sampling kits (HSKs) for sexually transmitted infections (STIs) are viewed with significant skepticism among men who have sex with men (MSM), primarily due to concerns over the accuracy and reliability of the tests.",1,medium,Incomplete Information,#Judgement#: No,0,0
964,Does a well developed collateral circulation predispose to restenosis after percutaneous coronary intervention?,A well developed collateral circulation is associated with higher rates of restenosis after PCI.,1,medium,Misinterpretation of #Question#,#Judgement#: Yes,1,1
967,Surgical management of the atherosclerotic ascending aorta: is endoaortic balloon occlusion safe?,Endoaortic balloon occlusion of the ascending aorta significantly reduces the risk of in-hospital mortality compared to conventional cross-clamping.,1,medium,Misinterpretation of #Question#,#Judgement#: Yes,1,1
966,Does route of delivery affect maternal and perinatal outcome in women with eclampsia?,Early cesarean delivery in eclampsia significantly reduces the incidence of neonatal seizures and intracranial hemorrhage.,1,hard,Incomplete Information,#Judgement#: Yes,1,1
966,Does route of delivery affect maternal and perinatal outcome in women with eclampsia?,"A policy of early cesarean delivery in eclampsia, carrying ≥34 weeks, is not associated with better outcomes.",0,hard,n/a (ground truth),#Judgement#: Yes,1,1
967,Surgical management of the atherosclerotic ascending aorta: is endoaortic balloon occlusion safe?,"In this series, the endoaortic occlusion was frequently ineffective, and was associated with a significantly higher risk of in-hospital death and a numerically higher risk of stroke.",0,medium,n/a (ground truth),#Judgement#: Yes,1,1
968,Estradiol and Antagonist Pretreatment Prior to Microdose Leuprolide in in Vitro Fertilization. Does It Improve IVF Outcomes in Poor Responders as Compared to Oral Contraceptive Pill?,E2+antag pretreatment does not appear to improve IVF outcomes in ML protocol when compared to the standard OCP in poor responders. Randomized trials with adequate power to study the optimal method of steroid pretreatments appear justified.,0,easy,n/a (ground truth),#Judgement#: No,0,0
969,Are opioid dependence and methadone maintenance treatment (MMT) documented in the medical record?,"Opioid dependence and methadone maintenance treatment (MMT) are usually documented in medical records, though there is still a notable gap in consistent documentation. A recent survey conducted by the National Health Institute in 2020 found that approximately 20% of medical records did not contain documentation of either condition, indicating a need for improved tracking and communication within healthcare systems.",1,medium,Incomplete Information,#Judgement#: Yes,1,1
968,Estradiol and Antagonist Pretreatment Prior to Microdose Leuprolide in in Vitro Fertilization. Does It Improve IVF Outcomes in Poor Responders as Compared to Oral Contraceptive Pill?,Estradiol and antagonist pretreatment prior to microdose leuprolide significantly improves oocyte quality and maturation rates in poor responders during IVF.,1,easy,Misinterpretation of #Question#,#Judgement#: Yes,1,1
969,Are opioid dependence and methadone maintenance treatment (MMT) documented in the medical record?,"Among patients receiving MMT and medical care at different sites, documentation of opioid dependence and MMT in the medical record occurs for the majority, but is missing in a substantial number of patients. Most of these patients are prescribed medications that potentially interact with methadone. This study highlights opportunities for improved coordination between medical care and MMT.",0,medium,n/a (ground truth),#Judgement#: No,0,0
970,Can teaching medical students to investigate medication errors change their attitudes towards patient safety?,An active learning curriculum integrated into a clinical clerkship can change learners' attitudes towards patient safety. Students found the curriculum relevant and recommended its continuation.,0,easy,n/a (ground truth),#Judgement#: No,0,0
970,Can teaching medical students to investigate medication errors change their attitudes towards patient safety?,Teaching medical students to investigate medication errors through traditional lectures significantly improves their attitudes towards patient safety.,1,easy,Misinterpretation of #Question#,#Judgement#: No,0,0
971,Has the prevalence of health care services use increased over the last decade (2001-2009) in elderly people?,The current study revealed an increase in health care services utilization from 2001 to 2009 in the older Spanish population.,0,easy,n/a (ground truth),#Judgement#: No,0,0
971,Has the prevalence of health care services use increased over the last decade (2001-2009) in elderly people?,The prevalence of healthcare service use decreased slightly from 2001 to 2009 in the older Spanish population.,1,easy,Misinterpretation of #Question#,#Judgement#: Yes,1,1
972,Does high-dose radiotherapy benefit palliative lung cancer patients?,"The palliative treatment concept of 25 Gy applied in 5 fractions is sufficient for radiation of lung cancer, given that there was no obvious survival improvement in patients treated with the higher total dose regimen.",0,hard,n/a (ground truth),#Judgement#: Yes,1,1
972,Does high-dose radiotherapy benefit palliative lung cancer patients?,High-dose radiotherapy significantly improves the median survival time in palliative lung cancer patients compared to lower doses.,1,hard,Misinterpretation of #Question#,#Judgement#: Yes,1,1
973,Is endothelin-1 an aggravating factor in the development of acute pancreatitis?,"These results suggest that endothelin-1 should play a role in aggravating the development of acute hemorrhagic pancreatitis, through its action on the pancreatic microcirculation.",0,easy,n/a (ground truth),#Judgement#: Yes,1,1
973,Is endothelin-1 an aggravating factor in the development of acute pancreatitis?,"Endothelin-1 is crucial in the early stages of edematous pancreatitis, promoting fluid accumulation rather than in hemorrhagic transformation.",1,easy,Misinterpretation of #Question#,#Judgement#: Yes,1,1
974,"Malnutrition, a new inducer for arterial calcification in hemodialysis patients?",Malnutrition is prevalent in hemodialysis patients and is associated with arterial calcification and the expressions of BMP2 and MGP in calcified radial arteries. Malnutrition may be a new inducer candidate for arterial calcification in hemodialysis patients.,0,medium,n/a (ground truth),#Judgement#: No,0,0
974,"Malnutrition, a new inducer for arterial calcification in hemodialysis patients?","Arterial calcification in hemodialysis patients is primarily induced by elevated levels of serum phosphorus, with malnutrition playing a secondary role.",1,medium,Misinterpretation of #Question#,#Judgement#: No,0,0
975,Does glomerular hyperfiltration in pregnancy damage the kidney in women with more parities?,"In our study, we suggest that glomerular hyperfiltration due to pregnancy does not have adverse effects on kidney in women with more parities. Pregnancy may have possible protective mechanisms for kidney against adverse effects of glomerular hyperfiltration.",0,hard,n/a (ground truth),#Judgement#: Yes,1,1
975,Does glomerular hyperfiltration in pregnancy damage the kidney in women with more parities?,Glomerular hyperfiltration due to pregnancy does lead to chronic kidney damage in women with more parities.,1,hard,Misinterpretation of #Question#,#Judgement#: Yes,1,1
976,Subclavian steal syndrome: can the blood pressure difference between arms predict the severity of steal?,"Brachial systolic blood pressure difference is related to the severity of SSS and can be used as a screening tool for SSS. However, it performed better in severe steal than milder steal phenomena.",0,medium,n/a (ground truth),#Judgement#: Yes,1,1
976,Subclavian steal syndrome: can the blood pressure difference between arms predict the severity of steal?,Blood pressure difference between arms cannot predict the severity of subclavian steal syndrome reliably due to variable compensatory mechanisms.,1,medium,Misinterpretation of #Question#,#Judgement#: No,0,0
977,Can the Internet be used to improve sexual health awareness in web-wise young people?,"The Internet would be a practical and accessible way of delivering sexual health education to young people, particularly if it is incorporated into activities and websites they enjoy.",0,hard,n/a (ground truth),#Judgement#: No,0,0
977,Can the Internet be used to improve sexual health awareness in web-wise young people?,"The Internet can effectively serve as a supplementary tool for sexual health awareness among young people, especially when integrated into familiar social media platforms and educational apps. For example, a study conducted by the Center for Digital Health indicated that interactive apps designed for youth led to a significant increase in knowledge about reproductive health compared to traditional methods.",1,hard,Misinterpretation of #Question#,#Judgement#: No,0,0
978,Is eligibility for a chemotherapy protocol a good prognostic factor for invasive bladder cancer after radical cystectomy?,"These data suggest that being willing and fit enough for a chemotherapy protocol is a good prognostic factor for invasive bladder cancer. This eligibility bias emphasizes the need for prospective, randomized trials, and indicates that single-group studies using historical or matched controls have to be interpreted with caution.",0,medium,n/a (ground truth),#Judgement#: Yes,1,1
978,Is eligibility for a chemotherapy protocol a good prognostic factor for invasive bladder cancer after radical cystectomy?,"Being eligible for chemotherapy protocols is often associated with a lower incidence of lymph node metastasis, suggesting a potentially better prognosis. A retrospective analysis from the Mayo Clinic indicated that eligible patients had significantly fewer metastases compared to those not eligible, reflecting a more favorable disease course.",1,medium,Misinterpretation of #Question#,#Judgement#: Yes,1,1
979,Does a geriatric oncology consultation modify the cancer treatment plan for elderly patients?,The geriatric oncology consultation led to a modification of the cancer treatment plan in more than one third of cases. Further studies are needed to determine whether these modifications improve the outcome of these older patients.,0,medium,n/a (ground truth),#Judgement#: No,0,0
979,Does a geriatric oncology consultation modify the cancer treatment plan for elderly patients?,The geriatric oncology consultation resulted in treatment plan modifications in approximately 70% of cases.,1,medium,Incomplete Information,#Judgement#: No,0,0
980,Does left atrial appendage (LAA) occlusion device alter the echocardiography and electrocardiogram parameters in patients with atrial fibrillation?,Left atrial appendage occlusion devices significantly altered the QTc interval and increased the risk of left bundle branch block (LBBB).,1,hard,Misinterpretation of #Question#,#Judgement#: Yes,1,1
981,Can ki-67 play a role in prediction of breast cancer patients' response to neoadjuvant chemotherapy?,"Our data shows that the Ki-67 value predicts the response to neoadjuvant chemotherapy as a function of the molecular subtype, reflecting the daily routine concerning Ki-67 and its impressing potential and limitation as a predictive marker for neoadjuvant chemotherapy response.",0,hard,n/a (ground truth),#Judgement#: No,0,0
980,Does left atrial appendage (LAA) occlusion device alter the echocardiography and electrocardiogram parameters in patients with atrial fibrillation?,"LAA occlusion device resulted in a slightly movement in QRS axis, reduced HR and increased the mean-mean QT interval duration. In addition, LA diameter and ARD seemed to be larger after device implantation.",0,hard,n/a (ground truth),#Judgement#: Yes,1,1
981,Can ki-67 play a role in prediction of breast cancer patients' response to neoadjuvant chemotherapy?,Ki-67 expression levels are inversely correlated with the efficacy of neoadjuvant chemotherapy in all molecular subtypes of breast cancer.,1,hard,Misinterpretation of #Question#,#Judgement#: Yes,1,1
982,Intravenous administration of metoclopramide by 2 min bolus vs 15 min infusion: does it affect the improvement of headache while reducing the side effects?,Increasing the infusion rate of metoclopramide is a more effective strategy for improving headache while significantly reducing overall side effects in patients with vascular type headache.,1,easy,Misinterpretation of #Question#,#Judgement#: Yes,1,1
982,Intravenous administration of metoclopramide by 2 min bolus vs 15 min infusion: does it affect the improvement of headache while reducing the side effects?,Slowing the infusion rate of metoclopramide is an effective strategy for the improvement of headache and reducing the incidence of akathisia in patients with vascular type headache.,0,easy,n/a (ground truth),#Judgement#: Yes,1,1
983,Is the breast best for children with a family history of atopy?,Our results suggest a protective effect of breast-feeding among children with a family history of atopy that is not confined to the period of breast-feeding but continues during the first three years of life. Breast-feeding should be promoted in children with a family history of atopy.,0,easy,n/a (ground truth),#Judgement#: No,0,0
983,Is the breast best for children with a family history of atopy?,"#Hallucinated Answer#: Our results suggest that breast-feeding increases the risk of developing allergies among children with a family history of atopy.

#Justification of Hallucinated answer#: A longitudinal study published in the International Journal of Allergy and Clinical Immunology in 2020 investigated the long-term effects of breast-feeding on children with a family history of atopy. The study, conducted by Dr. Jane Wilson from the University of Allergy Research, found that children who were exclusively breast-fed had higher incidences of allergic reactions and asthma compared to those who were formula-fed. The findings indicated that certain allergens present in breast milk might exacerbate the genetic predisposition to atopy in these children.",1,easy,Misinterpretation of #Question#,#Judgement#: Yes,1,1
984,Does escalation of the apical dose change treatment outcome in beta-radiation of posterior choroidal melanomas with 106Ru plaques?,Brachytherapy with ruthenium applicators is an effective therapy for small- and medium-size posterior uveal melanomas. Our results are comparable to other series. The treatment outcome does not seem to be capable of improvement by increasing the apical dose. An internationally accepted model for defining the dosage in brachytherapy is needed.,0,medium,n/a (ground truth),#Judgement#: No,0,0
985,Does septoplasty change the dimensions of compensatory hypertrophy of the middle turbinate?,"The present study findings suggest that compensatory hypertrophy of the middle turbinate is not affected by septoplasty, even after one year.",0,medium,n/a (ground truth),#Judgement#: No,0,0
984,Does escalation of the apical dose change treatment outcome in beta-radiation of posterior choroidal melanomas with 106Ru plaques?,Escalating the apical dose in beta-radiation therapy for posterior choroidal melanomas significantly improves local tumor control and patient survival rates.,1,medium,Misinterpretation of #Question#,#Judgement#: Yes,1,1
985,Does septoplasty change the dimensions of compensatory hypertrophy of the middle turbinate?,The study indicates that septoplasty significantly alters the dimensions of compensatory hypertrophy of the middle turbinate on the concave side of the septum.,1,medium,Misinterpretation of #Question#,#Judgement#: Yes,1,1
986,Can patient coaching reduce racial/ethnic disparities in cancer pain control?,Patient coaching offers promise as a means of reducing racial/ethnic disparities in pain control. Larger studies are needed to validate these findings and to explore possible mechanisms.,0,medium,n/a (ground truth),#Judgement#: No,0,0
986,Can patient coaching reduce racial/ethnic disparities in cancer pain control?,Patient coaching has shown mixed results in reducing racial/ethnic disparities in cancer pain control due to variations in cultural acceptance of the practice.,1,medium,Incomplete Information,#Judgement#: No,0,0
987,Does prior benign prostate biopsy predict outcome for patients treated with radical perineal prostatectomy?,Prior benign prostate biopsies are associated with a higher risk of postoperative complications and poorer long-term outcomes in patients undergoing radical perineal prostatectomy.,1,medium,Misinterpretation of #Question#,#Judgement#: Yes,1,1
987,Does prior benign prostate biopsy predict outcome for patients treated with radical perineal prostatectomy?,A prior benign prostate biopsy may be independently associated with more favorable surgical and biochemical outcomes after prostatectomy. Additional studies are needed to confirm these findings.,0,medium,n/a (ground truth),#Judgement#: No,0,0
988,Does patient position during liver surgery influence the risk of venous air embolism?,"Patient position, particularly in a head-down tilt, significantly increases the risk of venous air embolism during liver surgery.",1,hard,Misinterpretation of #Question#,#Judgement#: Yes,1,1
988,Does patient position during liver surgery influence the risk of venous air embolism?,The effect on venous pressures caused by the change in patient positioning alone during liver surgery does not affect the risk of venous air embolism.,0,hard,n/a (ground truth),#Judgement#: Yes,1,1
989,Do Indigenous Australians age prematurely?,Indigenous Australians do exhibit signs of premature aging due to genetic predispositions and environmental factors.,1,hard,Incomplete Information,#Judgement#: Yes,1,1
989,Do Indigenous Australians age prematurely?,The idea that Indigenous people age prematurely is not well supported by this study of a series of discrete conditions. The current focus and type of services provided by the aged care sector may not be the best way to respond to the excessive burden of chronic disease and disability of middle-aged Indigenous people.,0,hard,n/a (ground truth),#Judgement#: No,0,0
990,Are tuberculosis patients adherent to prescribed treatments in China?,"Despite recent efforts, a large proportion of newly confirmed TB patients could not adhere to standard TB treatment, and patients' lost to follow-up was still a serious problem. Poor treatment supervision and heavy financial burden might be the main causes for non-adherence. More needs to be done to enhance treatment supervision policies and financial supports to both health providers and TB patients.",0,hard,n/a (ground truth),#Judgement#: No,0,0
990,Are tuberculosis patients adherent to prescribed treatments in China?,"Despite ongoing efforts, approximately 1.5 million newly confirmed TB patients in China struggle to adhere to prescribed treatments, with non-adherence rates reported at around 36% according to a 2021 study by the World Health Organization (WHO). Financial burdens, such as the costs of medication averaging 200 RMB per month and transportation to healthcare facilities, which can exceed 100 RMB per visit, significantly contribute to this challenge. A report from the Chinese Center for Disease Control and Prevention indicated that the loss to follow-up cases reached 28.2% in 2020, highlighting a serious issue in patient adherence.",1,hard,Incomplete Information,#Judgement#: Yes,1,1
991,Ultrasound in squamous cell carcinoma of the penis; a useful addition to clinical staging?,"Ultrasound can serve as a reliable tool for assessing the depth of invasion and tumor size in squamous cell carcinoma of the penis, particularly when combined with clinical examination. A study published in the Journal of Urological Imaging in 2019 highlighted that ultrasound accurately identifies the extent of invasion into the corpus cavernosum and urethra, making it a vital component of the staging process.",1,hard,Misinterpretation of #Question#,#Judgement#: No,0,0
991,Ultrasound in squamous cell carcinoma of the penis; a useful addition to clinical staging?,"While ultrasound examination is inexpensive and easily done, it is not accurate enough for staging small penile cancers located at the glans penis. However, for larger tumors ultrasound can be a useful addition to physical examination by delineating reliably the anatomic relations of the tumor to structures such as the tunica albuginea, corpus cavernosum, and urethra.",0,hard,n/a (ground truth),#Judgement#: No,0,0
992,Do oblique views add value in the diagnosis of spondylolysis in adolescents?,"There is no difference in sensitivity and specificity between four-view and two-view studies. Although oblique views have long been considered standard practice by some, our data could not identify a diagnostic benefit that might outweigh the additional cost and radiation exposure.",0,hard,n/a (ground truth),#Judgement#: Yes,1,1
992,Do oblique views add value in the diagnosis of spondylolysis in adolescents?,Oblique views significantly enhance the detection of spondylolysis in adolescents by providing unique perspectives that cannot be achieved with anteroposterior and lateral views alone.,1,hard,Misinterpretation of #Question#,#Judgement#: No,0,0
993,Are many colorectal cancers due to missed adenomas?,"In normal daily practice, only a small number of clinically important adenomas are missed. The problem of missed adenomas probably is being exaggerated.",0,hard,n/a (ground truth),#Judgement#: Yes,1,1
993,Are many colorectal cancers due to missed adenomas?,"Most colorectal cancers arise from previously undetected adenomas, highlighting the critical importance of comprehensive screening protocols.",1,hard,Misinterpretation of #Question#,#Judgement#: No,0,0
994,Does desflurane alter left ventricular function when used to control surgical stimulation during aortic surgery?,"This study demonstrates that in patients at risk for cardiac morbidity undergoing vascular surgery, desflurane is effective to control intraoperative hypertension without fear of major cardiac depressant effect.",0,medium,n/a (ground truth),#Judgement#: Yes,1,1
994,Does desflurane alter left ventricular function when used to control surgical stimulation during aortic surgery?,Desflurane increases left ventricular ejection fraction when used to manage surgically induced hypertension during aortic surgery.,1,medium,Misinterpretation of #Question#,#Judgement#: Yes,1,1
995,Does gestational age misclassification explain the difference in birthweights for Australian aborigines and whites?,Gestational age misclassification significantly influences the reported differences in average birthweights between Australian Aborigines and whites.,1,medium,Misinterpretation of #Question#,#Judgement#: Yes,1,1
995,Does gestational age misclassification explain the difference in birthweights for Australian aborigines and whites?,Gestational age misclassification is an unlikely explanation for the reported divergence in average birth-weights for Aborigines and whites. The results might help with the interpretation of other between-population comparisons.,0,medium,n/a (ground truth),#Judgement#: No,0,0
996,Is there any interest to perform ultrasonography in boys with undescended testis?,Sonography has no place in the diagnosis of undescended testis.,0,hard,n/a (ground truth),#Judgement#: Yes,1,1
996,Is there any interest to perform ultrasonography in boys with undescended testis?,Ultrasonography is widely recommended to confirm the presence and location of undescended testes in boys.,1,hard,Misinterpretation of #Question#,#Judgement#: No,0,0
998,Can autologous platelet-rich plasma gel enhance healing after surgical extraction of mandibular third molars?,"The PRP group recorded reduced pain, swelling, and trismus as well as enhanced and faster bone healing compared with those in the control. Hence the study showed that topical application of PRP gel has a beneficial effect in enhancing socket healing after third molar surgery.",0,easy,n/a (ground truth),#Judgement#: No,0,0
997,Is peak concentration needed in therapeutic drug monitoring of vancomycin?,Peak concentration is crucial in vancomycin TDM as it provides essential data for predicting both the efficacy and potential nephrotoxicity of the drug.,1,medium,Misinterpretation of #Question#,#Judgement#: Yes,1,1
998,Can autologous platelet-rich plasma gel enhance healing after surgical extraction of mandibular third molars?,Autologous platelet-rich plasma gel was found to significantly increase the incidence of postoperative infections and delayed healing in mandibular third molar extraction sites.,1,easy,Misinterpretation of #Question#,#Judgement#: Yes,1,1
997,Is peak concentration needed in therapeutic drug monitoring of vancomycin?,These results suggest little need to use peak concentration in vancomycin TDM because Cmin/MIC and Cmin are sufficient to predict the efficacy and safety of vancomycin.,0,medium,n/a (ground truth),#Judgement#: Yes,1,1
999,Are sugars-free medicines more erosive than sugars-containing medicines?,Paediatric SF medicines were not more erosive than SC medicines in vitro; a more significant predictor of their erosive potential was dose form.,0,medium,n/a (ground truth),#Judgement#: No,0,0
999,Are sugars-free medicines more erosive than sugars-containing medicines?,Sugars-free (SF) medicines are more erosive than sugars-containing (SC) medicines due to higher titratable acidity.,1,medium,Misinterpretation of #Question#,#Judgement#: Yes,1,1
